2026-07-07 13:09:45.091 [background-preinit] INFO  o.h.validator.internal.util.Version - HV000001: Hibernate Validator 8.0.3.Final
2026-07-07 13:09:45.239 [main] INFO  c.i.i.c.DashboardControllerTest - Starting DashboardControllerTest using Java 21.0.10 with PID 12136 (started by Usuario in C:\Users\Usuario\Documents\Tecnisign\UFCD 10790 – Projeto de Programação\incident-management)
2026-07-07 13:09:45.241 [main] DEBUG c.i.i.c.DashboardControllerTest - Running with Spring Boot v3.5.14, Spring v6.2.18
2026-07-07 13:09:45.242 [main] INFO  c.i.i.c.DashboardControllerTest - No active profile set, falling back to 1 default profile: "default"
2026-07-07 13:09:48.710 [main] WARN  o.s.w.c.s.GenericWebApplicationContext - Exception encountered during context initialization - cancelling refresh attempt: org.springframework.beans.factory.UnsatisfiedDependencyException: Error creating bean with name 'jwtAuthenticationFilter' defined in file [C:\Users\Usuario\Documents\Tecnisign\UFCD 10790 – Projeto de Programação\incident-management\target\classes\com\itsm\incidentmanagement\security\filter\JwtAuthenticationFilter.class]: Unsatisfied dependency expressed through constructor parameter 0: No qualifying bean of type 'com.itsm.incidentmanagement.security.service.JwtService' available: expected at least 1 bean which qualifies as autowire candidate. Dependency annotations: {}
2026-07-07 13:09:48.736 [main] INFO  o.s.b.a.l.ConditionEvaluationReportLogger - 

Error starting ApplicationContext. To display the condition evaluation report re-run your application with 'debug' enabled.
2026-07-07 13:09:48.845 [main] ERROR o.s.b.d.LoggingFailureAnalysisReporter - 

***************************
APPLICATION FAILED TO START
***************************

Description:

Parameter 0 of constructor in com.itsm.incidentmanagement.security.filter.JwtAuthenticationFilter required a bean of type 'com.itsm.incidentmanagement.security.service.JwtService' that could not be found.


Action:

Consider defining a bean of type 'com.itsm.incidentmanagement.security.service.JwtService' in your configuration.

2026-07-07 13:09:48.864 [main] WARN  o.s.test.context.TestContextManager - Caught exception while allowing TestExecutionListener [org.springframework.boot.test.mock.mockito.MockitoTestExecutionListener] to prepare test instance [com.itsm.incidentmanagement.controller.DashboardControllerTest@65a86de0]
java.lang.IllegalStateException: Failed to load ApplicationContext for [WebMergedContextConfiguration@727d937a testClass = com.itsm.incidentmanagement.controller.DashboardControllerTest, locations = [], classes = [com.itsm.incidentmanagement.IncidentManagementApplication], contextInitializerClasses = [], activeProfiles = [], propertySourceDescriptors = [], propertySourceProperties = ["org.springframework.boot.test.autoconfigure.web.servlet.WebMvcTestContextBootstrapper=true"], contextCustomizers = [[ImportsContextCustomizer@130901fd key = [org.springframework.boot.autoconfigure.security.oauth2.client.servlet.OAuth2ClientWebSecurityAutoConfiguration, org.springframework.boot.autoconfigure.task.TaskExecutionAutoConfiguration, org.springframework.boot.autoconfigure.cache.CacheAutoConfiguration, org.springframework.boot.autoconfigure.web.servlet.HttpEncodingAutoConfiguration, org.springframework.boot.autoconfigure.validation.ValidationAutoConfiguration, org.springframework.boot.autoconfigure.security.saml2.Saml2RelyingPartyAutoConfiguration, org.springframework.boot.autoconfigure.context.MessageSourceAutoConfiguration, org.springframework.boot.autoconfigure.hateoas.HypermediaAutoConfiguration, org.springframework.boot.autoconfigure.jackson.JacksonAutoConfiguration, org.springframework.boot.autoconfigure.data.web.SpringDataWebAutoConfiguration, org.springframework.boot.test.autoconfigure.web.reactive.WebTestClientAutoConfiguration, org.springframework.boot.autoconfigure.web.servlet.error.ErrorMvcAutoConfiguration, org.springframework.boot.test.autoconfigure.web.servlet.MockMvcAutoConfiguration, org.springframework.boot.autoconfigure.security.servlet.SecurityAutoConfiguration, org.springframework.boot.autoconfigure.security.servlet.SecurityFilterAutoConfiguration, org.springframework.boot.autoconfigure.http.HttpMessageConvertersAutoConfiguration, org.springframework.boot.autoconfigure.security.oauth2.client.OAuth2ClientAutoConfiguration, org.springframework.boot.test.autoconfigure.web.servlet.MockMvcSecurityConfiguration, org.springframework.boot.test.autoconfigure.web.servlet.MockMvcWebClientAutoConfiguration, org.springframework.boot.test.autoconfigure.web.servlet.MockMvcWebDriverAutoConfiguration, org.springframework.boot.autoconfigure.thymeleaf.ThymeleafAutoConfiguration, org.springframework.boot.autoconfigure.gson.GsonAutoConfiguration, org.springframework.boot.autoconfigure.jsonb.JsonbAutoConfiguration, org.springframework.boot.autoconfigure.freemarker.FreeMarkerAutoConfiguration, org.springframework.boot.autoconfigure.web.servlet.WebMvcAutoConfiguration, org.springframework.boot.autoconfigure.security.servlet.UserDetailsServiceAutoConfiguration, org.springframework.boot.autoconfigure.security.oauth2.resource.servlet.OAuth2ResourceServerAutoConfiguration, org.springframework.boot.autoconfigure.groovy.template.GroovyTemplateAutoConfiguration, org.springframework.boot.autoconfigure.mustache.MustacheAutoConfiguration]], org.springframework.boot.test.context.filter.ExcludeFilterContextCustomizer@795fd838, org.springframework.boot.test.json.DuplicateJsonObjectContextCustomizerFactory$DuplicateJsonObjectContextCustomizer@1704f67f, org.springframework.boot.test.mock.mockito.MockitoContextCustomizer@a8271cb8, org.springframework.boot.test.web.reactor.netty.DisableReactorResourceFactoryGlobalResourcesContextCustomizerFactory$DisableReactorResourceFactoryGlobalResourcesContextCustomizerCustomizer@7cab1508, org.springframework.boot.test.autoconfigure.OnFailureConditionReportContextCustomizerFactory$OnFailureConditionReportContextCustomizer@6d171ce0, org.springframework.boot.test.autoconfigure.OverrideAutoConfigurationContextCustomizerFactory$DisableAutoConfigurationContextCustomizer@3bb8aabc, org.springframework.boot.test.autoconfigure.actuate.observability.ObservabilityContextCustomizerFactory$DisableObservabilityContextCustomizer@1f, org.springframework.boot.test.autoconfigure.filter.TypeExcludeFiltersContextCustomizer@662d1c9a, org.springframework.boot.test.autoconfigure.properties.PropertyMappingContextCustomizer@2b610073, org.springframework.boot.test.autoconfigure.web.servlet.WebDriverContextCustomizer@1abc9f14, org.springframework.test.context.support.DynamicPropertiesContextCustomizer@0, org.springframework.boot.test.context.SpringBootTestAnnotation@49a8dd6], resourceBasePath = "src/main/webapp", contextLoader = org.springframework.boot.test.context.SpringBootContextLoader, parent = null]
	at org.springframework.test.context.cache.DefaultCacheAwareContextLoaderDelegate.loadContext(DefaultCacheAwareContextLoaderDelegate.java:180)
	at org.springframework.test.context.support.DefaultTestContext.getApplicationContext(DefaultTestContext.java:130)
	at org.springframework.boot.test.mock.mockito.MockitoTestExecutionListener.postProcessFields(MockitoTestExecutionListener.java:128)
	at org.springframework.boot.test.mock.mockito.MockitoTestExecutionListener.injectFields(MockitoTestExecutionListener.java:112)
	at org.springframework.boot.test.mock.mockito.MockitoTestExecutionListener.prepareTestInstance(MockitoTestExecutionListener.java:69)
	at org.springframework.test.context.TestContextManager.prepareTestInstance(TestContextManager.java:260)
	at org.springframework.test.context.junit.jupiter.SpringExtension.postProcessTestInstance(SpringExtension.java:159)
	at org.junit.jupiter.engine.descriptor.ClassBasedTestDescriptor.lambda$invokeTestInstancePostProcessors$10(ClassBasedTestDescriptor.java:383)
	at org.junit.jupiter.engine.descriptor.ClassBasedTestDescriptor.executeAndMaskThrowable(ClassBasedTestDescriptor.java:388)
	at org.junit.jupiter.engine.descriptor.ClassBasedTestDescriptor.lambda$invokeTestInstancePostProcessors$11(ClassBasedTestDescriptor.java:382)
	at java.base/java.util.stream.ForEachOps$ForEachOp$OfRef.accept(ForEachOps.java:184)
	at java.base/java.util.stream.ReferencePipeline$3$1.accept(ReferencePipeline.java:197)
	at java.base/java.util.stream.ReferencePipeline$2$1.accept(ReferencePipeline.java:179)
	at java.base/java.util.stream.ReferencePipeline$3$1.accept(ReferencePipeline.java:197)
	at java.base/java.util.ArrayList$ArrayListSpliterator.forEachRemaining(ArrayList.java:1708)
	at java.base/java.util.stream.AbstractPipeline.copyInto(AbstractPipeline.java:509)
	at java.base/java.util.stream.AbstractPipeline.wrapAndCopyInto(AbstractPipeline.java:499)
	at java.base/java.util.stream.ForEachOps$ForEachOp.evaluateSequential(ForEachOps.java:151)
	at java.base/java.util.stream.ForEachOps$ForEachOp$OfRef.evaluateSequential(ForEachOps.java:174)
	at java.base/java.util.stream.AbstractPipeline.evaluate(AbstractPipeline.java:234)
	at java.base/java.util.stream.ReferencePipeline.forEach(ReferencePipeline.java:596)
	at org.junit.jupiter.engine.descriptor.ClassBasedTestDescriptor.invokeTestInstancePostProcessors(ClassBasedTestDescriptor.java:382)
	at org.junit.jupiter.engine.descriptor.ClassBasedTestDescriptor.lambda$instantiateAndPostProcessTestInstance$6(ClassBasedTestDescriptor.java:293)
	at org.junit.platform.engine.support.hierarchical.ThrowableCollector.execute(ThrowableCollector.java:73)
	at org.junit.jupiter.engine.descriptor.ClassBasedTestDescriptor.instantiateAndPostProcessTestInstance(ClassBasedTestDescriptor.java:292)
	at org.junit.jupiter.engine.descriptor.ClassBasedTestDescriptor.lambda$testInstancesProvider$4(ClassBasedTestDescriptor.java:281)
	at java.base/java.util.Optional.orElseGet(Optional.java:364)
	at org.junit.jupiter.engine.descriptor.ClassBasedTestDescriptor.lambda$testInstancesProvider$5(ClassBasedTestDescriptor.java:280)
	at org.junit.jupiter.engine.execution.TestInstancesProvider.getTestInstances(TestInstancesProvider.java:27)
	at org.junit.jupiter.engine.descriptor.TestMethodTestDescriptor.lambda$prepare$0(TestMethodTestDescriptor.java:112)
	at org.junit.platform.engine.support.hierarchical.ThrowableCollector.execute(ThrowableCollector.java:73)
	at org.junit.jupiter.engine.descriptor.TestMethodTestDescriptor.prepare(TestMethodTestDescriptor.java:111)
	at org.junit.jupiter.engine.descriptor.TestMethodTestDescriptor.prepare(TestMethodTestDescriptor.java:69)
	at org.junit.platform.engine.support.hierarchical.NodeTestTask.lambda$prepare$2(NodeTestTask.java:128)
	at org.junit.platform.engine.support.hierarchical.ThrowableCollector.execute(ThrowableCollector.java:73)
	at org.junit.platform.engine.support.hierarchical.NodeTestTask.prepare(NodeTestTask.java:128)
	at org.junit.platform.engine.support.hierarchical.NodeTestTask.execute(NodeTestTask.java:95)
	at java.base/java.util.ArrayList.forEach(ArrayList.java:1596)
	at org.junit.platform.engine.support.hierarchical.SameThreadHierarchicalTestExecutorService.invokeAll(SameThreadHierarchicalTestExecutorService.java:41)
	at org.junit.platform.engine.support.hierarchical.NodeTestTask.lambda$executeRecursively$6(NodeTestTask.java:160)
	at org.junit.platform.engine.support.hierarchical.ThrowableCollector.execute(ThrowableCollector.java:73)
	at org.junit.platform.engine.support.hierarchical.NodeTestTask.lambda$executeRecursively$8(NodeTestTask.java:146)
	at org.junit.platform.engine.support.hierarchical.Node.around(Node.java:137)
	at org.junit.platform.engine.support.hierarchical.NodeTestTask.lambda$executeRecursively$9(NodeTestTask.java:144)
	at org.junit.platform.engine.support.hierarchical.ThrowableCollector.execute(ThrowableCollector.java:73)
	at org.junit.platform.engine.support.hierarchical.NodeTestTask.executeRecursively(NodeTestTask.java:143)
	at org.junit.platform.engine.support.hierarchical.NodeTestTask.execute(NodeTestTask.java:100)
	at java.base/java.util.ArrayList.forEach(ArrayList.java:1596)
	at org.junit.platform.engine.support.hierarchical.SameThreadHierarchicalTestExecutorService.invokeAll(SameThreadHierarchicalTestExecutorService.java:41)
	at org.junit.platform.engine.support.hierarchical.NodeTestTask.lambda$executeRecursively$6(NodeTestTask.java:160)
	at org.junit.platform.engine.support.hierarchical.ThrowableCollector.execute(ThrowableCollector.java:73)
	at org.junit.platform.engine.support.hierarchical.NodeTestTask.lambda$executeRecursively$8(NodeTestTask.java:146)
	at org.junit.platform.engine.support.hierarchical.Node.around(Node.java:137)
	at org.junit.platform.engine.support.hierarchical.NodeTestTask.lambda$executeRecursively$9(NodeTestTask.java:144)
	at org.junit.platform.engine.support.hierarchical.ThrowableCollector.execute(ThrowableCollector.java:73)
	at org.junit.platform.engine.support.hierarchical.NodeTestTask.executeRecursively(NodeTestTask.java:143)
	at org.junit.platform.engine.support.hierarchical.NodeTestTask.execute(NodeTestTask.java:100)
	at org.junit.platform.engine.support.hierarchical.SameThreadHierarchicalTestExecutorService.submit(SameThreadHierarchicalTestExecutorService.java:35)
	at org.junit.platform.engine.support.hierarchical.HierarchicalTestExecutor.execute(HierarchicalTestExecutor.java:57)
	at org.junit.platform.engine.support.hierarchical.HierarchicalTestEngine.execute(HierarchicalTestEngine.java:54)
	at org.junit.platform.launcher.core.EngineExecutionOrchestrator.execute(EngineExecutionOrchestrator.java:201)
	at org.junit.platform.launcher.core.EngineExecutionOrchestrator.execute(EngineExecutionOrchestrator.java:170)
	at org.junit.platform.launcher.core.EngineExecutionOrchestrator.execute(EngineExecutionOrchestrator.java:94)
	at org.junit.platform.launcher.core.EngineExecutionOrchestrator.lambda$execute$0(EngineExecutionOrchestrator.java:59)
	at org.junit.platform.launcher.core.EngineExecutionOrchestrator.withInterceptedStreams(EngineExecutionOrchestrator.java:142)
	at org.junit.platform.launcher.core.EngineExecutionOrchestrator.execute(EngineExecutionOrchestrator.java:58)
	at org.junit.platform.launcher.core.DefaultLauncher.execute(DefaultLauncher.java:103)
	at org.junit.platform.launcher.core.DefaultLauncher.execute(DefaultLauncher.java:85)
	at org.junit.platform.launcher.core.DelegatingLauncher.execute(DelegatingLauncher.java:47)
	at org.junit.platform.launcher.core.InterceptingLauncher.lambda$execute$1(InterceptingLauncher.java:39)
	at org.junit.platform.launcher.core.ClasspathAlignmentCheckingLauncherInterceptor.intercept(ClasspathAlignmentCheckingLauncherInterceptor.java:25)
	at org.junit.platform.launcher.core.InterceptingLauncher.execute(InterceptingLauncher.java:38)
	at org.junit.platform.launcher.core.DelegatingLauncher.execute(DelegatingLauncher.java:47)
	at org.apache.maven.surefire.junitplatform.LauncherAdapter.executeWithoutCancellationToken(LauncherAdapter.java:60)
	at org.apache.maven.surefire.junitplatform.LauncherAdapter.execute(LauncherAdapter.java:52)
	at org.apache.maven.surefire.junitplatform.JUnitPlatformProvider.execute(JUnitPlatformProvider.java:203)
	at org.apache.maven.surefire.junitplatform.JUnitPlatformProvider.invokeAllTests(JUnitPlatformProvider.java:168)
	at org.apache.maven.surefire.junitplatform.JUnitPlatformProvider.invoke(JUnitPlatformProvider.java:136)
	at org.apache.maven.surefire.booter.ForkedBooter.runSuitesInProcess(ForkedBooter.java:385)
	at org.apache.maven.surefire.booter.ForkedBooter.execute(ForkedBooter.java:162)
	at org.apache.maven.surefire.booter.ForkedBooter.run(ForkedBooter.java:507)
	at org.apache.maven.surefire.booter.ForkedBooter.main(ForkedBooter.java:495)
Caused by: org.springframework.beans.factory.UnsatisfiedDependencyException: Error creating bean with name 'jwtAuthenticationFilter' defined in file [C:\Users\Usuario\Documents\Tecnisign\UFCD 10790 – Projeto de Programação\incident-management\target\classes\com\itsm\incidentmanagement\security\filter\JwtAuthenticationFilter.class]: Unsatisfied dependency expressed through constructor parameter 0: No qualifying bean of type 'com.itsm.incidentmanagement.security.service.JwtService' available: expected at least 1 bean which qualifies as autowire candidate. Dependency annotations: {}
	at org.springframework.beans.factory.support.ConstructorResolver.createArgumentArray(ConstructorResolver.java:804)
	at org.springframework.beans.factory.support.ConstructorResolver.autowireConstructor(ConstructorResolver.java:240)
	at org.springframework.beans.factory.support.AbstractAutowireCapableBeanFactory.autowireConstructor(AbstractAutowireCapableBeanFactory.java:1395)
	at org.springframework.beans.factory.support.AbstractAutowireCapableBeanFactory.createBeanInstance(AbstractAutowireCapableBeanFactory.java:1232)
	at org.springframework.beans.factory.support.AbstractAutowireCapableBeanFactory.doCreateBean(AbstractAutowireCapableBeanFactory.java:569)
	at org.springframework.beans.factory.support.AbstractAutowireCapableBeanFactory.createBean(AbstractAutowireCapableBeanFactory.java:529)
	at org.springframework.beans.factory.support.AbstractBeanFactory.lambda$doGetBean$0(AbstractBeanFactory.java:339)
	at org.springframework.beans.factory.support.DefaultSingletonBeanRegistry.getSingleton(DefaultSingletonBeanRegistry.java:373)
	at org.springframework.beans.factory.support.AbstractBeanFactory.doGetBean(AbstractBeanFactory.java:337)
	at org.springframework.beans.factory.support.AbstractBeanFactory.getBean(AbstractBeanFactory.java:202)
	at org.springframework.beans.factory.support.DefaultListableBeanFactory.instantiateSingleton(DefaultListableBeanFactory.java:1228)
	at org.springframework.beans.factory.support.DefaultListableBeanFactory.preInstantiateSingleton(DefaultListableBeanFactory.java:1194)
	at org.springframework.beans.factory.support.DefaultListableBeanFactory.preInstantiateSingletons(DefaultListableBeanFactory.java:1130)
	at org.springframework.context.support.AbstractApplicationContext.finishBeanFactoryInitialization(AbstractApplicationContext.java:991)
	at org.springframework.context.support.AbstractApplicationContext.refresh(AbstractApplicationContext.java:628)
	at org.springframework.boot.SpringApplication.refresh(SpringApplication.java:752)
	at org.springframework.boot.SpringApplication.refreshContext(SpringApplication.java:439)
	at org.springframework.boot.SpringApplication.run(SpringApplication.java:318)
	at org.springframework.boot.test.context.SpringBootContextLoader.lambda$loadContext$3(SpringBootContextLoader.java:151)
	at org.springframework.util.function.ThrowingSupplier.get(ThrowingSupplier.java:58)
	at org.springframework.util.function.ThrowingSupplier.get(ThrowingSupplier.java:46)
	at org.springframework.boot.SpringApplication.withHook(SpringApplication.java:1461)
	at org.springframework.boot.test.context.SpringBootContextLoader$ContextLoaderHook.run(SpringBootContextLoader.java:590)
	at org.springframework.boot.test.context.SpringBootContextLoader.loadContext(SpringBootContextLoader.java:151)
	at org.springframework.boot.test.context.SpringBootContextLoader.loadContext(SpringBootContextLoader.java:110)
	at org.springframework.test.context.cache.DefaultCacheAwareContextLoaderDelegate.loadContextInternal(DefaultCacheAwareContextLoaderDelegate.java:225)
	at org.springframework.test.context.cache.DefaultCacheAwareContextLoaderDelegate.loadContext(DefaultCacheAwareContextLoaderDelegate.java:152)
	... 81 common frames omitted
Caused by: org.springframework.beans.factory.NoSuchBeanDefinitionException: No qualifying bean of type 'com.itsm.incidentmanagement.security.service.JwtService' available: expected at least 1 bean which qualifies as autowire candidate. Dependency annotations: {}
	at org.springframework.beans.factory.support.DefaultListableBeanFactory.raiseNoMatchingBeanFound(DefaultListableBeanFactory.java:2315)
	at org.springframework.beans.factory.support.DefaultListableBeanFactory.doResolveDependency(DefaultListableBeanFactory.java:1733)
	at org.springframework.beans.factory.support.DefaultListableBeanFactory.resolveDependency(DefaultListableBeanFactory.java:1653)
	at org.springframework.beans.factory.support.ConstructorResolver.resolveAutowiredArgument(ConstructorResolver.java:913)
	at org.springframework.beans.factory.support.ConstructorResolver.createArgumentArray(ConstructorResolver.java:791)
	... 107 common frames omitted
2026-07-07 13:09:48.994 [main] WARN  o.s.test.context.TestContextManager - Caught exception while allowing TestExecutionListener [org.springframework.boot.test.mock.mockito.MockitoTestExecutionListener] to prepare test instance [com.itsm.incidentmanagement.controller.DashboardControllerTest@4d87553b]
java.lang.IllegalStateException: ApplicationContext failure threshold (1) exceeded: skipping repeated attempt to load context for [WebMergedContextConfiguration@727d937a testClass = com.itsm.incidentmanagement.controller.DashboardControllerTest, locations = [], classes = [com.itsm.incidentmanagement.IncidentManagementApplication], contextInitializerClasses = [], activeProfiles = [], propertySourceDescriptors = [], propertySourceProperties = ["org.springframework.boot.test.autoconfigure.web.servlet.WebMvcTestContextBootstrapper=true"], contextCustomizers = [[ImportsContextCustomizer@130901fd key = [org.springframework.boot.autoconfigure.security.oauth2.client.servlet.OAuth2ClientWebSecurityAutoConfiguration, org.springframework.boot.autoconfigure.task.TaskExecutionAutoConfiguration, org.springframework.boot.autoconfigure.cache.CacheAutoConfiguration, org.springframework.boot.autoconfigure.web.servlet.HttpEncodingAutoConfiguration, org.springframework.boot.autoconfigure.validation.ValidationAutoConfiguration, org.springframework.boot.autoconfigure.security.saml2.Saml2RelyingPartyAutoConfiguration, org.springframework.boot.autoconfigure.context.MessageSourceAutoConfiguration, org.springframework.boot.autoconfigure.hateoas.HypermediaAutoConfiguration, org.springframework.boot.autoconfigure.jackson.JacksonAutoConfiguration, org.springframework.boot.autoconfigure.data.web.SpringDataWebAutoConfiguration, org.springframework.boot.test.autoconfigure.web.reactive.WebTestClientAutoConfiguration, org.springframework.boot.autoconfigure.web.servlet.error.ErrorMvcAutoConfiguration, org.springframework.boot.test.autoconfigure.web.servlet.MockMvcAutoConfiguration, org.springframework.boot.autoconfigure.security.servlet.SecurityAutoConfiguration, org.springframework.boot.autoconfigure.security.servlet.SecurityFilterAutoConfiguration, org.springframework.boot.autoconfigure.http.HttpMessageConvertersAutoConfiguration, org.springframework.boot.autoconfigure.security.oauth2.client.OAuth2ClientAutoConfiguration, org.springframework.boot.test.autoconfigure.web.servlet.MockMvcSecurityConfiguration, org.springframework.boot.test.autoconfigure.web.servlet.MockMvcWebClientAutoConfiguration, org.springframework.boot.test.autoconfigure.web.servlet.MockMvcWebDriverAutoConfiguration, org.springframework.boot.autoconfigure.thymeleaf.ThymeleafAutoConfiguration, org.springframework.boot.autoconfigure.gson.GsonAutoConfiguration, org.springframework.boot.autoconfigure.jsonb.JsonbAutoConfiguration, org.springframework.boot.autoconfigure.freemarker.FreeMarkerAutoConfiguration, org.springframework.boot.autoconfigure.web.servlet.WebMvcAutoConfiguration, org.springframework.boot.autoconfigure.security.servlet.UserDetailsServiceAutoConfiguration, org.springframework.boot.autoconfigure.security.oauth2.resource.servlet.OAuth2ResourceServerAutoConfiguration, org.springframework.boot.autoconfigure.groovy.template.GroovyTemplateAutoConfiguration, org.springframework.boot.autoconfigure.mustache.MustacheAutoConfiguration]], org.springframework.boot.test.context.filter.ExcludeFilterContextCustomizer@795fd838, org.springframework.boot.test.json.DuplicateJsonObjectContextCustomizerFactory$DuplicateJsonObjectContextCustomizer@1704f67f, org.springframework.boot.test.mock.mockito.MockitoContextCustomizer@a8271cb8, org.springframework.boot.test.web.reactor.netty.DisableReactorResourceFactoryGlobalResourcesContextCustomizerFactory$DisableReactorResourceFactoryGlobalResourcesContextCustomizerCustomizer@7cab1508, org.springframework.boot.test.autoconfigure.OnFailureConditionReportContextCustomizerFactory$OnFailureConditionReportContextCustomizer@6d171ce0, org.springframework.boot.test.autoconfigure.OverrideAutoConfigurationContextCustomizerFactory$DisableAutoConfigurationContextCustomizer@3bb8aabc, org.springframework.boot.test.autoconfigure.actuate.observability.ObservabilityContextCustomizerFactory$DisableObservabilityContextCustomizer@1f, org.springframework.boot.test.autoconfigure.filter.TypeExcludeFiltersContextCustomizer@662d1c9a, org.springframework.boot.test.autoconfigure.properties.PropertyMappingContextCustomizer@2b610073, org.springframework.boot.test.autoconfigure.web.servlet.WebDriverContextCustomizer@1abc9f14, org.springframework.test.context.support.DynamicPropertiesContextCustomizer@0, org.springframework.boot.test.context.SpringBootTestAnnotation@49a8dd6], resourceBasePath = "src/main/webapp", contextLoader = org.springframework.boot.test.context.SpringBootContextLoader, parent = null]
	at org.springframework.test.context.cache.DefaultCacheAwareContextLoaderDelegate.loadContext(DefaultCacheAwareContextLoaderDelegate.java:145)
	at org.springframework.test.context.support.DefaultTestContext.getApplicationContext(DefaultTestContext.java:130)
	at org.springframework.boot.test.mock.mockito.MockitoTestExecutionListener.postProcessFields(MockitoTestExecutionListener.java:128)
	at org.springframework.boot.test.mock.mockito.MockitoTestExecutionListener.injectFields(MockitoTestExecutionListener.java:112)
	at org.springframework.boot.test.mock.mockito.MockitoTestExecutionListener.prepareTestInstance(MockitoTestExecutionListener.java:69)
	at org.springframework.test.context.TestContextManager.prepareTestInstance(TestContextManager.java:260)
	at org.springframework.test.context.junit.jupiter.SpringExtension.postProcessTestInstance(SpringExtension.java:159)
	at org.junit.jupiter.engine.descriptor.ClassBasedTestDescriptor.lambda$invokeTestInstancePostProcessors$10(ClassBasedTestDescriptor.java:383)
	at org.junit.jupiter.engine.descriptor.ClassBasedTestDescriptor.executeAndMaskThrowable(ClassBasedTestDescriptor.java:388)
	at org.junit.jupiter.engine.descriptor.ClassBasedTestDescriptor.lambda$invokeTestInstancePostProcessors$11(ClassBasedTestDescriptor.java:382)
	at java.base/java.util.stream.ForEachOps$ForEachOp$OfRef.accept(ForEachOps.java:184)
	at java.base/java.util.stream.ReferencePipeline$3$1.accept(ReferencePipeline.java:197)
	at java.base/java.util.stream.ReferencePipeline$2$1.accept(ReferencePipeline.java:179)
	at java.base/java.util.stream.ReferencePipeline$3$1.accept(ReferencePipeline.java:197)
	at java.base/java.util.ArrayList$ArrayListSpliterator.forEachRemaining(ArrayList.java:1708)
	at java.base/java.util.stream.AbstractPipeline.copyInto(AbstractPipeline.java:509)
	at java.base/java.util.stream.AbstractPipeline.wrapAndCopyInto(AbstractPipeline.java:499)
	at java.base/java.util.stream.ForEachOps$ForEachOp.evaluateSequential(ForEachOps.java:151)
	at java.base/java.util.stream.ForEachOps$ForEachOp$OfRef.evaluateSequential(ForEachOps.java:174)
	at java.base/java.util.stream.AbstractPipeline.evaluate(AbstractPipeline.java:234)
	at java.base/java.util.stream.ReferencePipeline.forEach(ReferencePipeline.java:596)
	at org.junit.jupiter.engine.descriptor.ClassBasedTestDescriptor.invokeTestInstancePostProcessors(ClassBasedTestDescriptor.java:382)
	at org.junit.jupiter.engine.descriptor.ClassBasedTestDescriptor.lambda$instantiateAndPostProcessTestInstance$6(ClassBasedTestDescriptor.java:293)
	at org.junit.platform.engine.support.hierarchical.ThrowableCollector.execute(ThrowableCollector.java:73)
	at org.junit.jupiter.engine.descriptor.ClassBasedTestDescriptor.instantiateAndPostProcessTestInstance(ClassBasedTestDescriptor.java:292)
	at org.junit.jupiter.engine.descriptor.ClassBasedTestDescriptor.lambda$testInstancesProvider$4(ClassBasedTestDescriptor.java:281)
	at java.base/java.util.Optional.orElseGet(Optional.java:364)
	at org.junit.jupiter.engine.descriptor.ClassBasedTestDescriptor.lambda$testInstancesProvider$5(ClassBasedTestDescriptor.java:280)
	at org.junit.jupiter.engine.execution.TestInstancesProvider.getTestInstances(TestInstancesProvider.java:27)
	at org.junit.jupiter.engine.descriptor.TestMethodTestDescriptor.lambda$prepare$0(TestMethodTestDescriptor.java:112)
	at org.junit.platform.engine.support.hierarchical.ThrowableCollector.execute(ThrowableCollector.java:73)
	at org.junit.jupiter.engine.descriptor.TestMethodTestDescriptor.prepare(TestMethodTestDescriptor.java:111)
	at org.junit.jupiter.engine.descriptor.TestMethodTestDescriptor.prepare(TestMethodTestDescriptor.java:69)
	at org.junit.platform.engine.support.hierarchical.NodeTestTask.lambda$prepare$2(NodeTestTask.java:128)
	at org.junit.platform.engine.support.hierarchical.ThrowableCollector.execute(ThrowableCollector.java:73)
	at org.junit.platform.engine.support.hierarchical.NodeTestTask.prepare(NodeTestTask.java:128)
	at org.junit.platform.engine.support.hierarchical.NodeTestTask.execute(NodeTestTask.java:95)
	at java.base/java.util.ArrayList.forEach(ArrayList.java:1596)
	at org.junit.platform.engine.support.hierarchical.SameThreadHierarchicalTestExecutorService.invokeAll(SameThreadHierarchicalTestExecutorService.java:41)
	at org.junit.platform.engine.support.hierarchical.NodeTestTask.lambda$executeRecursively$6(NodeTestTask.java:160)
	at org.junit.platform.engine.support.hierarchical.ThrowableCollector.execute(ThrowableCollector.java:73)
	at org.junit.platform.engine.support.hierarchical.NodeTestTask.lambda$executeRecursively$8(NodeTestTask.java:146)
	at org.junit.platform.engine.support.hierarchical.Node.around(Node.java:137)
	at org.junit.platform.engine.support.hierarchical.NodeTestTask.lambda$executeRecursively$9(NodeTestTask.java:144)
	at org.junit.platform.engine.support.hierarchical.ThrowableCollector.execute(ThrowableCollector.java:73)
	at org.junit.platform.engine.support.hierarchical.NodeTestTask.executeRecursively(NodeTestTask.java:143)
	at org.junit.platform.engine.support.hierarchical.NodeTestTask.execute(NodeTestTask.java:100)
	at java.base/java.util.ArrayList.forEach(ArrayList.java:1596)
	at org.junit.platform.engine.support.hierarchical.SameThreadHierarchicalTestExecutorService.invokeAll(SameThreadHierarchicalTestExecutorService.java:41)
	at org.junit.platform.engine.support.hierarchical.NodeTestTask.lambda$executeRecursively$6(NodeTestTask.java:160)
	at org.junit.platform.engine.support.hierarchical.ThrowableCollector.execute(ThrowableCollector.java:73)
	at org.junit.platform.engine.support.hierarchical.NodeTestTask.lambda$executeRecursively$8(NodeTestTask.java:146)
	at org.junit.platform.engine.support.hierarchical.Node.around(Node.java:137)
	at org.junit.platform.engine.support.hierarchical.NodeTestTask.lambda$executeRecursively$9(NodeTestTask.java:144)
	at org.junit.platform.engine.support.hierarchical.ThrowableCollector.execute(ThrowableCollector.java:73)
	at org.junit.platform.engine.support.hierarchical.NodeTestTask.executeRecursively(NodeTestTask.java:143)
	at org.junit.platform.engine.support.hierarchical.NodeTestTask.execute(NodeTestTask.java:100)
	at org.junit.platform.engine.support.hierarchical.SameThreadHierarchicalTestExecutorService.submit(SameThreadHierarchicalTestExecutorService.java:35)
	at org.junit.platform.engine.support.hierarchical.HierarchicalTestExecutor.execute(HierarchicalTestExecutor.java:57)
	at org.junit.platform.engine.support.hierarchical.HierarchicalTestEngine.execute(HierarchicalTestEngine.java:54)
	at org.junit.platform.launcher.core.EngineExecutionOrchestrator.execute(EngineExecutionOrchestrator.java:201)
	at org.junit.platform.launcher.core.EngineExecutionOrchestrator.execute(EngineExecutionOrchestrator.java:170)
	at org.junit.platform.launcher.core.EngineExecutionOrchestrator.execute(EngineExecutionOrchestrator.java:94)
	at org.junit.platform.launcher.core.EngineExecutionOrchestrator.lambda$execute$0(EngineExecutionOrchestrator.java:59)
	at org.junit.platform.launcher.core.EngineExecutionOrchestrator.withInterceptedStreams(EngineExecutionOrchestrator.java:142)
	at org.junit.platform.launcher.core.EngineExecutionOrchestrator.execute(EngineExecutionOrchestrator.java:58)
	at org.junit.platform.launcher.core.DefaultLauncher.execute(DefaultLauncher.java:103)
	at org.junit.platform.launcher.core.DefaultLauncher.execute(DefaultLauncher.java:85)
	at org.junit.platform.launcher.core.DelegatingLauncher.execute(DelegatingLauncher.java:47)
	at org.junit.platform.launcher.core.InterceptingLauncher.lambda$execute$1(InterceptingLauncher.java:39)
	at org.junit.platform.launcher.core.ClasspathAlignmentCheckingLauncherInterceptor.intercept(ClasspathAlignmentCheckingLauncherInterceptor.java:25)
	at org.junit.platform.launcher.core.InterceptingLauncher.execute(InterceptingLauncher.java:38)
	at org.junit.platform.launcher.core.DelegatingLauncher.execute(DelegatingLauncher.java:47)
	at org.apache.maven.surefire.junitplatform.LauncherAdapter.executeWithoutCancellationToken(LauncherAdapter.java:60)
	at org.apache.maven.surefire.junitplatform.LauncherAdapter.execute(LauncherAdapter.java:52)
	at org.apache.maven.surefire.junitplatform.JUnitPlatformProvider.execute(JUnitPlatformProvider.java:203)
	at org.apache.maven.surefire.junitplatform.JUnitPlatformProvider.invokeAllTests(JUnitPlatformProvider.java:168)
	at org.apache.maven.surefire.junitplatform.JUnitPlatformProvider.invoke(JUnitPlatformProvider.java:136)
	at org.apache.maven.surefire.booter.ForkedBooter.runSuitesInProcess(ForkedBooter.java:385)
	at org.apache.maven.surefire.booter.ForkedBooter.execute(ForkedBooter.java:162)
	at org.apache.maven.surefire.booter.ForkedBooter.run(ForkedBooter.java:507)
	at org.apache.maven.surefire.booter.ForkedBooter.main(ForkedBooter.java:495)
2026-07-07 13:09:49.044 [main] INFO  o.s.t.c.s.AnnotationConfigContextLoaderUtils - Could not detect default configuration classes for test class [com.itsm.incidentmanagement.controller.WebControllerTest]: WebControllerTest does not declare any static, non-private, non-final, nested classes annotated with @Configuration.
2026-07-07 13:09:49.097 [main] INFO  o.s.b.t.c.SpringBootTestContextBootstrapper - Found @SpringBootConfiguration com.itsm.incidentmanagement.IncidentManagementApplication for test class com.itsm.incidentmanagement.controller.WebControllerTest
2026-07-07 13:09:49.244 [main] INFO  c.i.i.controller.WebControllerTest - Starting WebControllerTest using Java 21.0.10 with PID 12136 (started by Usuario in C:\Users\Usuario\Documents\Tecnisign\UFCD 10790 – Projeto de Programação\incident-management)
2026-07-07 13:09:49.244 [main] DEBUG c.i.i.controller.WebControllerTest - Running with Spring Boot v3.5.14, Spring v6.2.18
2026-07-07 13:09:49.245 [main] INFO  c.i.i.controller.WebControllerTest - No active profile set, falling back to 1 default profile: "default"
2026-07-07 13:09:50.116 [main] INFO  c.i.i.controller.WebController - WebController carregado com sucesso
2026-07-07 13:09:50.121 [main] INFO  c.i.i.s.f.JwtAuthenticationFilter - JwtAuthenticationFilter inicializado!
2026-07-07 13:09:50.293 [main] INFO  o.s.b.a.w.s.WelcomePageHandlerMapping - Adding welcome page: class path resource [static/index.html]
2026-07-07 13:09:51.127 [main] WARN  o.s.s.c.a.a.c.InitializeUserDetailsBeanManagerConfigurer$InitializeUserDetailsManagerConfigurer - Found 2 UserDetailsService beans, with names [inMemoryUserDetailsManager, com.itsm.incidentmanagement.security.service.CustomUserDetailsService#0]. Global Authentication Manager will not use a UserDetailsService for username/password login. Consider publishing a single UserDetailsService bean.
2026-07-07 13:09:51.127 [main] DEBUG o.s.s.c.a.a.c.AuthenticationConfiguration$DefaultPasswordEncoderAuthenticationManagerBuilder - No authenticationProviders and no parentAuthenticationManager defined. Returning null.
2026-07-07 13:09:51.439 [main] DEBUG o.s.s.web.DefaultSecurityFilterChain - Will secure any request with filters: DisableEncodeUrlFilter, WebAsyncManagerIntegrationFilter, SecurityContextHolderFilter, HeaderWriterFilter, CsrfFilter, LogoutFilter, UsernamePasswordAuthenticationFilter, DefaultResourcesFilter, DefaultLoginPageGeneratingFilter, DefaultLogoutPageGeneratingFilter, BasicAuthenticationFilter, RequestCacheAwareFilter, SecurityContextHolderAwareRequestFilter, AnonymousAuthenticationFilter, ExceptionTranslationFilter, AuthorizationFilter
2026-07-07 13:09:51.498 [main] WARN  o.s.b.a.s.s.UserDetailsServiceAutoConfiguration - 

Using generated security password: 979b016c-8178-42fe-b08e-7474fb755d20

This generated password is for development use only. Your security configuration must be updated before running your application in production.

2026-07-07 13:09:51.630 [main] DEBUG c.i.i.s.f.JwtAuthenticationFilter - Filter 'jwtAuthenticationFilter' configured for use
2026-07-07 13:09:51.646 [main] INFO  o.s.b.t.m.w.SpringBootMockServletContext - Initializing Spring TestDispatcherServlet ''
2026-07-07 13:09:51.646 [main] INFO  o.s.t.w.s.TestDispatcherServlet - Initializing Servlet ''
2026-07-07 13:09:51.649 [main] INFO  o.s.t.w.s.TestDispatcherServlet - Completed initialization in 2 ms
2026-07-07 13:09:51.711 [main] INFO  c.i.i.controller.WebControllerTest - Started WebControllerTest in 2.598 seconds (process running for 10.446)
2026-07-07 13:09:51.795 [main] DEBUG o.s.s.w.c.HttpSessionSecurityContextRepository - Created HttpSession as SecurityContext is non-default
2026-07-07 13:09:51.796 [main] DEBUG o.s.s.w.c.HttpSessionSecurityContextRepository - Stored SecurityContextImpl [Authentication=UsernamePasswordAuthenticationToken [Principal=org.springframework.security.core.userdetails.User [Username=user, Password=[PROTECTED], Enabled=true, AccountNonExpired=true, CredentialsNonExpired=true, AccountNonLocked=true, Granted Authorities=[ROLE_ADMIN]], Credentials=[PROTECTED], Authenticated=true, Details=null, Granted Authorities=[ROLE_ADMIN]]] to HttpSession [org.springframework.mock.web.MockHttpSession@2db2b708]
2026-07-07 13:09:51.831 [main] DEBUG o.s.security.web.FilterChainProxy - Securing GET /admin/users/new
2026-07-07 13:09:51.852 [main] DEBUG o.s.s.w.c.HttpSessionSecurityContextRepository - Retrieved SecurityContextImpl [Authentication=UsernamePasswordAuthenticationToken [Principal=org.springframework.security.core.userdetails.User [Username=user, Password=[PROTECTED], Enabled=true, AccountNonExpired=true, CredentialsNonExpired=true, AccountNonLocked=true, Granted Authorities=[ROLE_ADMIN]], Credentials=[PROTECTED], Authenticated=true, Details=null, Granted Authorities=[ROLE_ADMIN]]]
2026-07-07 13:09:51.854 [main] DEBUG o.s.security.web.FilterChainProxy - Secured GET /admin/users/new
2026-07-07 13:09:52.611 [main] DEBUG o.s.s.w.c.HttpSessionSecurityContextRepository - Created HttpSession as SecurityContext is non-default
2026-07-07 13:09:52.611 [main] DEBUG o.s.s.w.c.HttpSessionSecurityContextRepository - Stored SecurityContextImpl [Authentication=UsernamePasswordAuthenticationToken [Principal=org.springframework.security.core.userdetails.User [Username=user, Password=[PROTECTED], Enabled=true, AccountNonExpired=true, CredentialsNonExpired=true, AccountNonLocked=true, Granted Authorities=[ROLE_ADMIN]], Credentials=[PROTECTED], Authenticated=true, Details=null, Granted Authorities=[ROLE_ADMIN]]] to HttpSession [org.springframework.mock.web.MockHttpSession@65a5cc92]
2026-07-07 13:09:52.612 [main] DEBUG o.s.security.web.FilterChainProxy - Securing GET /admin/users/edit/1
2026-07-07 13:09:52.612 [main] DEBUG o.s.s.w.c.HttpSessionSecurityContextRepository - Retrieved SecurityContextImpl [Authentication=UsernamePasswordAuthenticationToken [Principal=org.springframework.security.core.userdetails.User [Username=user, Password=[PROTECTED], Enabled=true, AccountNonExpired=true, CredentialsNonExpired=true, AccountNonLocked=true, Granted Authorities=[ROLE_ADMIN]], Credentials=[PROTECTED], Authenticated=true, Details=null, Granted Authorities=[ROLE_ADMIN]]]
2026-07-07 13:09:52.612 [main] DEBUG o.s.security.web.FilterChainProxy - Secured GET /admin/users/edit/1
2026-07-07 13:09:52.696 [main] DEBUG o.s.s.w.c.HttpSessionSecurityContextRepository - Created HttpSession as SecurityContext is non-default
2026-07-07 13:09:52.696 [main] DEBUG o.s.s.w.c.HttpSessionSecurityContextRepository - Stored SecurityContextImpl [Authentication=UsernamePasswordAuthenticationToken [Principal=org.springframework.security.core.userdetails.User [Username=user, Password=[PROTECTED], Enabled=true, AccountNonExpired=true, CredentialsNonExpired=true, AccountNonLocked=true, Granted Authorities=[ROLE_ADMIN]], Credentials=[PROTECTED], Authenticated=true, Details=null, Granted Authorities=[ROLE_ADMIN]]] to HttpSession [org.springframework.mock.web.MockHttpSession@5ccb26a0]
2026-07-07 13:09:52.697 [main] DEBUG o.s.security.web.FilterChainProxy - Securing GET /admin/tickets/new
2026-07-07 13:09:52.697 [main] DEBUG o.s.s.w.c.HttpSessionSecurityContextRepository - Retrieved SecurityContextImpl [Authentication=UsernamePasswordAuthenticationToken [Principal=org.springframework.security.core.userdetails.User [Username=user, Password=[PROTECTED], Enabled=true, AccountNonExpired=true, CredentialsNonExpired=true, AccountNonLocked=true, Granted Authorities=[ROLE_ADMIN]], Credentials=[PROTECTED], Authenticated=true, Details=null, Granted Authorities=[ROLE_ADMIN]]]
2026-07-07 13:09:52.697 [main] DEBUG o.s.security.web.FilterChainProxy - Secured GET /admin/tickets/new
2026-07-07 13:09:52.717 [main] ERROR org.thymeleaf.TemplateEngine - [THYMELEAF][main] Exception processing template "admin/ticket-form": An error happened during template parsing (template: "class path resource [templates/admin/ticket-form.html]")
org.thymeleaf.exceptions.TemplateInputException: An error happened during template parsing (template: "class path resource [templates/admin/ticket-form.html]")
	at org.thymeleaf.templateparser.markup.AbstractMarkupTemplateParser.parse(AbstractMarkupTemplateParser.java:241)
	at org.thymeleaf.templateparser.markup.AbstractMarkupTemplateParser.parseStandalone(AbstractMarkupTemplateParser.java:100)
	at org.thymeleaf.engine.TemplateManager.parseAndProcess(TemplateManager.java:666)
	at org.thymeleaf.TemplateEngine.process(TemplateEngine.java:1103)
	at org.thymeleaf.TemplateEngine.process(TemplateEngine.java:1077)
	at org.thymeleaf.spring6.view.ThymeleafView.renderFragment(ThymeleafView.java:374)
	at org.thymeleaf.spring6.view.ThymeleafView.render(ThymeleafView.java:193)
	at org.springframework.web.servlet.DispatcherServlet.render(DispatcherServlet.java:1438)
	at org.springframework.test.web.servlet.TestDispatcherServlet.render(TestDispatcherServlet.java:138)
	at org.springframework.web.servlet.DispatcherServlet.processDispatchResult(DispatcherServlet.java:1168)
	at org.springframework.web.servlet.DispatcherServlet.doDispatch(DispatcherServlet.java:1106)
	at org.springframework.web.servlet.DispatcherServlet.doService(DispatcherServlet.java:979)
	at org.springframework.web.servlet.FrameworkServlet.processRequest(FrameworkServlet.java:1014)
	at org.springframework.web.servlet.FrameworkServlet.doGet(FrameworkServlet.java:903)
	at jakarta.servlet.http.HttpServlet.service(HttpServlet.java:564)
	at org.springframework.web.servlet.FrameworkServlet.service(FrameworkServlet.java:885)
	at org.springframework.test.web.servlet.TestDispatcherServlet.service(TestDispatcherServlet.java:72)
	at jakarta.servlet.http.HttpServlet.service(HttpServlet.java:658)
	at org.springframework.mock.web.MockFilterChain$ServletFilterProxy.doFilter(MockFilterChain.java:165)
	at org.springframework.mock.web.MockFilterChain.doFilter(MockFilterChain.java:132)
	at com.itsm.incidentmanagement.security.filter.JwtAuthenticationFilter.doFilterInternal(JwtAuthenticationFilter.java:54)
	at org.springframework.web.filter.OncePerRequestFilter.doFilter(OncePerRequestFilter.java:116)
	at org.springframework.test.web.servlet.setup.MockMvcFilterDecorator.doFilter(MockMvcFilterDecorator.java:162)
	at org.springframework.mock.web.MockFilterChain.doFilter(MockFilterChain.java:132)
	at org.springframework.web.filter.CompositeFilter$VirtualFilterChain.doFilter(CompositeFilter.java:108)
	at org.springframework.web.filter.CompositeFilter$VirtualFilterChain.doFilter(CompositeFilter.java:108)
	at org.springframework.security.web.FilterChainProxy.lambda$doFilterInternal$3(FilterChainProxy.java:231)
	at org.springframework.security.web.FilterChainProxy$VirtualFilterChain.doFilter(FilterChainProxy.java:370)
	at org.springframework.security.web.access.intercept.AuthorizationFilter.doFilter(AuthorizationFilter.java:101)
	at org.springframework.security.web.FilterChainProxy$VirtualFilterChain.doFilter(FilterChainProxy.java:379)
	at org.springframework.security.web.access.ExceptionTranslationFilter.doFilter(ExceptionTranslationFilter.java:125)
	at org.springframework.security.web.access.ExceptionTranslationFilter.doFilter(ExceptionTranslationFilter.java:119)
	at org.springframework.security.web.FilterChainProxy$VirtualFilterChain.doFilter(FilterChainProxy.java:379)
	at org.springframework.security.web.authentication.AnonymousAuthenticationFilter.doFilter(AnonymousAuthenticationFilter.java:100)
	at org.springframework.security.web.FilterChainProxy$VirtualFilterChain.doFilter(FilterChainProxy.java:379)
	at org.springframework.security.web.servletapi.SecurityContextHolderAwareRequestFilter.doFilter(SecurityContextHolderAwareRequestFilter.java:179)
	at org.springframework.security.web.FilterChainProxy$VirtualFilterChain.doFilter(FilterChainProxy.java:379)
	at org.springframework.security.web.savedrequest.RequestCacheAwareFilter.doFilter(RequestCacheAwareFilter.java:63)
	at org.springframework.security.web.FilterChainProxy$VirtualFilterChain.doFilter(FilterChainProxy.java:379)
	at org.springframework.security.web.authentication.www.BasicAuthenticationFilter.doFilterInternal(BasicAuthenticationFilter.java:181)
	at org.springframework.web.filter.OncePerRequestFilter.doFilter(OncePerRequestFilter.java:116)
	at org.springframework.security.web.FilterChainProxy$VirtualFilterChain.doFilter(FilterChainProxy.java:379)
	at org.springframework.security.web.authentication.ui.DefaultLogoutPageGeneratingFilter.doFilterInternal(DefaultLogoutPageGeneratingFilter.java:59)
	at org.springframework.web.filter.OncePerRequestFilter.doFilter(OncePerRequestFilter.java:116)
	at org.springframework.security.web.FilterChainProxy$VirtualFilterChain.doFilter(FilterChainProxy.java:379)
	at org.springframework.security.web.authentication.ui.DefaultLoginPageGeneratingFilter.doFilter(DefaultLoginPageGeneratingFilter.java:216)
	at org.springframework.security.web.authentication.ui.DefaultLoginPageGeneratingFilter.doFilter(DefaultLoginPageGeneratingFilter.java:202)
	at org.springframework.security.web.FilterChainProxy$VirtualFilterChain.doFilter(FilterChainProxy.java:379)
	at org.springframework.security.web.authentication.ui.DefaultResourcesFilter.doFilter(DefaultResourcesFilter.java:72)
	at org.springframework.security.web.FilterChainProxy$VirtualFilterChain.doFilter(FilterChainProxy.java:379)
	at org.springframework.security.web.authentication.AbstractAuthenticationProcessingFilter.doFilter(AbstractAuthenticationProcessingFilter.java:235)
	at org.springframework.security.web.authentication.AbstractAuthenticationProcessingFilter.doFilter(AbstractAuthenticationProcessingFilter.java:229)
	at org.springframework.security.web.FilterChainProxy$VirtualFilterChain.doFilter(FilterChainProxy.java:379)
	at org.springframework.security.web.authentication.logout.LogoutFilter.doFilter(LogoutFilter.java:107)
	at org.springframework.security.web.authentication.logout.LogoutFilter.doFilter(LogoutFilter.java:93)
	at org.springframework.security.web.FilterChainProxy$VirtualFilterChain.doFilter(FilterChainProxy.java:379)
	at org.springframework.security.web.csrf.CsrfFilter.doFilterInternal(CsrfFilter.java:117)
	at org.springframework.web.filter.OncePerRequestFilter.doFilter(OncePerRequestFilter.java:116)
	at org.springframework.security.web.FilterChainProxy$VirtualFilterChain.doFilter(FilterChainProxy.java:379)
	at org.springframework.security.web.header.HeaderWriterFilter.doHeadersAfter(HeaderWriterFilter.java:90)
	at org.springframework.security.web.header.HeaderWriterFilter.doFilterInternal(HeaderWriterFilter.java:75)
	at org.springframework.web.filter.OncePerRequestFilter.doFilter(OncePerRequestFilter.java:116)
	at org.springframework.security.web.FilterChainProxy$VirtualFilterChain.doFilter(FilterChainProxy.java:379)
	at org.springframework.security.web.context.SecurityContextHolderFilter.doFilter(SecurityContextHolderFilter.java:82)
	at org.springframework.security.web.context.SecurityContextHolderFilter.doFilter(SecurityContextHolderFilter.java:69)
	at org.springframework.security.web.FilterChainProxy$VirtualFilterChain.doFilter(FilterChainProxy.java:379)
	at org.springframework.security.web.context.request.async.WebAsyncManagerIntegrationFilter.doFilterInternal(WebAsyncManagerIntegrationFilter.java:62)
	at org.springframework.web.filter.OncePerRequestFilter.doFilter(OncePerRequestFilter.java:116)
	at org.springframework.security.web.FilterChainProxy$VirtualFilterChain.doFilter(FilterChainProxy.java:379)
	at org.springframework.security.web.session.DisableEncodeUrlFilter.doFilterInternal(DisableEncodeUrlFilter.java:42)
	at org.springframework.web.filter.OncePerRequestFilter.doFilter(OncePerRequestFilter.java:116)
	at org.springframework.security.web.FilterChainProxy$VirtualFilterChain.doFilter(FilterChainProxy.java:379)
	at org.springframework.security.web.FilterChainProxy.doFilterInternal(FilterChainProxy.java:233)
	at org.springframework.security.web.FilterChainProxy.doFilter(FilterChainProxy.java:191)
	at org.springframework.web.filter.CompositeFilter$VirtualFilterChain.doFilter(CompositeFilter.java:113)
	at org.springframework.web.filter.ServletRequestPathFilter.doFilter(ServletRequestPathFilter.java:52)
	at org.springframework.web.filter.CompositeFilter$VirtualFilterChain.doFilter(CompositeFilter.java:113)
	at org.springframework.web.filter.CompositeFilter.doFilter(CompositeFilter.java:74)
	at org.springframework.security.config.annotation.web.configuration.WebSecurityConfiguration$CompositeFilterChainProxy.doFilter(WebSecurityConfiguration.java:319)
	at org.springframework.web.filter.CompositeFilter$VirtualFilterChain.doFilter(CompositeFilter.java:113)
	at org.springframework.web.servlet.handler.HandlerMappingIntrospector.lambda$createCacheFilter$4(HandlerMappingIntrospector.java:267)
	at org.springframework.web.filter.CompositeFilter$VirtualFilterChain.doFilter(CompositeFilter.java:113)
	at org.springframework.web.filter.CompositeFilter.doFilter(CompositeFilter.java:74)
	at org.springframework.security.config.annotation.web.configuration.WebMvcSecurityConfiguration$CompositeFilterChainProxy.doFilter(WebMvcSecurityConfiguration.java:240)
	at org.springframework.web.filter.DelegatingFilterProxy.invokeDelegate(DelegatingFilterProxy.java:362)
	at org.springframework.web.filter.DelegatingFilterProxy.doFilter(DelegatingFilterProxy.java:278)
	at org.springframework.test.web.servlet.setup.MockMvcFilterDecorator.doFilter(MockMvcFilterDecorator.java:162)
	at org.springframework.mock.web.MockFilterChain.doFilter(MockFilterChain.java:132)
	at org.springframework.web.filter.RequestContextFilter.doFilterInternal(RequestContextFilter.java:100)
	at org.springframework.web.filter.OncePerRequestFilter.doFilter(OncePerRequestFilter.java:116)
	at org.springframework.test.web.servlet.setup.MockMvcFilterDecorator.doFilter(MockMvcFilterDecorator.java:162)
	at org.springframework.mock.web.MockFilterChain.doFilter(MockFilterChain.java:132)
	at org.springframework.web.filter.FormContentFilter.doFilterInternal(FormContentFilter.java:93)
	at org.springframework.web.filter.OncePerRequestFilter.doFilter(OncePerRequestFilter.java:116)
	at org.springframework.test.web.servlet.setup.MockMvcFilterDecorator.doFilter(MockMvcFilterDecorator.java:162)
	at org.springframework.mock.web.MockFilterChain.doFilter(MockFilterChain.java:132)
	at org.springframework.web.filter.CharacterEncodingFilter.doFilterInternal(CharacterEncodingFilter.java:201)
	at org.springframework.web.filter.OncePerRequestFilter.doFilter(OncePerRequestFilter.java:116)
	at org.springframework.test.web.servlet.setup.MockMvcFilterDecorator.doFilter(MockMvcFilterDecorator.java:162)
	at org.springframework.mock.web.MockFilterChain.doFilter(MockFilterChain.java:132)
	at org.springframework.test.web.servlet.MockMvc.perform(MockMvc.java:201)
	at com.itsm.incidentmanagement.controller.WebControllerTest.shouldLoadNewTicketForm(WebControllerTest.java:172)
	at java.base/jdk.internal.reflect.DirectMethodHandleAccessor.invoke(DirectMethodHandleAccessor.java:103)
	at java.base/java.lang.reflect.Method.invoke(Method.java:580)
	at org.junit.platform.commons.util.ReflectionUtils.invokeMethod(ReflectionUtils.java:775)
	at org.junit.platform.commons.support.ReflectionSupport.invokeMethod(ReflectionSupport.java:479)
	at org.junit.jupiter.engine.execution.MethodInvocation.proceed(MethodInvocation.java:60)
	at org.junit.jupiter.engine.execution.InvocationInterceptorChain$ValidatingInvocation.proceed(InvocationInterceptorChain.java:131)
	at org.junit.jupiter.engine.extension.TimeoutExtension.intercept(TimeoutExtension.java:161)
	at org.junit.jupiter.engine.extension.TimeoutExtension.interceptTestableMethod(TimeoutExtension.java:152)
	at org.junit.jupiter.engine.extension.TimeoutExtension.interceptTestMethod(TimeoutExtension.java:91)
	at org.junit.jupiter.engine.execution.InterceptingExecutableInvoker$ReflectiveInterceptorCall.lambda$ofVoidMethod$0(InterceptingExecutableInvoker.java:112)
	at org.junit.jupiter.engine.execution.InterceptingExecutableInvoker.lambda$invoke$0(InterceptingExecutableInvoker.java:94)
	at org.junit.jupiter.engine.execution.InvocationInterceptorChain$InterceptedInvocation.proceed(InvocationInterceptorChain.java:106)
	at org.junit.jupiter.engine.execution.InvocationInterceptorChain.proceed(InvocationInterceptorChain.java:64)
	at org.junit.jupiter.engine.execution.InvocationInterceptorChain.chainAndInvoke(InvocationInterceptorChain.java:45)
	at org.junit.jupiter.engine.execution.InvocationInterceptorChain.invoke(InvocationInterceptorChain.java:37)
	at org.junit.jupiter.engine.execution.InterceptingExecutableInvoker.invoke(InterceptingExecutableInvoker.java:93)
	at org.junit.jupiter.engine.execution.InterceptingExecutableInvoker.invoke(InterceptingExecutableInvoker.java:87)
	at org.junit.jupiter.engine.descriptor.TestMethodTestDescriptor.lambda$invokeTestMethod$7(TestMethodTestDescriptor.java:216)
	at org.junit.platform.engine.support.hierarchical.ThrowableCollector.execute(ThrowableCollector.java:73)
	at org.junit.jupiter.engine.descriptor.TestMethodTestDescriptor.invokeTestMethod(TestMethodTestDescriptor.java:212)
	at org.junit.jupiter.engine.descriptor.TestMethodTestDescriptor.execute(TestMethodTestDescriptor.java:137)
	at org.junit.jupiter.engine.descriptor.TestMethodTestDescriptor.execute(TestMethodTestDescriptor.java:69)
	at org.junit.platform.engine.support.hierarchical.NodeTestTask.lambda$executeRecursively$6(NodeTestTask.java:156)
	at org.junit.platform.engine.support.hierarchical.ThrowableCollector.execute(ThrowableCollector.java:73)
	at org.junit.platform.engine.support.hierarchical.NodeTestTask.lambda$executeRecursively$8(NodeTestTask.java:146)
	at org.junit.platform.engine.support.hierarchical.Node.around(Node.java:137)
	at org.junit.platform.engine.support.hierarchical.NodeTestTask.lambda$executeRecursively$9(NodeTestTask.java:144)
	at org.junit.platform.engine.support.hierarchical.ThrowableCollector.execute(ThrowableCollector.java:73)
	at org.junit.platform.engine.support.hierarchical.NodeTestTask.executeRecursively(NodeTestTask.java:143)
	at org.junit.platform.engine.support.hierarchical.NodeTestTask.execute(NodeTestTask.java:100)
	at java.base/java.util.ArrayList.forEach(ArrayList.java:1596)
	at org.junit.platform.engine.support.hierarchical.SameThreadHierarchicalTestExecutorService.invokeAll(SameThreadHierarchicalTestExecutorService.java:41)
	at org.junit.platform.engine.support.hierarchical.NodeTestTask.lambda$executeRecursively$6(NodeTestTask.java:160)
	at org.junit.platform.engine.support.hierarchical.ThrowableCollector.execute(ThrowableCollector.java:73)
	at org.junit.platform.engine.support.hierarchical.NodeTestTask.lambda$executeRecursively$8(NodeTestTask.java:146)
	at org.junit.platform.engine.support.hierarchical.Node.around(Node.java:137)
	at org.junit.platform.engine.support.hierarchical.NodeTestTask.lambda$executeRecursively$9(NodeTestTask.java:144)
	at org.junit.platform.engine.support.hierarchical.ThrowableCollector.execute(ThrowableCollector.java:73)
	at org.junit.platform.engine.support.hierarchical.NodeTestTask.executeRecursively(NodeTestTask.java:143)
	at org.junit.platform.engine.support.hierarchical.NodeTestTask.execute(NodeTestTask.java:100)
	at java.base/java.util.ArrayList.forEach(ArrayList.java:1596)
	at org.junit.platform.engine.support.hierarchical.SameThreadHierarchicalTestExecutorService.invokeAll(SameThreadHierarchicalTestExecutorService.java:41)
	at org.junit.platform.engine.support.hierarchical.NodeTestTask.lambda$executeRecursively$6(NodeTestTask.java:160)
	at org.junit.platform.engine.support.hierarchical.ThrowableCollector.execute(ThrowableCollector.java:73)
	at org.junit.platform.engine.support.hierarchical.NodeTestTask.lambda$executeRecursively$8(NodeTestTask.java:146)
	at org.junit.platform.engine.support.hierarchical.Node.around(Node.java:137)
	at org.junit.platform.engine.support.hierarchical.NodeTestTask.lambda$executeRecursively$9(NodeTestTask.java:144)
	at org.junit.platform.engine.support.hierarchical.ThrowableCollector.execute(ThrowableCollector.java:73)
	at org.junit.platform.engine.support.hierarchical.NodeTestTask.executeRecursively(NodeTestTask.java:143)
	at org.junit.platform.engine.support.hierarchical.NodeTestTask.execute(NodeTestTask.java:100)
	at org.junit.platform.engine.support.hierarchical.SameThreadHierarchicalTestExecutorService.submit(SameThreadHierarchicalTestExecutorService.java:35)
	at org.junit.platform.engine.support.hierarchical.HierarchicalTestExecutor.execute(HierarchicalTestExecutor.java:57)
	at org.junit.platform.engine.support.hierarchical.HierarchicalTestEngine.execute(HierarchicalTestEngine.java:54)
	at org.junit.platform.launcher.core.EngineExecutionOrchestrator.execute(EngineExecutionOrchestrator.java:201)
	at org.junit.platform.launcher.core.EngineExecutionOrchestrator.execute(EngineExecutionOrchestrator.java:170)
	at org.junit.platform.launcher.core.EngineExecutionOrchestrator.execute(EngineExecutionOrchestrator.java:94)
	at org.junit.platform.launcher.core.EngineExecutionOrchestrator.lambda$execute$0(EngineExecutionOrchestrator.java:59)
	at org.junit.platform.launcher.core.EngineExecutionOrchestrator.withInterceptedStreams(EngineExecutionOrchestrator.java:142)
	at org.junit.platform.launcher.core.EngineExecutionOrchestrator.execute(EngineExecutionOrchestrator.java:58)
	at org.junit.platform.launcher.core.DefaultLauncher.execute(DefaultLauncher.java:103)
	at org.junit.platform.launcher.core.DefaultLauncher.execute(DefaultLauncher.java:85)
	at org.junit.platform.launcher.core.DelegatingLauncher.execute(DelegatingLauncher.java:47)
	at org.junit.platform.launcher.core.InterceptingLauncher.lambda$execute$1(InterceptingLauncher.java:39)
	at org.junit.platform.launcher.core.ClasspathAlignmentCheckingLauncherInterceptor.intercept(ClasspathAlignmentCheckingLauncherInterceptor.java:25)
	at org.junit.platform.launcher.core.InterceptingLauncher.execute(InterceptingLauncher.java:38)
	at org.junit.platform.launcher.core.DelegatingLauncher.execute(DelegatingLauncher.java:47)
	at org.apache.maven.surefire.junitplatform.LauncherAdapter.executeWithoutCancellationToken(LauncherAdapter.java:60)
	at org.apache.maven.surefire.junitplatform.LauncherAdapter.execute(LauncherAdapter.java:52)
	at org.apache.maven.surefire.junitplatform.JUnitPlatformProvider.execute(JUnitPlatformProvider.java:203)
	at org.apache.maven.surefire.junitplatform.JUnitPlatformProvider.invokeAllTests(JUnitPlatformProvider.java:168)
	at org.apache.maven.surefire.junitplatform.JUnitPlatformProvider.invoke(JUnitPlatformProvider.java:136)
	at org.apache.maven.surefire.booter.ForkedBooter.runSuitesInProcess(ForkedBooter.java:385)
	at org.apache.maven.surefire.booter.ForkedBooter.execute(ForkedBooter.java:162)
	at org.apache.maven.surefire.booter.ForkedBooter.run(ForkedBooter.java:507)
	at org.apache.maven.surefire.booter.ForkedBooter.main(ForkedBooter.java:495)
Caused by: org.attoparser.ParseException: Error during execution of processor 'org.thymeleaf.spring6.processor.SpringSelectFieldTagProcessor' (template: "admin/ticket-form" - line 74, col 57)
	at org.attoparser.MarkupParser.parseDocument(MarkupParser.java:393)
	at org.attoparser.MarkupParser.parse(MarkupParser.java:257)
	at org.thymeleaf.templateparser.markup.AbstractMarkupTemplateParser.parse(AbstractMarkupTemplateParser.java:230)
	... 176 common frames omitted
Caused by: org.thymeleaf.exceptions.TemplateProcessingException: Error during execution of processor 'org.thymeleaf.spring6.processor.SpringSelectFieldTagProcessor' (template: "admin/ticket-form" - line 74, col 57)
	at org.thymeleaf.processor.element.AbstractAttributeTagProcessor.doProcess(AbstractAttributeTagProcessor.java:117)
	at org.thymeleaf.processor.element.AbstractElementTagProcessor.process(AbstractElementTagProcessor.java:95)
	at org.thymeleaf.util.ProcessorConfigurationUtils$ElementTagProcessorWrapper.process(ProcessorConfigurationUtils.java:633)
	at org.thymeleaf.engine.ProcessorTemplateHandler.handleOpenElement(ProcessorTemplateHandler.java:1314)
	at org.thymeleaf.engine.TemplateHandlerAdapterMarkupHandler.handleOpenElementEnd(TemplateHandlerAdapterMarkupHandler.java:304)
	at org.thymeleaf.templateparser.markup.InlinedOutputExpressionMarkupHandler$InlineMarkupAdapterPreProcessorHandler.handleOpenElementEnd(InlinedOutputExpressionMarkupHandler.java:278)
	at org.thymeleaf.standard.inline.OutputExpressionInlinePreProcessorHandler.handleOpenElementEnd(OutputExpressionInlinePreProcessorHandler.java:186)
	at org.thymeleaf.templateparser.markup.InlinedOutputExpressionMarkupHandler.handleOpenElementEnd(InlinedOutputExpressionMarkupHandler.java:124)
	at org.attoparser.HtmlElement.handleOpenElementEnd(HtmlElement.java:109)
	at org.attoparser.HtmlMarkupHandler.handleOpenElementEnd(HtmlMarkupHandler.java:297)
	at org.attoparser.MarkupEventProcessorHandler.handleOpenElementEnd(MarkupEventProcessorHandler.java:402)
	at org.attoparser.ParsingElementMarkupUtil.parseOpenElement(ParsingElementMarkupUtil.java:159)
	at org.attoparser.MarkupParser.parseBuffer(MarkupParser.java:710)
	at org.attoparser.MarkupParser.parseDocument(MarkupParser.java:301)
	... 178 common frames omitted
Caused by: java.lang.IllegalStateException: Neither BindingResult nor plain target object for bean name 'tecnico' available as request attribute
	at org.springframework.web.servlet.support.BindStatus.<init>(BindStatus.java:153)
	at org.springframework.web.servlet.support.RequestContext.getBindStatus(RequestContext.java:928)
	at org.thymeleaf.spring6.context.webmvc.SpringWebMvcThymeleafRequestContext.getBindStatus(SpringWebMvcThymeleafRequestContext.java:232)
	at org.thymeleaf.spring6.util.FieldUtils.getBindStatusFromParsedExpression(FieldUtils.java:306)
	at org.thymeleaf.spring6.util.FieldUtils.getBindStatus(FieldUtils.java:253)
	at org.thymeleaf.spring6.util.FieldUtils.getBindStatus(FieldUtils.java:227)
	at org.thymeleaf.spring6.processor.AbstractSpringFieldTagProcessor.doProcess(AbstractSpringFieldTagProcessor.java:174)
	at org.thymeleaf.processor.element.AbstractAttributeTagProcessor.doProcess(AbstractAttributeTagProcessor.java:74)
	... 191 common frames omitted
2026-07-07 13:09:52.743 [main] DEBUG o.s.s.w.c.HttpSessionSecurityContextRepository - Created HttpSession as SecurityContext is non-default
2026-07-07 13:09:52.743 [main] DEBUG o.s.s.w.c.HttpSessionSecurityContextRepository - Stored SecurityContextImpl [Authentication=UsernamePasswordAuthenticationToken [Principal=org.springframework.security.core.userdetails.User [Username=user, Password=[PROTECTED], Enabled=true, AccountNonExpired=true, CredentialsNonExpired=true, AccountNonLocked=true, Granted Authorities=[ROLE_ADMIN]], Credentials=[PROTECTED], Authenticated=true, Details=null, Granted Authorities=[ROLE_ADMIN]]] to HttpSession [org.springframework.mock.web.MockHttpSession@6b1e6f8b]
2026-07-07 13:09:52.744 [main] DEBUG o.s.security.web.FilterChainProxy - Securing GET /admin/tickets/edit/1
2026-07-07 13:09:52.744 [main] DEBUG o.s.s.w.c.HttpSessionSecurityContextRepository - Retrieved SecurityContextImpl [Authentication=UsernamePasswordAuthenticationToken [Principal=org.springframework.security.core.userdetails.User [Username=user, Password=[PROTECTED], Enabled=true, AccountNonExpired=true, CredentialsNonExpired=true, AccountNonLocked=true, Granted Authorities=[ROLE_ADMIN]], Credentials=[PROTECTED], Authenticated=true, Details=null, Granted Authorities=[ROLE_ADMIN]]]
2026-07-07 13:09:52.744 [main] DEBUG o.s.security.web.FilterChainProxy - Secured GET /admin/tickets/edit/1
2026-07-07 13:09:52.868 [main] DEBUG o.s.s.w.c.HttpSessionSecurityContextRepository - Created HttpSession as SecurityContext is non-default
2026-07-07 13:09:52.869 [main] DEBUG o.s.s.w.c.HttpSessionSecurityContextRepository - Stored SecurityContextImpl [Authentication=UsernamePasswordAuthenticationToken [Principal=org.springframework.security.core.userdetails.User [Username=user, Password=[PROTECTED], Enabled=true, AccountNonExpired=true, CredentialsNonExpired=true, AccountNonLocked=true, Granted Authorities=[ROLE_ADMIN]], Credentials=[PROTECTED], Authenticated=true, Details=null, Granted Authorities=[ROLE_ADMIN]]] to HttpSession [org.springframework.mock.web.MockHttpSession@424a32fe]
2026-07-07 13:09:52.870 [main] DEBUG o.s.security.web.FilterChainProxy - Securing GET /admin/users/delete/1
2026-07-07 13:09:52.871 [main] DEBUG o.s.s.w.c.HttpSessionSecurityContextRepository - Retrieved SecurityContextImpl [Authentication=UsernamePasswordAuthenticationToken [Principal=org.springframework.security.core.userdetails.User [Username=user, Password=[PROTECTED], Enabled=true, AccountNonExpired=true, CredentialsNonExpired=true, AccountNonLocked=true, Granted Authorities=[ROLE_ADMIN]], Credentials=[PROTECTED], Authenticated=true, Details=null, Granted Authorities=[ROLE_ADMIN]]]
2026-07-07 13:09:52.871 [main] DEBUG o.s.security.web.FilterChainProxy - Secured GET /admin/users/delete/1
2026-07-07 13:09:52.890 [main] DEBUG o.s.s.w.c.HttpSessionSecurityContextRepository - Created HttpSession as SecurityContext is non-default
2026-07-07 13:09:52.891 [main] DEBUG o.s.s.w.c.HttpSessionSecurityContextRepository - Stored SecurityContextImpl [Authentication=UsernamePasswordAuthenticationToken [Principal=org.springframework.security.core.userdetails.User [Username=user, Password=[PROTECTED], Enabled=true, AccountNonExpired=true, CredentialsNonExpired=true, AccountNonLocked=true, Granted Authorities=[ROLE_ADMIN]], Credentials=[PROTECTED], Authenticated=true, Details=null, Granted Authorities=[ROLE_ADMIN]]] to HttpSession [org.springframework.mock.web.MockHttpSession@1d8f923f]
2026-07-07 13:09:52.891 [main] DEBUG o.s.security.web.FilterChainProxy - Securing GET /admin/technicians/new
2026-07-07 13:09:52.892 [main] DEBUG o.s.s.w.c.HttpSessionSecurityContextRepository - Retrieved SecurityContextImpl [Authentication=UsernamePasswordAuthenticationToken [Principal=org.springframework.security.core.userdetails.User [Username=user, Password=[PROTECTED], Enabled=true, AccountNonExpired=true, CredentialsNonExpired=true, AccountNonLocked=true, Granted Authorities=[ROLE_ADMIN]], Credentials=[PROTECTED], Authenticated=true, Details=null, Granted Authorities=[ROLE_ADMIN]]]
2026-07-07 13:09:52.892 [main] DEBUG o.s.security.web.FilterChainProxy - Secured GET /admin/technicians/new
2026-07-07 13:09:52.914 [main] DEBUG o.s.s.w.c.HttpSessionSecurityContextRepository - Created HttpSession as SecurityContext is non-default
2026-07-07 13:09:52.914 [main] DEBUG o.s.s.w.c.HttpSessionSecurityContextRepository - Stored SecurityContextImpl [Authentication=UsernamePasswordAuthenticationToken [Principal=org.springframework.security.core.userdetails.User [Username=user, Password=[PROTECTED], Enabled=true, AccountNonExpired=true, CredentialsNonExpired=true, AccountNonLocked=true, Granted Authorities=[ROLE_ADMIN]], Credentials=[PROTECTED], Authenticated=true, Details=null, Granted Authorities=[ROLE_ADMIN]]] to HttpSession [org.springframework.mock.web.MockHttpSession@3e7aa2c9]
2026-07-07 13:09:52.915 [main] DEBUG o.s.security.web.FilterChainProxy - Securing GET /admin/technicians
2026-07-07 13:09:52.915 [main] DEBUG o.s.s.w.c.HttpSessionSecurityContextRepository - Retrieved SecurityContextImpl [Authentication=UsernamePasswordAuthenticationToken [Principal=org.springframework.security.core.userdetails.User [Username=user, Password=[PROTECTED], Enabled=true, AccountNonExpired=true, CredentialsNonExpired=true, AccountNonLocked=true, Granted Authorities=[ROLE_ADMIN]], Credentials=[PROTECTED], Authenticated=true, Details=null, Granted Authorities=[ROLE_ADMIN]]]
2026-07-07 13:09:52.915 [main] DEBUG o.s.security.web.FilterChainProxy - Secured GET /admin/technicians
2026-07-07 13:09:52.957 [main] DEBUG o.s.security.web.FilterChainProxy - Securing GET /
2026-07-07 13:09:52.959 [main] DEBUG o.s.s.w.a.AnonymousAuthenticationFilter - Set SecurityContextHolder to anonymous SecurityContext
2026-07-07 13:09:52.963 [main] DEBUG o.s.s.w.s.HttpSessionRequestCache - Saved request http://localhost/?continue to session
2026-07-07 13:09:52.969 [main] DEBUG o.s.s.w.a.DelegatingAuthenticationEntryPoint - Trying to match using And [Not [RequestHeaderRequestMatcher [expectedHeaderName=X-Requested-With, expectedHeaderValue=XMLHttpRequest]], MediaTypeRequestMatcher [contentNegotiationStrategy=org.springframework.web.accept.ContentNegotiationManager@775e3699, matchingMediaTypes=[application/xhtml+xml, image/*, text/html, text/plain], useEquals=false, ignoredMediaTypes=[*/*]]]
2026-07-07 13:09:52.969 [main] DEBUG o.s.s.w.a.DelegatingAuthenticationEntryPoint - Trying to match using Or [RequestHeaderRequestMatcher [expectedHeaderName=X-Requested-With, expectedHeaderValue=XMLHttpRequest], And [Not [MediaTypeRequestMatcher [contentNegotiationStrategy=org.springframework.web.accept.ContentNegotiationManager@775e3699, matchingMediaTypes=[text/html], useEquals=false, ignoredMediaTypes=[]]], MediaTypeRequestMatcher [contentNegotiationStrategy=org.springframework.web.accept.ContentNegotiationManager@775e3699, matchingMediaTypes=[application/atom+xml, application/x-www-form-urlencoded, application/json, application/octet-stream, application/xml, multipart/form-data, text/xml], useEquals=false, ignoredMediaTypes=[*/*]]], MediaTypeRequestMatcher [contentNegotiationStrategy=org.springframework.web.accept.ContentNegotiationManager@775e3699, matchingMediaTypes=[*/*], useEquals=true, ignoredMediaTypes=[]]]
2026-07-07 13:09:52.970 [main] DEBUG o.s.s.w.a.DelegatingAuthenticationEntryPoint - Match found! Executing org.springframework.security.web.authentication.DelegatingAuthenticationEntryPoint@743efe35
2026-07-07 13:09:52.971 [main] DEBUG o.s.s.w.a.DelegatingAuthenticationEntryPoint - Trying to match using RequestHeaderRequestMatcher [expectedHeaderName=X-Requested-With, expectedHeaderValue=XMLHttpRequest]
2026-07-07 13:09:52.971 [main] DEBUG o.s.s.w.a.DelegatingAuthenticationEntryPoint - No match found. Using default entry point org.springframework.security.web.authentication.www.BasicAuthenticationEntryPoint@3c31c0c8
2026-07-07 13:09:52.983 [main] DEBUG o.s.s.w.c.HttpSessionSecurityContextRepository - Created HttpSession as SecurityContext is non-default
2026-07-07 13:09:52.983 [main] DEBUG o.s.s.w.c.HttpSessionSecurityContextRepository - Stored SecurityContextImpl [Authentication=UsernamePasswordAuthenticationToken [Principal=org.springframework.security.core.userdetails.User [Username=user, Password=[PROTECTED], Enabled=true, AccountNonExpired=true, CredentialsNonExpired=true, AccountNonLocked=true, Granted Authorities=[ROLE_ADMIN]], Credentials=[PROTECTED], Authenticated=true, Details=null, Granted Authorities=[ROLE_ADMIN]]] to HttpSession [org.springframework.mock.web.MockHttpSession@7b60846c]
2026-07-07 13:09:52.983 [main] DEBUG o.s.security.web.FilterChainProxy - Securing GET /admin/technicians/delete/1
2026-07-07 13:09:52.984 [main] DEBUG o.s.s.w.c.HttpSessionSecurityContextRepository - Retrieved SecurityContextImpl [Authentication=UsernamePasswordAuthenticationToken [Principal=org.springframework.security.core.userdetails.User [Username=user, Password=[PROTECTED], Enabled=true, AccountNonExpired=true, CredentialsNonExpired=true, AccountNonLocked=true, Granted Authorities=[ROLE_ADMIN]], Credentials=[PROTECTED], Authenticated=true, Details=null, Granted Authorities=[ROLE_ADMIN]]]
2026-07-07 13:09:52.984 [main] DEBUG o.s.security.web.FilterChainProxy - Secured GET /admin/technicians/delete/1
2026-07-07 13:09:52.999 [main] DEBUG o.s.s.w.c.HttpSessionSecurityContextRepository - Created HttpSession as SecurityContext is non-default
2026-07-07 13:09:52.999 [main] DEBUG o.s.s.w.c.HttpSessionSecurityContextRepository - Stored SecurityContextImpl [Authentication=UsernamePasswordAuthenticationToken [Principal=org.springframework.security.core.userdetails.User [Username=user, Password=[PROTECTED], Enabled=true, AccountNonExpired=true, CredentialsNonExpired=true, AccountNonLocked=true, Granted Authorities=[ROLE_ADMIN]], Credentials=[PROTECTED], Authenticated=true, Details=null, Granted Authorities=[ROLE_ADMIN]]] to HttpSession [org.springframework.mock.web.MockHttpSession@68332e0e]
2026-07-07 13:09:53.000 [main] DEBUG o.s.security.web.FilterChainProxy - Securing GET /admin/users
2026-07-07 13:09:53.000 [main] DEBUG o.s.s.w.c.HttpSessionSecurityContextRepository - Retrieved SecurityContextImpl [Authentication=UsernamePasswordAuthenticationToken [Principal=org.springframework.security.core.userdetails.User [Username=user, Password=[PROTECTED], Enabled=true, AccountNonExpired=true, CredentialsNonExpired=true, AccountNonLocked=true, Granted Authorities=[ROLE_ADMIN]], Credentials=[PROTECTED], Authenticated=true, Details=null, Granted Authorities=[ROLE_ADMIN]]]
2026-07-07 13:09:53.000 [main] DEBUG o.s.security.web.FilterChainProxy - Secured GET /admin/users
2026-07-07 13:09:53.038 [main] INFO  o.s.t.c.s.AnnotationConfigContextLoaderUtils - Could not detect default configuration classes for test class [com.itsm.incidentmanagement.IncidentManagementApplicationTests]: IncidentManagementApplicationTests does not declare any static, non-private, non-final, nested classes annotated with @Configuration.
2026-07-07 13:09:53.062 [main] INFO  o.s.b.t.c.SpringBootTestContextBootstrapper - Found @SpringBootConfiguration com.itsm.incidentmanagement.IncidentManagementApplication for test class com.itsm.incidentmanagement.IncidentManagementApplicationTests
2026-07-07 13:09:53.105 [main] INFO  c.i.i.IncidentManagementApplicationTests - Starting IncidentManagementApplicationTests using Java 21.0.10 with PID 12136 (started by Usuario in C:\Users\Usuario\Documents\Tecnisign\UFCD 10790 – Projeto de Programação\incident-management)
2026-07-07 13:09:53.106 [main] DEBUG c.i.i.IncidentManagementApplicationTests - Running with Spring Boot v3.5.14, Spring v6.2.18
2026-07-07 13:09:53.107 [main] INFO  c.i.i.IncidentManagementApplicationTests - No active profile set, falling back to 1 default profile: "default"
2026-07-07 13:09:54.368 [main] INFO  o.s.d.r.c.RepositoryConfigurationDelegate - Bootstrapping Spring Data JPA repositories in DEFAULT mode.
2026-07-07 13:09:54.460 [main] INFO  o.s.d.r.c.RepositoryConfigurationDelegate - Finished Spring Data repository scanning in 77 ms. Found 5 JPA repository interfaces.
2026-07-07 13:09:54.968 [main] INFO  o.h.jpa.internal.util.LogHelper - HHH000204: Processing PersistenceUnitInfo [name: default]
2026-07-07 13:09:55.136 [main] INFO  org.hibernate.Version - HHH000412: Hibernate ORM core version 6.6.49.Final
2026-07-07 13:09:55.219 [main] INFO  o.h.c.i.RegionFactoryInitiator - HHH000026: Second-level cache disabled
2026-07-07 13:09:55.518 [main] INFO  o.s.o.j.p.SpringPersistenceUnitInfo - No LoadTimeWeaver setup: ignoring JPA class transformer
2026-07-07 13:09:55.587 [main] INFO  com.zaxxer.hikari.HikariDataSource - HikariPool-1 - Starting...
2026-07-07 13:09:55.853 [main] INFO  com.zaxxer.hikari.pool.HikariPool - HikariPool-1 - Added connection org.postgresql.jdbc.PgConnection@205f33f3
2026-07-07 13:09:55.859 [main] INFO  com.zaxxer.hikari.HikariDataSource - HikariPool-1 - Start completed.
2026-07-07 13:09:55.959 [main] WARN  org.hibernate.orm.deprecation - HHH90000025: PostgreSQLDialect does not need to be specified explicitly using 'hibernate.dialect' (remove the property setting and it will be selected by default)
2026-07-07 13:09:56.000 [main] INFO  o.hibernate.orm.connections.pooling - HHH10001005: Database info:
	Database JDBC URL [Connecting through datasource 'HikariDataSource (HikariPool-1)']
	Database driver: undefined/unknown
	Database version: 15.18
	Autocommit mode: undefined/unknown
	Isolation level: undefined/unknown
	Minimum pool size: undefined/unknown
	Maximum pool size: undefined/unknown
2026-07-07 13:09:57.779 [main] INFO  o.h.e.t.j.p.i.JtaPlatformInitiator - HHH000489: No JTA platform available (set 'hibernate.transaction.jta.platform' to enable JTA platform integration)
2026-07-07 13:09:58.004 [main] INFO  o.s.o.j.LocalContainerEntityManagerFactoryBean - Initialized JPA EntityManagerFactory for persistence unit 'default'
2026-07-07 13:09:58.556 [main] INFO  c.i.i.s.s.CustomUserDetailsService - CustomUserDetailsService inicializado!
2026-07-07 13:09:58.556 [main] INFO  c.i.i.s.f.JwtAuthenticationFilter - JwtAuthenticationFilter inicializado!
2026-07-07 13:09:58.559 [main] INFO  c.i.i.security.config.SecurityConfig - SecurityConfig inicializado!
2026-07-07 13:09:58.560 [main] DEBUG c.i.i.security.config.SecurityConfig - PasswordEncoder BCrypt criado
2026-07-07 13:09:58.563 [main] INFO  c.i.i.controller.ApiAuthController - ApiAuthController inicializado
2026-07-07 13:09:58.588 [main] INFO  c.i.i.c.CompetenciaWebController - CompetenciaWebController inicializado
2026-07-07 13:09:58.786 [main] DEBUG org.hibernate.SQL - 
    select
        t1_0.id,
        t1_0.carga_trabalho_atual,
        t1_0.disponibilidade,
        t1_0.utilizador_id 
    from
        tecnico t1_0
2026-07-07 13:09:58.845 [main] DEBUG org.hibernate.SQL - 
    select
        u1_0.id,
        u1_0.created_at,
        u1_0.email,
        u1_0.nome,
        u1_0.password_hash,
        u1_0.role,
        u1_0.username 
    from
        utilizador u1_0 
    where
        u1_0.id=?
2026-07-07 13:09:58.862 [main] DEBUG org.hibernate.SQL - 
    select
        u1_0.id,
        u1_0.created_at,
        u1_0.email,
        u1_0.nome,
        u1_0.password_hash,
        u1_0.role,
        u1_0.username 
    from
        utilizador u1_0 
    where
        u1_0.id=?
2026-07-07 13:09:58.866 [main] DEBUG org.hibernate.SQL - 
    select
        c1_0.tecnico_id,
        c1_1.id,
        c1_1.nome 
    from
        tecnico_competencia c1_0 
    join
        competencia c1_1 
            on c1_1.id=c1_0.competencia_id 
    where
        c1_0.tecnico_id=?
2026-07-07 13:09:58.871 [main] DEBUG org.hibernate.SQL - 
    select
        c1_0.tecnico_id,
        c1_1.id,
        c1_1.nome 
    from
        tecnico_competencia c1_0 
    join
        competencia c1_1 
            on c1_1.id=c1_0.competencia_id 
    where
        c1_0.tecnico_id=?
2026-07-07 13:09:58.951 [main] INFO  c.i.i.service.CacheService -    Técnico carregado: Joao Tecnico | Competências: 8
2026-07-07 13:09:58.951 [main] INFO  c.i.i.service.CacheService -    Técnico carregado: Carlos Soares | Competências: 7
2026-07-07 13:09:58.954 [main] DEBUG org.hibernate.SQL - 
    select
        t1_0.id,
        t1_0.aberto_por_id,
        t1_0.ativo_id,
        t1_0.data_abertura,
        t1_0.data_fecho,
        t1_0.descricao,
        t1_0.estado,
        t1_0.prioridade,
        t1_0.tecnico_id,
        t1_0.tipo,
        t1_0.titulo 
    from
        ticket t1_0
2026-07-07 13:09:58.957 [main] DEBUG org.hibernate.SQL - 
    select
        u1_0.id,
        u1_0.created_at,
        u1_0.email,
        u1_0.nome,
        u1_0.password_hash,
        u1_0.role,
        u1_0.username 
    from
        utilizador u1_0 
    where
        u1_0.id=?
2026-07-07 13:09:58.960 [main] DEBUG org.hibernate.SQL - 
    select
        t1_0.id,
        t1_0.carga_trabalho_atual,
        c1_0.tecnico_id,
        c1_1.id,
        c1_1.nome,
        t1_0.disponibilidade,
        t1_0.utilizador_id,
        u1_0.id,
        u1_0.created_at,
        u1_0.email,
        u1_0.nome,
        u1_0.password_hash,
        u1_0.role,
        u1_0.username 
    from
        tecnico t1_0 
    left join
        tecnico_competencia c1_0 
            on t1_0.id=c1_0.tecnico_id 
    left join
        competencia c1_1 
            on c1_1.id=c1_0.competencia_id 
    join
        utilizador u1_0 
            on u1_0.id=t1_0.utilizador_id 
    where
        t1_0.id=?
2026-07-07 13:09:58.968 [main] INFO  c.i.i.service.CacheService - Cache carregado: 2 técnicos, 2 tickets
2026-07-07 13:09:58.999 [main] INFO  c.i.i.controller.WebController - WebController carregado com sucesso
2026-07-07 13:09:59.318 [main] INFO  o.s.b.a.e.web.EndpointLinksResolver - Exposing 3 endpoints beneath base path '/actuator'
2026-07-07 13:09:59.363 [main] WARN  o.s.b.a.o.j.JpaBaseConfiguration$JpaWebConfiguration - spring.jpa.open-in-view is enabled by default. Therefore, database queries may be performed during view rendering. Explicitly configure spring.jpa.open-in-view to disable this warning
2026-07-07 13:09:59.373 [main] INFO  o.s.b.a.w.s.WelcomePageHandlerMapping - Adding welcome page: class path resource [static/index.html]
2026-07-07 13:09:59.509 [main] INFO  o.s.s.c.a.a.c.InitializeUserDetailsBeanManagerConfigurer$InitializeUserDetailsManagerConfigurer - Global AuthenticationManager configured with UserDetailsService bean with name customUserDetailsService
2026-07-07 13:09:59.514 [main] INFO  c.i.i.security.config.SecurityConfig - Modo segurança ativado (JWT + Web)
2026-07-07 13:09:59.580 [main] DEBUG o.s.s.web.DefaultSecurityFilterChain - Will secure any request with filters: DisableEncodeUrlFilter, WebAsyncManagerIntegrationFilter, SecurityContextHolderFilter, HeaderWriterFilter, CorsFilter, CsrfFilter, LogoutFilter, JwtAuthenticationFilter, UsernamePasswordAuthenticationFilter, RequestCacheAwareFilter, SecurityContextHolderAwareRequestFilter, AnonymousAuthenticationFilter, SessionManagementFilter, ExceptionTranslationFilter, AuthorizationFilter
2026-07-07 13:10:00.024 [main] INFO  c.i.i.IncidentManagementApplicationTests - Started IncidentManagementApplicationTests in 6.949 seconds (process running for 18.76)
2026-07-07 13:10:00.213 [main] INFO  AUDIT - TICKET_CREATE | TicketId: 1 | Titulo: Problema de rede | UserId: 9 | Status: ABERTO
2026-07-07 13:10:00.223 [main] ERROR AUDIT - ERROR | Operation: ATRIBUICAO | Message: Erro ao atribuir | Details: Detalhes do erro
2026-07-07 13:10:00.229 [main] INFO  AUDIT - LOGIN | Username: admin | Success: true | IP: 127.0.0.1
2026-07-07 13:10:00.234 [main] INFO  AUDIT - TICKET_STATE_CHANGE | TicketId: 1 | OldState: ABERTO | NewState: EM_CURSO | UserId: 9
2026-07-07 13:10:00.237 [main] INFO  AUDIT - TICKET_ASSIGN | TicketId: 1 | TecnicoId: 1 | AssignedBy: 9
2026-07-07 13:10:00.765 [main] INFO  c.i.i.s.TicketAssignmentService - ========================================
2026-07-07 13:10:00.765 [main] INFO  c.i.i.s.TicketAssignmentService - A atribuir técnico para ticket: Problema de rede
2026-07-07 13:10:00.765 [main] INFO  c.i.i.s.TicketAssignmentService - ========================================
2026-07-07 13:10:00.766 [main] DEBUG c.i.i.s.TicketAssignmentService - Total de técnicos na cache: 2
2026-07-07 13:10:00.766 [main] DEBUG c.i.i.s.TicketAssignmentService - Palavras-chave extraídas: [rede, intermitente, acesso, problema, internet]
2026-07-07 13:10:00.766 [main] DEBUG c.i.i.s.TicketAssignmentService -    Joao Tecnico | Competências: PostgreSQL, Servidores | Carga: 1
2026-07-07 13:10:00.766 [main] DEBUG c.i.i.s.TicketAssignmentService -    Maria Tecnico | Competências: Linux, Redes | Carga: 0
2026-07-07 13:10:00.768 [main] DEBUG c.i.i.s.TicketAssignmentService - Técnicos com competências relevantes: 1
2026-07-07 13:10:00.768 [main] DEBUG c.i.i.s.TicketAssignmentService - Dia atual: TUESDAY | Hora: 13:10:00.768302400
2026-07-07 13:10:00.786 [main] DEBUG c.i.i.s.TicketAssignmentService - Técnicos disponíveis (horário): 0
2026-07-07 13:10:00.786 [main] DEBUG c.i.i.s.TicketAssignmentService - Nenhum técnico disponível no horário atual!
2026-07-07 13:10:00.791 [main] INFO  c.i.i.s.TicketAssignmentService - ========================================
2026-07-07 13:10:00.791 [main] INFO  c.i.i.s.TicketAssignmentService - A atribuir técnico para ticket: Problema de impressora
2026-07-07 13:10:00.791 [main] INFO  c.i.i.s.TicketAssignmentService - ========================================
2026-07-07 13:10:00.791 [main] DEBUG c.i.i.s.TicketAssignmentService - Total de técnicos na cache: 2
2026-07-07 13:10:00.792 [main] DEBUG c.i.i.s.TicketAssignmentService - Palavras-chave extraídas: [imprime, problema, impressora]
2026-07-07 13:10:00.792 [main] DEBUG c.i.i.s.TicketAssignmentService -    Joao Tecnico | Competências: Servidores, PostgreSQL | Carga: 0
2026-07-07 13:10:00.792 [main] DEBUG c.i.i.s.TicketAssignmentService -    Maria Tecnico | Competências: Linux, Redes | Carga: 0
2026-07-07 13:10:00.792 [main] DEBUG c.i.i.s.TicketAssignmentService - Técnicos com competências relevantes: 0
2026-07-07 13:10:00.792 [main] DEBUG c.i.i.s.TicketAssignmentService - Nenhum técnico com competências relevantes!
2026-07-07 13:10:00.799 [main] INFO  c.i.i.s.TicketAssignmentService - ========================================
2026-07-07 13:10:00.800 [main] INFO  c.i.i.s.TicketAssignmentService - A atribuir técnico para ticket: Problema de rede
2026-07-07 13:10:00.800 [main] INFO  c.i.i.s.TicketAssignmentService - ========================================
2026-07-07 13:10:00.800 [main] DEBUG c.i.i.s.TicketAssignmentService - Total de técnicos na cache: 0
2026-07-07 13:10:00.800 [main] DEBUG c.i.i.s.TicketAssignmentService - Nenhum técnico encontrado na cache! A recarregar...
2026-07-07 13:10:00.800 [main] DEBUG c.i.i.s.TicketAssignmentService - Após recarregar: 0 técnicos
2026-07-07 13:10:00.800 [main] DEBUG c.i.i.s.TicketAssignmentService - Continua sem técnicos! Verificar base de dados.
2026-07-07 13:10:00.804 [main] INFO  c.i.i.s.TicketAssignmentService - ========================================
2026-07-07 13:10:00.804 [main] INFO  c.i.i.s.TicketAssignmentService - A atribuir técnico para ticket: Problema de rede
2026-07-07 13:10:00.804 [main] INFO  c.i.i.s.TicketAssignmentService - ========================================
2026-07-07 13:10:00.804 [main] DEBUG c.i.i.s.TicketAssignmentService - Total de técnicos na cache: 2
2026-07-07 13:10:00.804 [main] DEBUG c.i.i.s.TicketAssignmentService - Palavras-chave extraídas: [rede, intermitente, acesso, problema, internet]
2026-07-07 13:10:00.804 [main] DEBUG c.i.i.s.TicketAssignmentService -    Joao Tecnico | Competências: Servidores, PostgreSQL | Carga: 0
2026-07-07 13:10:00.804 [main] DEBUG c.i.i.s.TicketAssignmentService -    Maria Tecnico | Competências: Redes, Linux | Carga: 0
2026-07-07 13:10:00.804 [main] DEBUG c.i.i.s.TicketAssignmentService - Técnicos com competências relevantes: 1
2026-07-07 13:10:00.804 [main] DEBUG c.i.i.s.TicketAssignmentService - Dia atual: TUESDAY | Hora: 13:10:00.804547400
2026-07-07 13:10:00.804 [main] DEBUG c.i.i.s.TicketAssignmentService - Técnicos disponíveis (horário): 0
2026-07-07 13:10:00.805 [main] DEBUG c.i.i.s.TicketAssignmentService - Nenhum técnico disponível no horário atual!
2026-07-07 13:10:00.819 [main] INFO  c.i.i.service.TicketService - AUDIT - Criação de ticket: Teste
2026-07-07 13:10:00.820 [main] ERROR c.i.i.service.TicketService - ❌ Erro no algoritmo de atribuição: Cannot invoke "com.itsm.incidentmanagement.service.TicketAssignmentService.assignTechnician(com.itsm.incidentmanagement.model.entity.Ticket)" because "<local3>.ticketAssignmentService" is null
2026-07-07 13:10:00.822 [main] INFO  c.i.i.service.TicketService - AUDIT - Ticket criado com ID: 1
2026-07-07 13:10:00.840 [main] INFO  c.i.i.service.TicketService - AUDIT - Criação de ticket: Teste
2026-07-07 13:10:00.841 [main] ERROR c.i.i.service.TicketService - ❌ Erro no algoritmo de atribuição: Cannot invoke "com.itsm.incidentmanagement.service.TicketAssignmentService.assignTechnician(com.itsm.incidentmanagement.model.entity.Ticket)" because "<local3>.ticketAssignmentService" is null
2026-07-07 13:10:00.849 [main] INFO  c.i.i.service.TicketService - AUDIT - Atualizando estado do ticket 1 para RESOLVIDO
2026-07-07 13:10:00.850 [main] INFO  c.i.i.service.TicketService - AUDIT - Carga do técnico 1 reduzida para 0
2026-07-07 13:10:00.850 [main] INFO  c.i.i.service.TicketService - AUDIT - Ticket 1 resolvido em 2026-07-07T13:10:00.850805500
2026-07-07 13:10:00.879 [main] ERROR c.i.i.service.UtilizadorService - Erro ao remover utilizador 9: Cannot invoke "com.itsm.incidentmanagement.repository.TecnicoRepository.findByUtilizadorId(java.lang.Long)" because "<local3>.tecnicoRepository" is null
2026-07-07 13:10:00.929 [SpringApplicationShutdownHook] INFO  o.s.o.j.LocalContainerEntityManagerFactoryBean - Closing JPA EntityManagerFactory for persistence unit 'default'
2026-07-07 13:10:01.141 [SpringApplicationShutdownHook] INFO  com.zaxxer.hikari.HikariDataSource - HikariPool-1 - Shutdown initiated...
2026-07-07 13:10:01.151 [SpringApplicationShutdownHook] INFO  com.zaxxer.hikari.HikariDataSource - HikariPool-1 - Shutdown completed.
2026-07-07 13:13:23.561 [background-preinit] INFO  o.h.validator.internal.util.Version - HV000001: Hibernate Validator 8.0.3.Final
2026-07-07 13:13:23.675 [main] INFO  c.i.i.c.DashboardControllerTest - Starting DashboardControllerTest using Java 21.0.10 with PID 23020 (started by Usuario in C:\Users\Usuario\Documents\Tecnisign\UFCD 10790 – Projeto de Programação\incident-management)
2026-07-07 13:13:23.676 [main] DEBUG c.i.i.c.DashboardControllerTest - Running with Spring Boot v3.5.14, Spring v6.2.18
2026-07-07 13:13:23.677 [main] INFO  c.i.i.c.DashboardControllerTest - No active profile set, falling back to 1 default profile: "default"
2026-07-07 13:13:27.011 [main] WARN  o.s.w.c.s.GenericWebApplicationContext - Exception encountered during context initialization - cancelling refresh attempt: org.springframework.beans.factory.UnsatisfiedDependencyException: Error creating bean with name 'jwtAuthenticationFilter' defined in file [C:\Users\Usuario\Documents\Tecnisign\UFCD 10790 – Projeto de Programação\incident-management\target\classes\com\itsm\incidentmanagement\security\filter\JwtAuthenticationFilter.class]: Unsatisfied dependency expressed through constructor parameter 0: No qualifying bean of type 'com.itsm.incidentmanagement.security.service.JwtService' available: expected at least 1 bean which qualifies as autowire candidate. Dependency annotations: {}
2026-07-07 13:13:27.034 [main] INFO  o.s.b.a.l.ConditionEvaluationReportLogger - 

Error starting ApplicationContext. To display the condition evaluation report re-run your application with 'debug' enabled.
2026-07-07 13:13:27.114 [main] ERROR o.s.b.d.LoggingFailureAnalysisReporter - 

***************************
APPLICATION FAILED TO START
***************************

Description:

Parameter 0 of constructor in com.itsm.incidentmanagement.security.filter.JwtAuthenticationFilter required a bean of type 'com.itsm.incidentmanagement.security.service.JwtService' that could not be found.


Action:

Consider defining a bean of type 'com.itsm.incidentmanagement.security.service.JwtService' in your configuration.

2026-07-07 13:13:27.130 [main] WARN  o.s.test.context.TestContextManager - Caught exception while allowing TestExecutionListener [org.springframework.boot.test.mock.mockito.MockitoTestExecutionListener] to prepare test instance [com.itsm.incidentmanagement.controller.DashboardControllerTest@46984524]
java.lang.IllegalStateException: Failed to load ApplicationContext for [WebMergedContextConfiguration@71669835 testClass = com.itsm.incidentmanagement.controller.DashboardControllerTest, locations = [], classes = [com.itsm.incidentmanagement.IncidentManagementApplication], contextInitializerClasses = [], activeProfiles = [], propertySourceDescriptors = [], propertySourceProperties = ["org.springframework.boot.test.autoconfigure.web.servlet.WebMvcTestContextBootstrapper=true"], contextCustomizers = [[ImportsContextCustomizer@727d937a key = [org.springframework.boot.autoconfigure.security.oauth2.client.servlet.OAuth2ClientWebSecurityAutoConfiguration, org.springframework.boot.autoconfigure.task.TaskExecutionAutoConfiguration, org.springframework.boot.autoconfigure.cache.CacheAutoConfiguration, org.springframework.boot.autoconfigure.web.servlet.HttpEncodingAutoConfiguration, org.springframework.boot.autoconfigure.validation.ValidationAutoConfiguration, org.springframework.boot.autoconfigure.security.saml2.Saml2RelyingPartyAutoConfiguration, org.springframework.boot.autoconfigure.context.MessageSourceAutoConfiguration, org.springframework.boot.autoconfigure.hateoas.HypermediaAutoConfiguration, org.springframework.boot.autoconfigure.jackson.JacksonAutoConfiguration, org.springframework.boot.autoconfigure.data.web.SpringDataWebAutoConfiguration, org.springframework.boot.test.autoconfigure.web.reactive.WebTestClientAutoConfiguration, org.springframework.boot.autoconfigure.web.servlet.error.ErrorMvcAutoConfiguration, org.springframework.boot.test.autoconfigure.web.servlet.MockMvcAutoConfiguration, org.springframework.boot.autoconfigure.security.servlet.SecurityAutoConfiguration, org.springframework.boot.autoconfigure.security.servlet.SecurityFilterAutoConfiguration, org.springframework.boot.autoconfigure.http.HttpMessageConvertersAutoConfiguration, org.springframework.boot.autoconfigure.security.oauth2.client.OAuth2ClientAutoConfiguration, org.springframework.boot.test.autoconfigure.web.servlet.MockMvcSecurityConfiguration, org.springframework.boot.test.autoconfigure.web.servlet.MockMvcWebClientAutoConfiguration, org.springframework.boot.test.autoconfigure.web.servlet.MockMvcWebDriverAutoConfiguration, org.springframework.boot.autoconfigure.thymeleaf.ThymeleafAutoConfiguration, org.springframework.boot.autoconfigure.gson.GsonAutoConfiguration, org.springframework.boot.autoconfigure.jsonb.JsonbAutoConfiguration, org.springframework.boot.autoconfigure.freemarker.FreeMarkerAutoConfiguration, org.springframework.boot.autoconfigure.web.servlet.WebMvcAutoConfiguration, org.springframework.boot.autoconfigure.security.servlet.UserDetailsServiceAutoConfiguration, org.springframework.boot.autoconfigure.security.oauth2.resource.servlet.OAuth2ResourceServerAutoConfiguration, org.springframework.boot.autoconfigure.groovy.template.GroovyTemplateAutoConfiguration, org.springframework.boot.autoconfigure.mustache.MustacheAutoConfiguration]], org.springframework.boot.test.context.filter.ExcludeFilterContextCustomizer@795fd838, org.springframework.boot.test.json.DuplicateJsonObjectContextCustomizerFactory$DuplicateJsonObjectContextCustomizer@1704f67f, org.springframework.boot.test.mock.mockito.MockitoContextCustomizer@a8271cb8, org.springframework.boot.test.web.reactor.netty.DisableReactorResourceFactoryGlobalResourcesContextCustomizerFactory$DisableReactorResourceFactoryGlobalResourcesContextCustomizerCustomizer@7cab1508, org.springframework.boot.test.autoconfigure.OnFailureConditionReportContextCustomizerFactory$OnFailureConditionReportContextCustomizer@6d171ce0, org.springframework.boot.test.autoconfigure.OverrideAutoConfigurationContextCustomizerFactory$DisableAutoConfigurationContextCustomizer@3bb8aabc, org.springframework.boot.test.autoconfigure.actuate.observability.ObservabilityContextCustomizerFactory$DisableObservabilityContextCustomizer@1f, org.springframework.boot.test.autoconfigure.filter.TypeExcludeFiltersContextCustomizer@662d1c9a, org.springframework.boot.test.autoconfigure.properties.PropertyMappingContextCustomizer@2b610073, org.springframework.boot.test.autoconfigure.web.servlet.WebDriverContextCustomizer@1abc9f14, org.springframework.test.context.support.DynamicPropertiesContextCustomizer@0, org.springframework.boot.test.context.SpringBootTestAnnotation@49a8dd6], resourceBasePath = "src/main/webapp", contextLoader = org.springframework.boot.test.context.SpringBootContextLoader, parent = null]
	at org.springframework.test.context.cache.DefaultCacheAwareContextLoaderDelegate.loadContext(DefaultCacheAwareContextLoaderDelegate.java:180)
	at org.springframework.test.context.support.DefaultTestContext.getApplicationContext(DefaultTestContext.java:130)
	at org.springframework.boot.test.mock.mockito.MockitoTestExecutionListener.postProcessFields(MockitoTestExecutionListener.java:128)
	at org.springframework.boot.test.mock.mockito.MockitoTestExecutionListener.injectFields(MockitoTestExecutionListener.java:112)
	at org.springframework.boot.test.mock.mockito.MockitoTestExecutionListener.prepareTestInstance(MockitoTestExecutionListener.java:69)
	at org.springframework.test.context.TestContextManager.prepareTestInstance(TestContextManager.java:260)
	at org.springframework.test.context.junit.jupiter.SpringExtension.postProcessTestInstance(SpringExtension.java:159)
	at org.junit.jupiter.engine.descriptor.ClassBasedTestDescriptor.lambda$invokeTestInstancePostProcessors$10(ClassBasedTestDescriptor.java:383)
	at org.junit.jupiter.engine.descriptor.ClassBasedTestDescriptor.executeAndMaskThrowable(ClassBasedTestDescriptor.java:388)
	at org.junit.jupiter.engine.descriptor.ClassBasedTestDescriptor.lambda$invokeTestInstancePostProcessors$11(ClassBasedTestDescriptor.java:382)
	at java.base/java.util.stream.ForEachOps$ForEachOp$OfRef.accept(ForEachOps.java:184)
	at java.base/java.util.stream.ReferencePipeline$3$1.accept(ReferencePipeline.java:197)
	at java.base/java.util.stream.ReferencePipeline$2$1.accept(ReferencePipeline.java:179)
	at java.base/java.util.stream.ReferencePipeline$3$1.accept(ReferencePipeline.java:197)
	at java.base/java.util.ArrayList$ArrayListSpliterator.forEachRemaining(ArrayList.java:1708)
	at java.base/java.util.stream.AbstractPipeline.copyInto(AbstractPipeline.java:509)
	at java.base/java.util.stream.AbstractPipeline.wrapAndCopyInto(AbstractPipeline.java:499)
	at java.base/java.util.stream.ForEachOps$ForEachOp.evaluateSequential(ForEachOps.java:151)
	at java.base/java.util.stream.ForEachOps$ForEachOp$OfRef.evaluateSequential(ForEachOps.java:174)
	at java.base/java.util.stream.AbstractPipeline.evaluate(AbstractPipeline.java:234)
	at java.base/java.util.stream.ReferencePipeline.forEach(ReferencePipeline.java:596)
	at org.junit.jupiter.engine.descriptor.ClassBasedTestDescriptor.invokeTestInstancePostProcessors(ClassBasedTestDescriptor.java:382)
	at org.junit.jupiter.engine.descriptor.ClassBasedTestDescriptor.lambda$instantiateAndPostProcessTestInstance$6(ClassBasedTestDescriptor.java:293)
	at org.junit.platform.engine.support.hierarchical.ThrowableCollector.execute(ThrowableCollector.java:73)
	at org.junit.jupiter.engine.descriptor.ClassBasedTestDescriptor.instantiateAndPostProcessTestInstance(ClassBasedTestDescriptor.java:292)
	at org.junit.jupiter.engine.descriptor.ClassBasedTestDescriptor.lambda$testInstancesProvider$4(ClassBasedTestDescriptor.java:281)
	at java.base/java.util.Optional.orElseGet(Optional.java:364)
	at org.junit.jupiter.engine.descriptor.ClassBasedTestDescriptor.lambda$testInstancesProvider$5(ClassBasedTestDescriptor.java:280)
	at org.junit.jupiter.engine.execution.TestInstancesProvider.getTestInstances(TestInstancesProvider.java:27)
	at org.junit.jupiter.engine.descriptor.TestMethodTestDescriptor.lambda$prepare$0(TestMethodTestDescriptor.java:112)
	at org.junit.platform.engine.support.hierarchical.ThrowableCollector.execute(ThrowableCollector.java:73)
	at org.junit.jupiter.engine.descriptor.TestMethodTestDescriptor.prepare(TestMethodTestDescriptor.java:111)
	at org.junit.jupiter.engine.descriptor.TestMethodTestDescriptor.prepare(TestMethodTestDescriptor.java:69)
	at org.junit.platform.engine.support.hierarchical.NodeTestTask.lambda$prepare$2(NodeTestTask.java:128)
	at org.junit.platform.engine.support.hierarchical.ThrowableCollector.execute(ThrowableCollector.java:73)
	at org.junit.platform.engine.support.hierarchical.NodeTestTask.prepare(NodeTestTask.java:128)
	at org.junit.platform.engine.support.hierarchical.NodeTestTask.execute(NodeTestTask.java:95)
	at java.base/java.util.ArrayList.forEach(ArrayList.java:1596)
	at org.junit.platform.engine.support.hierarchical.SameThreadHierarchicalTestExecutorService.invokeAll(SameThreadHierarchicalTestExecutorService.java:41)
	at org.junit.platform.engine.support.hierarchical.NodeTestTask.lambda$executeRecursively$6(NodeTestTask.java:160)
	at org.junit.platform.engine.support.hierarchical.ThrowableCollector.execute(ThrowableCollector.java:73)
	at org.junit.platform.engine.support.hierarchical.NodeTestTask.lambda$executeRecursively$8(NodeTestTask.java:146)
	at org.junit.platform.engine.support.hierarchical.Node.around(Node.java:137)
	at org.junit.platform.engine.support.hierarchical.NodeTestTask.lambda$executeRecursively$9(NodeTestTask.java:144)
	at org.junit.platform.engine.support.hierarchical.ThrowableCollector.execute(ThrowableCollector.java:73)
	at org.junit.platform.engine.support.hierarchical.NodeTestTask.executeRecursively(NodeTestTask.java:143)
	at org.junit.platform.engine.support.hierarchical.NodeTestTask.execute(NodeTestTask.java:100)
	at java.base/java.util.ArrayList.forEach(ArrayList.java:1596)
	at org.junit.platform.engine.support.hierarchical.SameThreadHierarchicalTestExecutorService.invokeAll(SameThreadHierarchicalTestExecutorService.java:41)
	at org.junit.platform.engine.support.hierarchical.NodeTestTask.lambda$executeRecursively$6(NodeTestTask.java:160)
	at org.junit.platform.engine.support.hierarchical.ThrowableCollector.execute(ThrowableCollector.java:73)
	at org.junit.platform.engine.support.hierarchical.NodeTestTask.lambda$executeRecursively$8(NodeTestTask.java:146)
	at org.junit.platform.engine.support.hierarchical.Node.around(Node.java:137)
	at org.junit.platform.engine.support.hierarchical.NodeTestTask.lambda$executeRecursively$9(NodeTestTask.java:144)
	at org.junit.platform.engine.support.hierarchical.ThrowableCollector.execute(ThrowableCollector.java:73)
	at org.junit.platform.engine.support.hierarchical.NodeTestTask.executeRecursively(NodeTestTask.java:143)
	at org.junit.platform.engine.support.hierarchical.NodeTestTask.execute(NodeTestTask.java:100)
	at org.junit.platform.engine.support.hierarchical.SameThreadHierarchicalTestExecutorService.submit(SameThreadHierarchicalTestExecutorService.java:35)
	at org.junit.platform.engine.support.hierarchical.HierarchicalTestExecutor.execute(HierarchicalTestExecutor.java:57)
	at org.junit.platform.engine.support.hierarchical.HierarchicalTestEngine.execute(HierarchicalTestEngine.java:54)
	at org.junit.platform.launcher.core.EngineExecutionOrchestrator.execute(EngineExecutionOrchestrator.java:201)
	at org.junit.platform.launcher.core.EngineExecutionOrchestrator.execute(EngineExecutionOrchestrator.java:170)
	at org.junit.platform.launcher.core.EngineExecutionOrchestrator.execute(EngineExecutionOrchestrator.java:94)
	at org.junit.platform.launcher.core.EngineExecutionOrchestrator.lambda$execute$0(EngineExecutionOrchestrator.java:59)
	at org.junit.platform.launcher.core.EngineExecutionOrchestrator.withInterceptedStreams(EngineExecutionOrchestrator.java:142)
	at org.junit.platform.launcher.core.EngineExecutionOrchestrator.execute(EngineExecutionOrchestrator.java:58)
	at org.junit.platform.launcher.core.DefaultLauncher.execute(DefaultLauncher.java:103)
	at org.junit.platform.launcher.core.DefaultLauncher.execute(DefaultLauncher.java:85)
	at org.junit.platform.launcher.core.DelegatingLauncher.execute(DelegatingLauncher.java:47)
	at org.junit.platform.launcher.core.InterceptingLauncher.lambda$execute$1(InterceptingLauncher.java:39)
	at org.junit.platform.launcher.core.ClasspathAlignmentCheckingLauncherInterceptor.intercept(ClasspathAlignmentCheckingLauncherInterceptor.java:25)
	at org.junit.platform.launcher.core.InterceptingLauncher.execute(InterceptingLauncher.java:38)
	at org.junit.platform.launcher.core.DelegatingLauncher.execute(DelegatingLauncher.java:47)
	at org.apache.maven.surefire.junitplatform.LauncherAdapter.executeWithoutCancellationToken(LauncherAdapter.java:60)
	at org.apache.maven.surefire.junitplatform.LauncherAdapter.execute(LauncherAdapter.java:52)
	at org.apache.maven.surefire.junitplatform.JUnitPlatformProvider.execute(JUnitPlatformProvider.java:203)
	at org.apache.maven.surefire.junitplatform.JUnitPlatformProvider.invokeAllTests(JUnitPlatformProvider.java:168)
	at org.apache.maven.surefire.junitplatform.JUnitPlatformProvider.invoke(JUnitPlatformProvider.java:136)
	at org.apache.maven.surefire.booter.ForkedBooter.runSuitesInProcess(ForkedBooter.java:385)
	at org.apache.maven.surefire.booter.ForkedBooter.execute(ForkedBooter.java:162)
	at org.apache.maven.surefire.booter.ForkedBooter.run(ForkedBooter.java:507)
	at org.apache.maven.surefire.booter.ForkedBooter.main(ForkedBooter.java:495)
Caused by: org.springframework.beans.factory.UnsatisfiedDependencyException: Error creating bean with name 'jwtAuthenticationFilter' defined in file [C:\Users\Usuario\Documents\Tecnisign\UFCD 10790 – Projeto de Programação\incident-management\target\classes\com\itsm\incidentmanagement\security\filter\JwtAuthenticationFilter.class]: Unsatisfied dependency expressed through constructor parameter 0: No qualifying bean of type 'com.itsm.incidentmanagement.security.service.JwtService' available: expected at least 1 bean which qualifies as autowire candidate. Dependency annotations: {}
	at org.springframework.beans.factory.support.ConstructorResolver.createArgumentArray(ConstructorResolver.java:804)
	at org.springframework.beans.factory.support.ConstructorResolver.autowireConstructor(ConstructorResolver.java:240)
	at org.springframework.beans.factory.support.AbstractAutowireCapableBeanFactory.autowireConstructor(AbstractAutowireCapableBeanFactory.java:1395)
	at org.springframework.beans.factory.support.AbstractAutowireCapableBeanFactory.createBeanInstance(AbstractAutowireCapableBeanFactory.java:1232)
	at org.springframework.beans.factory.support.AbstractAutowireCapableBeanFactory.doCreateBean(AbstractAutowireCapableBeanFactory.java:569)
	at org.springframework.beans.factory.support.AbstractAutowireCapableBeanFactory.createBean(AbstractAutowireCapableBeanFactory.java:529)
	at org.springframework.beans.factory.support.AbstractBeanFactory.lambda$doGetBean$0(AbstractBeanFactory.java:339)
	at org.springframework.beans.factory.support.DefaultSingletonBeanRegistry.getSingleton(DefaultSingletonBeanRegistry.java:373)
	at org.springframework.beans.factory.support.AbstractBeanFactory.doGetBean(AbstractBeanFactory.java:337)
	at org.springframework.beans.factory.support.AbstractBeanFactory.getBean(AbstractBeanFactory.java:202)
	at org.springframework.beans.factory.support.DefaultListableBeanFactory.instantiateSingleton(DefaultListableBeanFactory.java:1228)
	at org.springframework.beans.factory.support.DefaultListableBeanFactory.preInstantiateSingleton(DefaultListableBeanFactory.java:1194)
	at org.springframework.beans.factory.support.DefaultListableBeanFactory.preInstantiateSingletons(DefaultListableBeanFactory.java:1130)
	at org.springframework.context.support.AbstractApplicationContext.finishBeanFactoryInitialization(AbstractApplicationContext.java:991)
	at org.springframework.context.support.AbstractApplicationContext.refresh(AbstractApplicationContext.java:628)
	at org.springframework.boot.SpringApplication.refresh(SpringApplication.java:752)
	at org.springframework.boot.SpringApplication.refreshContext(SpringApplication.java:439)
	at org.springframework.boot.SpringApplication.run(SpringApplication.java:318)
	at org.springframework.boot.test.context.SpringBootContextLoader.lambda$loadContext$3(SpringBootContextLoader.java:151)
	at org.springframework.util.function.ThrowingSupplier.get(ThrowingSupplier.java:58)
	at org.springframework.util.function.ThrowingSupplier.get(ThrowingSupplier.java:46)
	at org.springframework.boot.SpringApplication.withHook(SpringApplication.java:1461)
	at org.springframework.boot.test.context.SpringBootContextLoader$ContextLoaderHook.run(SpringBootContextLoader.java:590)
	at org.springframework.boot.test.context.SpringBootContextLoader.loadContext(SpringBootContextLoader.java:151)
	at org.springframework.boot.test.context.SpringBootContextLoader.loadContext(SpringBootContextLoader.java:110)
	at org.springframework.test.context.cache.DefaultCacheAwareContextLoaderDelegate.loadContextInternal(DefaultCacheAwareContextLoaderDelegate.java:225)
	at org.springframework.test.context.cache.DefaultCacheAwareContextLoaderDelegate.loadContext(DefaultCacheAwareContextLoaderDelegate.java:152)
	... 81 common frames omitted
Caused by: org.springframework.beans.factory.NoSuchBeanDefinitionException: No qualifying bean of type 'com.itsm.incidentmanagement.security.service.JwtService' available: expected at least 1 bean which qualifies as autowire candidate. Dependency annotations: {}
	at org.springframework.beans.factory.support.DefaultListableBeanFactory.raiseNoMatchingBeanFound(DefaultListableBeanFactory.java:2315)
	at org.springframework.beans.factory.support.DefaultListableBeanFactory.doResolveDependency(DefaultListableBeanFactory.java:1733)
	at org.springframework.beans.factory.support.DefaultListableBeanFactory.resolveDependency(DefaultListableBeanFactory.java:1653)
	at org.springframework.beans.factory.support.ConstructorResolver.resolveAutowiredArgument(ConstructorResolver.java:913)
	at org.springframework.beans.factory.support.ConstructorResolver.createArgumentArray(ConstructorResolver.java:791)
	... 107 common frames omitted
2026-07-07 13:13:27.253 [main] WARN  o.s.test.context.TestContextManager - Caught exception while allowing TestExecutionListener [org.springframework.boot.test.mock.mockito.MockitoTestExecutionListener] to prepare test instance [com.itsm.incidentmanagement.controller.DashboardControllerTest@2eb95662]
java.lang.IllegalStateException: ApplicationContext failure threshold (1) exceeded: skipping repeated attempt to load context for [WebMergedContextConfiguration@71669835 testClass = com.itsm.incidentmanagement.controller.DashboardControllerTest, locations = [], classes = [com.itsm.incidentmanagement.IncidentManagementApplication], contextInitializerClasses = [], activeProfiles = [], propertySourceDescriptors = [], propertySourceProperties = ["org.springframework.boot.test.autoconfigure.web.servlet.WebMvcTestContextBootstrapper=true"], contextCustomizers = [[ImportsContextCustomizer@727d937a key = [org.springframework.boot.autoconfigure.security.oauth2.client.servlet.OAuth2ClientWebSecurityAutoConfiguration, org.springframework.boot.autoconfigure.task.TaskExecutionAutoConfiguration, org.springframework.boot.autoconfigure.cache.CacheAutoConfiguration, org.springframework.boot.autoconfigure.web.servlet.HttpEncodingAutoConfiguration, org.springframework.boot.autoconfigure.validation.ValidationAutoConfiguration, org.springframework.boot.autoconfigure.security.saml2.Saml2RelyingPartyAutoConfiguration, org.springframework.boot.autoconfigure.context.MessageSourceAutoConfiguration, org.springframework.boot.autoconfigure.hateoas.HypermediaAutoConfiguration, org.springframework.boot.autoconfigure.jackson.JacksonAutoConfiguration, org.springframework.boot.autoconfigure.data.web.SpringDataWebAutoConfiguration, org.springframework.boot.test.autoconfigure.web.reactive.WebTestClientAutoConfiguration, org.springframework.boot.autoconfigure.web.servlet.error.ErrorMvcAutoConfiguration, org.springframework.boot.test.autoconfigure.web.servlet.MockMvcAutoConfiguration, org.springframework.boot.autoconfigure.security.servlet.SecurityAutoConfiguration, org.springframework.boot.autoconfigure.security.servlet.SecurityFilterAutoConfiguration, org.springframework.boot.autoconfigure.http.HttpMessageConvertersAutoConfiguration, org.springframework.boot.autoconfigure.security.oauth2.client.OAuth2ClientAutoConfiguration, org.springframework.boot.test.autoconfigure.web.servlet.MockMvcSecurityConfiguration, org.springframework.boot.test.autoconfigure.web.servlet.MockMvcWebClientAutoConfiguration, org.springframework.boot.test.autoconfigure.web.servlet.MockMvcWebDriverAutoConfiguration, org.springframework.boot.autoconfigure.thymeleaf.ThymeleafAutoConfiguration, org.springframework.boot.autoconfigure.gson.GsonAutoConfiguration, org.springframework.boot.autoconfigure.jsonb.JsonbAutoConfiguration, org.springframework.boot.autoconfigure.freemarker.FreeMarkerAutoConfiguration, org.springframework.boot.autoconfigure.web.servlet.WebMvcAutoConfiguration, org.springframework.boot.autoconfigure.security.servlet.UserDetailsServiceAutoConfiguration, org.springframework.boot.autoconfigure.security.oauth2.resource.servlet.OAuth2ResourceServerAutoConfiguration, org.springframework.boot.autoconfigure.groovy.template.GroovyTemplateAutoConfiguration, org.springframework.boot.autoconfigure.mustache.MustacheAutoConfiguration]], org.springframework.boot.test.context.filter.ExcludeFilterContextCustomizer@795fd838, org.springframework.boot.test.json.DuplicateJsonObjectContextCustomizerFactory$DuplicateJsonObjectContextCustomizer@1704f67f, org.springframework.boot.test.mock.mockito.MockitoContextCustomizer@a8271cb8, org.springframework.boot.test.web.reactor.netty.DisableReactorResourceFactoryGlobalResourcesContextCustomizerFactory$DisableReactorResourceFactoryGlobalResourcesContextCustomizerCustomizer@7cab1508, org.springframework.boot.test.autoconfigure.OnFailureConditionReportContextCustomizerFactory$OnFailureConditionReportContextCustomizer@6d171ce0, org.springframework.boot.test.autoconfigure.OverrideAutoConfigurationContextCustomizerFactory$DisableAutoConfigurationContextCustomizer@3bb8aabc, org.springframework.boot.test.autoconfigure.actuate.observability.ObservabilityContextCustomizerFactory$DisableObservabilityContextCustomizer@1f, org.springframework.boot.test.autoconfigure.filter.TypeExcludeFiltersContextCustomizer@662d1c9a, org.springframework.boot.test.autoconfigure.properties.PropertyMappingContextCustomizer@2b610073, org.springframework.boot.test.autoconfigure.web.servlet.WebDriverContextCustomizer@1abc9f14, org.springframework.test.context.support.DynamicPropertiesContextCustomizer@0, org.springframework.boot.test.context.SpringBootTestAnnotation@49a8dd6], resourceBasePath = "src/main/webapp", contextLoader = org.springframework.boot.test.context.SpringBootContextLoader, parent = null]
	at org.springframework.test.context.cache.DefaultCacheAwareContextLoaderDelegate.loadContext(DefaultCacheAwareContextLoaderDelegate.java:145)
	at org.springframework.test.context.support.DefaultTestContext.getApplicationContext(DefaultTestContext.java:130)
	at org.springframework.boot.test.mock.mockito.MockitoTestExecutionListener.postProcessFields(MockitoTestExecutionListener.java:128)
	at org.springframework.boot.test.mock.mockito.MockitoTestExecutionListener.injectFields(MockitoTestExecutionListener.java:112)
	at org.springframework.boot.test.mock.mockito.MockitoTestExecutionListener.prepareTestInstance(MockitoTestExecutionListener.java:69)
	at org.springframework.test.context.TestContextManager.prepareTestInstance(TestContextManager.java:260)
	at org.springframework.test.context.junit.jupiter.SpringExtension.postProcessTestInstance(SpringExtension.java:159)
	at org.junit.jupiter.engine.descriptor.ClassBasedTestDescriptor.lambda$invokeTestInstancePostProcessors$10(ClassBasedTestDescriptor.java:383)
	at org.junit.jupiter.engine.descriptor.ClassBasedTestDescriptor.executeAndMaskThrowable(ClassBasedTestDescriptor.java:388)
	at org.junit.jupiter.engine.descriptor.ClassBasedTestDescriptor.lambda$invokeTestInstancePostProcessors$11(ClassBasedTestDescriptor.java:382)
	at java.base/java.util.stream.ForEachOps$ForEachOp$OfRef.accept(ForEachOps.java:184)
	at java.base/java.util.stream.ReferencePipeline$3$1.accept(ReferencePipeline.java:197)
	at java.base/java.util.stream.ReferencePipeline$2$1.accept(ReferencePipeline.java:179)
	at java.base/java.util.stream.ReferencePipeline$3$1.accept(ReferencePipeline.java:197)
	at java.base/java.util.ArrayList$ArrayListSpliterator.forEachRemaining(ArrayList.java:1708)
	at java.base/java.util.stream.AbstractPipeline.copyInto(AbstractPipeline.java:509)
	at java.base/java.util.stream.AbstractPipeline.wrapAndCopyInto(AbstractPipeline.java:499)
	at java.base/java.util.stream.ForEachOps$ForEachOp.evaluateSequential(ForEachOps.java:151)
	at java.base/java.util.stream.ForEachOps$ForEachOp$OfRef.evaluateSequential(ForEachOps.java:174)
	at java.base/java.util.stream.AbstractPipeline.evaluate(AbstractPipeline.java:234)
	at java.base/java.util.stream.ReferencePipeline.forEach(ReferencePipeline.java:596)
	at org.junit.jupiter.engine.descriptor.ClassBasedTestDescriptor.invokeTestInstancePostProcessors(ClassBasedTestDescriptor.java:382)
	at org.junit.jupiter.engine.descriptor.ClassBasedTestDescriptor.lambda$instantiateAndPostProcessTestInstance$6(ClassBasedTestDescriptor.java:293)
	at org.junit.platform.engine.support.hierarchical.ThrowableCollector.execute(ThrowableCollector.java:73)
	at org.junit.jupiter.engine.descriptor.ClassBasedTestDescriptor.instantiateAndPostProcessTestInstance(ClassBasedTestDescriptor.java:292)
	at org.junit.jupiter.engine.descriptor.ClassBasedTestDescriptor.lambda$testInstancesProvider$4(ClassBasedTestDescriptor.java:281)
	at java.base/java.util.Optional.orElseGet(Optional.java:364)
	at org.junit.jupiter.engine.descriptor.ClassBasedTestDescriptor.lambda$testInstancesProvider$5(ClassBasedTestDescriptor.java:280)
	at org.junit.jupiter.engine.execution.TestInstancesProvider.getTestInstances(TestInstancesProvider.java:27)
	at org.junit.jupiter.engine.descriptor.TestMethodTestDescriptor.lambda$prepare$0(TestMethodTestDescriptor.java:112)
	at org.junit.platform.engine.support.hierarchical.ThrowableCollector.execute(ThrowableCollector.java:73)
	at org.junit.jupiter.engine.descriptor.TestMethodTestDescriptor.prepare(TestMethodTestDescriptor.java:111)
	at org.junit.jupiter.engine.descriptor.TestMethodTestDescriptor.prepare(TestMethodTestDescriptor.java:69)
	at org.junit.platform.engine.support.hierarchical.NodeTestTask.lambda$prepare$2(NodeTestTask.java:128)
	at org.junit.platform.engine.support.hierarchical.ThrowableCollector.execute(ThrowableCollector.java:73)
	at org.junit.platform.engine.support.hierarchical.NodeTestTask.prepare(NodeTestTask.java:128)
	at org.junit.platform.engine.support.hierarchical.NodeTestTask.execute(NodeTestTask.java:95)
	at java.base/java.util.ArrayList.forEach(ArrayList.java:1596)
	at org.junit.platform.engine.support.hierarchical.SameThreadHierarchicalTestExecutorService.invokeAll(SameThreadHierarchicalTestExecutorService.java:41)
	at org.junit.platform.engine.support.hierarchical.NodeTestTask.lambda$executeRecursively$6(NodeTestTask.java:160)
	at org.junit.platform.engine.support.hierarchical.ThrowableCollector.execute(ThrowableCollector.java:73)
	at org.junit.platform.engine.support.hierarchical.NodeTestTask.lambda$executeRecursively$8(NodeTestTask.java:146)
	at org.junit.platform.engine.support.hierarchical.Node.around(Node.java:137)
	at org.junit.platform.engine.support.hierarchical.NodeTestTask.lambda$executeRecursively$9(NodeTestTask.java:144)
	at org.junit.platform.engine.support.hierarchical.ThrowableCollector.execute(ThrowableCollector.java:73)
	at org.junit.platform.engine.support.hierarchical.NodeTestTask.executeRecursively(NodeTestTask.java:143)
	at org.junit.platform.engine.support.hierarchical.NodeTestTask.execute(NodeTestTask.java:100)
	at java.base/java.util.ArrayList.forEach(ArrayList.java:1596)
	at org.junit.platform.engine.support.hierarchical.SameThreadHierarchicalTestExecutorService.invokeAll(SameThreadHierarchicalTestExecutorService.java:41)
	at org.junit.platform.engine.support.hierarchical.NodeTestTask.lambda$executeRecursively$6(NodeTestTask.java:160)
	at org.junit.platform.engine.support.hierarchical.ThrowableCollector.execute(ThrowableCollector.java:73)
	at org.junit.platform.engine.support.hierarchical.NodeTestTask.lambda$executeRecursively$8(NodeTestTask.java:146)
	at org.junit.platform.engine.support.hierarchical.Node.around(Node.java:137)
	at org.junit.platform.engine.support.hierarchical.NodeTestTask.lambda$executeRecursively$9(NodeTestTask.java:144)
	at org.junit.platform.engine.support.hierarchical.ThrowableCollector.execute(ThrowableCollector.java:73)
	at org.junit.platform.engine.support.hierarchical.NodeTestTask.executeRecursively(NodeTestTask.java:143)
	at org.junit.platform.engine.support.hierarchical.NodeTestTask.execute(NodeTestTask.java:100)
	at org.junit.platform.engine.support.hierarchical.SameThreadHierarchicalTestExecutorService.submit(SameThreadHierarchicalTestExecutorService.java:35)
	at org.junit.platform.engine.support.hierarchical.HierarchicalTestExecutor.execute(HierarchicalTestExecutor.java:57)
	at org.junit.platform.engine.support.hierarchical.HierarchicalTestEngine.execute(HierarchicalTestEngine.java:54)
	at org.junit.platform.launcher.core.EngineExecutionOrchestrator.execute(EngineExecutionOrchestrator.java:201)
	at org.junit.platform.launcher.core.EngineExecutionOrchestrator.execute(EngineExecutionOrchestrator.java:170)
	at org.junit.platform.launcher.core.EngineExecutionOrchestrator.execute(EngineExecutionOrchestrator.java:94)
	at org.junit.platform.launcher.core.EngineExecutionOrchestrator.lambda$execute$0(EngineExecutionOrchestrator.java:59)
	at org.junit.platform.launcher.core.EngineExecutionOrchestrator.withInterceptedStreams(EngineExecutionOrchestrator.java:142)
	at org.junit.platform.launcher.core.EngineExecutionOrchestrator.execute(EngineExecutionOrchestrator.java:58)
	at org.junit.platform.launcher.core.DefaultLauncher.execute(DefaultLauncher.java:103)
	at org.junit.platform.launcher.core.DefaultLauncher.execute(DefaultLauncher.java:85)
	at org.junit.platform.launcher.core.DelegatingLauncher.execute(DelegatingLauncher.java:47)
	at org.junit.platform.launcher.core.InterceptingLauncher.lambda$execute$1(InterceptingLauncher.java:39)
	at org.junit.platform.launcher.core.ClasspathAlignmentCheckingLauncherInterceptor.intercept(ClasspathAlignmentCheckingLauncherInterceptor.java:25)
	at org.junit.platform.launcher.core.InterceptingLauncher.execute(InterceptingLauncher.java:38)
	at org.junit.platform.launcher.core.DelegatingLauncher.execute(DelegatingLauncher.java:47)
	at org.apache.maven.surefire.junitplatform.LauncherAdapter.executeWithoutCancellationToken(LauncherAdapter.java:60)
	at org.apache.maven.surefire.junitplatform.LauncherAdapter.execute(LauncherAdapter.java:52)
	at org.apache.maven.surefire.junitplatform.JUnitPlatformProvider.execute(JUnitPlatformProvider.java:203)
	at org.apache.maven.surefire.junitplatform.JUnitPlatformProvider.invokeAllTests(JUnitPlatformProvider.java:168)
	at org.apache.maven.surefire.junitplatform.JUnitPlatformProvider.invoke(JUnitPlatformProvider.java:136)
	at org.apache.maven.surefire.booter.ForkedBooter.runSuitesInProcess(ForkedBooter.java:385)
	at org.apache.maven.surefire.booter.ForkedBooter.execute(ForkedBooter.java:162)
	at org.apache.maven.surefire.booter.ForkedBooter.run(ForkedBooter.java:507)
	at org.apache.maven.surefire.booter.ForkedBooter.main(ForkedBooter.java:495)
2026-07-07 13:13:27.303 [main] INFO  o.s.t.c.s.AnnotationConfigContextLoaderUtils - Could not detect default configuration classes for test class [com.itsm.incidentmanagement.controller.WebControllerTest]: WebControllerTest does not declare any static, non-private, non-final, nested classes annotated with @Configuration.
2026-07-07 13:13:27.366 [main] INFO  o.s.b.t.c.SpringBootTestContextBootstrapper - Found @SpringBootConfiguration com.itsm.incidentmanagement.IncidentManagementApplication for test class com.itsm.incidentmanagement.controller.WebControllerTest
2026-07-07 13:13:27.493 [main] INFO  c.i.i.controller.WebControllerTest - Starting WebControllerTest using Java 21.0.10 with PID 23020 (started by Usuario in C:\Users\Usuario\Documents\Tecnisign\UFCD 10790 – Projeto de Programação\incident-management)
2026-07-07 13:13:27.494 [main] DEBUG c.i.i.controller.WebControllerTest - Running with Spring Boot v3.5.14, Spring v6.2.18
2026-07-07 13:13:27.494 [main] INFO  c.i.i.controller.WebControllerTest - No active profile set, falling back to 1 default profile: "default"
2026-07-07 13:13:28.268 [main] INFO  c.i.i.controller.WebController - WebController carregado com sucesso
2026-07-07 13:13:28.271 [main] INFO  c.i.i.s.f.JwtAuthenticationFilter - JwtAuthenticationFilter inicializado!
2026-07-07 13:13:28.453 [main] INFO  o.s.b.a.w.s.WelcomePageHandlerMapping - Adding welcome page: class path resource [static/index.html]
2026-07-07 13:13:29.184 [main] WARN  o.s.s.c.a.a.c.InitializeUserDetailsBeanManagerConfigurer$InitializeUserDetailsManagerConfigurer - Found 2 UserDetailsService beans, with names [inMemoryUserDetailsManager, com.itsm.incidentmanagement.security.service.CustomUserDetailsService#0]. Global Authentication Manager will not use a UserDetailsService for username/password login. Consider publishing a single UserDetailsService bean.
2026-07-07 13:13:29.184 [main] DEBUG o.s.s.c.a.a.c.AuthenticationConfiguration$DefaultPasswordEncoderAuthenticationManagerBuilder - No authenticationProviders and no parentAuthenticationManager defined. Returning null.
2026-07-07 13:13:29.416 [main] DEBUG o.s.s.web.DefaultSecurityFilterChain - Will secure any request with filters: DisableEncodeUrlFilter, WebAsyncManagerIntegrationFilter, SecurityContextHolderFilter, HeaderWriterFilter, CsrfFilter, LogoutFilter, UsernamePasswordAuthenticationFilter, DefaultResourcesFilter, DefaultLoginPageGeneratingFilter, DefaultLogoutPageGeneratingFilter, BasicAuthenticationFilter, RequestCacheAwareFilter, SecurityContextHolderAwareRequestFilter, AnonymousAuthenticationFilter, ExceptionTranslationFilter, AuthorizationFilter
2026-07-07 13:13:29.454 [main] WARN  o.s.b.a.s.s.UserDetailsServiceAutoConfiguration - 

Using generated security password: e90cca9b-7af7-45b8-9494-a4f884d80c84

This generated password is for development use only. Your security configuration must be updated before running your application in production.

2026-07-07 13:13:29.542 [main] DEBUG c.i.i.s.f.JwtAuthenticationFilter - Filter 'jwtAuthenticationFilter' configured for use
2026-07-07 13:13:29.551 [main] INFO  o.s.b.t.m.w.SpringBootMockServletContext - Initializing Spring TestDispatcherServlet ''
2026-07-07 13:13:29.552 [main] INFO  o.s.t.w.s.TestDispatcherServlet - Initializing Servlet ''
2026-07-07 13:13:29.554 [main] INFO  o.s.t.w.s.TestDispatcherServlet - Completed initialization in 2 ms
2026-07-07 13:13:29.600 [main] INFO  c.i.i.controller.WebControllerTest - Started WebControllerTest in 2.217 seconds (process running for 9.304)
2026-07-07 13:13:29.671 [main] DEBUG o.s.s.w.c.HttpSessionSecurityContextRepository - Created HttpSession as SecurityContext is non-default
2026-07-07 13:13:29.673 [main] DEBUG o.s.s.w.c.HttpSessionSecurityContextRepository - Stored SecurityContextImpl [Authentication=UsernamePasswordAuthenticationToken [Principal=org.springframework.security.core.userdetails.User [Username=user, Password=[PROTECTED], Enabled=true, AccountNonExpired=true, CredentialsNonExpired=true, AccountNonLocked=true, Granted Authorities=[ROLE_ADMIN]], Credentials=[PROTECTED], Authenticated=true, Details=null, Granted Authorities=[ROLE_ADMIN]]] to HttpSession [org.springframework.mock.web.MockHttpSession@2db2b708]
2026-07-07 13:13:29.707 [main] DEBUG o.s.security.web.FilterChainProxy - Securing GET /admin/users/new
2026-07-07 13:13:29.722 [main] DEBUG o.s.s.w.c.HttpSessionSecurityContextRepository - Retrieved SecurityContextImpl [Authentication=UsernamePasswordAuthenticationToken [Principal=org.springframework.security.core.userdetails.User [Username=user, Password=[PROTECTED], Enabled=true, AccountNonExpired=true, CredentialsNonExpired=true, AccountNonLocked=true, Granted Authorities=[ROLE_ADMIN]], Credentials=[PROTECTED], Authenticated=true, Details=null, Granted Authorities=[ROLE_ADMIN]]]
2026-07-07 13:13:29.723 [main] DEBUG o.s.security.web.FilterChainProxy - Secured GET /admin/users/new
2026-07-07 13:13:30.536 [main] DEBUG o.s.s.w.c.HttpSessionSecurityContextRepository - Created HttpSession as SecurityContext is non-default
2026-07-07 13:13:30.536 [main] DEBUG o.s.s.w.c.HttpSessionSecurityContextRepository - Stored SecurityContextImpl [Authentication=UsernamePasswordAuthenticationToken [Principal=org.springframework.security.core.userdetails.User [Username=user, Password=[PROTECTED], Enabled=true, AccountNonExpired=true, CredentialsNonExpired=true, AccountNonLocked=true, Granted Authorities=[ROLE_ADMIN]], Credentials=[PROTECTED], Authenticated=true, Details=null, Granted Authorities=[ROLE_ADMIN]]] to HttpSession [org.springframework.mock.web.MockHttpSession@65a5cc92]
2026-07-07 13:13:30.538 [main] DEBUG o.s.security.web.FilterChainProxy - Securing GET /admin/users/edit/1
2026-07-07 13:13:30.539 [main] DEBUG o.s.s.w.c.HttpSessionSecurityContextRepository - Retrieved SecurityContextImpl [Authentication=UsernamePasswordAuthenticationToken [Principal=org.springframework.security.core.userdetails.User [Username=user, Password=[PROTECTED], Enabled=true, AccountNonExpired=true, CredentialsNonExpired=true, AccountNonLocked=true, Granted Authorities=[ROLE_ADMIN]], Credentials=[PROTECTED], Authenticated=true, Details=null, Granted Authorities=[ROLE_ADMIN]]]
2026-07-07 13:13:30.539 [main] DEBUG o.s.security.web.FilterChainProxy - Secured GET /admin/users/edit/1
2026-07-07 13:13:30.618 [main] DEBUG o.s.s.w.c.HttpSessionSecurityContextRepository - Created HttpSession as SecurityContext is non-default
2026-07-07 13:13:30.619 [main] DEBUG o.s.s.w.c.HttpSessionSecurityContextRepository - Stored SecurityContextImpl [Authentication=UsernamePasswordAuthenticationToken [Principal=org.springframework.security.core.userdetails.User [Username=user, Password=[PROTECTED], Enabled=true, AccountNonExpired=true, CredentialsNonExpired=true, AccountNonLocked=true, Granted Authorities=[ROLE_ADMIN]], Credentials=[PROTECTED], Authenticated=true, Details=null, Granted Authorities=[ROLE_ADMIN]]] to HttpSession [org.springframework.mock.web.MockHttpSession@5ccb26a0]
2026-07-07 13:13:30.619 [main] DEBUG o.s.security.web.FilterChainProxy - Securing GET /admin/tickets/new
2026-07-07 13:13:30.620 [main] DEBUG o.s.s.w.c.HttpSessionSecurityContextRepository - Retrieved SecurityContextImpl [Authentication=UsernamePasswordAuthenticationToken [Principal=org.springframework.security.core.userdetails.User [Username=user, Password=[PROTECTED], Enabled=true, AccountNonExpired=true, CredentialsNonExpired=true, AccountNonLocked=true, Granted Authorities=[ROLE_ADMIN]], Credentials=[PROTECTED], Authenticated=true, Details=null, Granted Authorities=[ROLE_ADMIN]]]
2026-07-07 13:13:30.620 [main] DEBUG o.s.security.web.FilterChainProxy - Secured GET /admin/tickets/new
2026-07-07 13:13:30.641 [main] ERROR org.thymeleaf.TemplateEngine - [THYMELEAF][main] Exception processing template "admin/ticket-form": An error happened during template parsing (template: "class path resource [templates/admin/ticket-form.html]")
org.thymeleaf.exceptions.TemplateInputException: An error happened during template parsing (template: "class path resource [templates/admin/ticket-form.html]")
	at org.thymeleaf.templateparser.markup.AbstractMarkupTemplateParser.parse(AbstractMarkupTemplateParser.java:241)
	at org.thymeleaf.templateparser.markup.AbstractMarkupTemplateParser.parseStandalone(AbstractMarkupTemplateParser.java:100)
	at org.thymeleaf.engine.TemplateManager.parseAndProcess(TemplateManager.java:666)
	at org.thymeleaf.TemplateEngine.process(TemplateEngine.java:1103)
	at org.thymeleaf.TemplateEngine.process(TemplateEngine.java:1077)
	at org.thymeleaf.spring6.view.ThymeleafView.renderFragment(ThymeleafView.java:374)
	at org.thymeleaf.spring6.view.ThymeleafView.render(ThymeleafView.java:193)
	at org.springframework.web.servlet.DispatcherServlet.render(DispatcherServlet.java:1438)
	at org.springframework.test.web.servlet.TestDispatcherServlet.render(TestDispatcherServlet.java:138)
	at org.springframework.web.servlet.DispatcherServlet.processDispatchResult(DispatcherServlet.java:1168)
	at org.springframework.web.servlet.DispatcherServlet.doDispatch(DispatcherServlet.java:1106)
	at org.springframework.web.servlet.DispatcherServlet.doService(DispatcherServlet.java:979)
	at org.springframework.web.servlet.FrameworkServlet.processRequest(FrameworkServlet.java:1014)
	at org.springframework.web.servlet.FrameworkServlet.doGet(FrameworkServlet.java:903)
	at jakarta.servlet.http.HttpServlet.service(HttpServlet.java:564)
	at org.springframework.web.servlet.FrameworkServlet.service(FrameworkServlet.java:885)
	at org.springframework.test.web.servlet.TestDispatcherServlet.service(TestDispatcherServlet.java:72)
	at jakarta.servlet.http.HttpServlet.service(HttpServlet.java:658)
	at org.springframework.mock.web.MockFilterChain$ServletFilterProxy.doFilter(MockFilterChain.java:165)
	at org.springframework.mock.web.MockFilterChain.doFilter(MockFilterChain.java:132)
	at com.itsm.incidentmanagement.security.filter.JwtAuthenticationFilter.doFilterInternal(JwtAuthenticationFilter.java:54)
	at org.springframework.web.filter.OncePerRequestFilter.doFilter(OncePerRequestFilter.java:116)
	at org.springframework.test.web.servlet.setup.MockMvcFilterDecorator.doFilter(MockMvcFilterDecorator.java:162)
	at org.springframework.mock.web.MockFilterChain.doFilter(MockFilterChain.java:132)
	at org.springframework.web.filter.CompositeFilter$VirtualFilterChain.doFilter(CompositeFilter.java:108)
	at org.springframework.web.filter.CompositeFilter$VirtualFilterChain.doFilter(CompositeFilter.java:108)
	at org.springframework.security.web.FilterChainProxy.lambda$doFilterInternal$3(FilterChainProxy.java:231)
	at org.springframework.security.web.FilterChainProxy$VirtualFilterChain.doFilter(FilterChainProxy.java:370)
	at org.springframework.security.web.access.intercept.AuthorizationFilter.doFilter(AuthorizationFilter.java:101)
	at org.springframework.security.web.FilterChainProxy$VirtualFilterChain.doFilter(FilterChainProxy.java:379)
	at org.springframework.security.web.access.ExceptionTranslationFilter.doFilter(ExceptionTranslationFilter.java:125)
	at org.springframework.security.web.access.ExceptionTranslationFilter.doFilter(ExceptionTranslationFilter.java:119)
	at org.springframework.security.web.FilterChainProxy$VirtualFilterChain.doFilter(FilterChainProxy.java:379)
	at org.springframework.security.web.authentication.AnonymousAuthenticationFilter.doFilter(AnonymousAuthenticationFilter.java:100)
	at org.springframework.security.web.FilterChainProxy$VirtualFilterChain.doFilter(FilterChainProxy.java:379)
	at org.springframework.security.web.servletapi.SecurityContextHolderAwareRequestFilter.doFilter(SecurityContextHolderAwareRequestFilter.java:179)
	at org.springframework.security.web.FilterChainProxy$VirtualFilterChain.doFilter(FilterChainProxy.java:379)
	at org.springframework.security.web.savedrequest.RequestCacheAwareFilter.doFilter(RequestCacheAwareFilter.java:63)
	at org.springframework.security.web.FilterChainProxy$VirtualFilterChain.doFilter(FilterChainProxy.java:379)
	at org.springframework.security.web.authentication.www.BasicAuthenticationFilter.doFilterInternal(BasicAuthenticationFilter.java:181)
	at org.springframework.web.filter.OncePerRequestFilter.doFilter(OncePerRequestFilter.java:116)
	at org.springframework.security.web.FilterChainProxy$VirtualFilterChain.doFilter(FilterChainProxy.java:379)
	at org.springframework.security.web.authentication.ui.DefaultLogoutPageGeneratingFilter.doFilterInternal(DefaultLogoutPageGeneratingFilter.java:59)
	at org.springframework.web.filter.OncePerRequestFilter.doFilter(OncePerRequestFilter.java:116)
	at org.springframework.security.web.FilterChainProxy$VirtualFilterChain.doFilter(FilterChainProxy.java:379)
	at org.springframework.security.web.authentication.ui.DefaultLoginPageGeneratingFilter.doFilter(DefaultLoginPageGeneratingFilter.java:216)
	at org.springframework.security.web.authentication.ui.DefaultLoginPageGeneratingFilter.doFilter(DefaultLoginPageGeneratingFilter.java:202)
	at org.springframework.security.web.FilterChainProxy$VirtualFilterChain.doFilter(FilterChainProxy.java:379)
	at org.springframework.security.web.authentication.ui.DefaultResourcesFilter.doFilter(DefaultResourcesFilter.java:72)
	at org.springframework.security.web.FilterChainProxy$VirtualFilterChain.doFilter(FilterChainProxy.java:379)
	at org.springframework.security.web.authentication.AbstractAuthenticationProcessingFilter.doFilter(AbstractAuthenticationProcessingFilter.java:235)
	at org.springframework.security.web.authentication.AbstractAuthenticationProcessingFilter.doFilter(AbstractAuthenticationProcessingFilter.java:229)
	at org.springframework.security.web.FilterChainProxy$VirtualFilterChain.doFilter(FilterChainProxy.java:379)
	at org.springframework.security.web.authentication.logout.LogoutFilter.doFilter(LogoutFilter.java:107)
	at org.springframework.security.web.authentication.logout.LogoutFilter.doFilter(LogoutFilter.java:93)
	at org.springframework.security.web.FilterChainProxy$VirtualFilterChain.doFilter(FilterChainProxy.java:379)
	at org.springframework.security.web.csrf.CsrfFilter.doFilterInternal(CsrfFilter.java:117)
	at org.springframework.web.filter.OncePerRequestFilter.doFilter(OncePerRequestFilter.java:116)
	at org.springframework.security.web.FilterChainProxy$VirtualFilterChain.doFilter(FilterChainProxy.java:379)
	at org.springframework.security.web.header.HeaderWriterFilter.doHeadersAfter(HeaderWriterFilter.java:90)
	at org.springframework.security.web.header.HeaderWriterFilter.doFilterInternal(HeaderWriterFilter.java:75)
	at org.springframework.web.filter.OncePerRequestFilter.doFilter(OncePerRequestFilter.java:116)
	at org.springframework.security.web.FilterChainProxy$VirtualFilterChain.doFilter(FilterChainProxy.java:379)
	at org.springframework.security.web.context.SecurityContextHolderFilter.doFilter(SecurityContextHolderFilter.java:82)
	at org.springframework.security.web.context.SecurityContextHolderFilter.doFilter(SecurityContextHolderFilter.java:69)
	at org.springframework.security.web.FilterChainProxy$VirtualFilterChain.doFilter(FilterChainProxy.java:379)
	at org.springframework.security.web.context.request.async.WebAsyncManagerIntegrationFilter.doFilterInternal(WebAsyncManagerIntegrationFilter.java:62)
	at org.springframework.web.filter.OncePerRequestFilter.doFilter(OncePerRequestFilter.java:116)
	at org.springframework.security.web.FilterChainProxy$VirtualFilterChain.doFilter(FilterChainProxy.java:379)
	at org.springframework.security.web.session.DisableEncodeUrlFilter.doFilterInternal(DisableEncodeUrlFilter.java:42)
	at org.springframework.web.filter.OncePerRequestFilter.doFilter(OncePerRequestFilter.java:116)
	at org.springframework.security.web.FilterChainProxy$VirtualFilterChain.doFilter(FilterChainProxy.java:379)
	at org.springframework.security.web.FilterChainProxy.doFilterInternal(FilterChainProxy.java:233)
	at org.springframework.security.web.FilterChainProxy.doFilter(FilterChainProxy.java:191)
	at org.springframework.web.filter.CompositeFilter$VirtualFilterChain.doFilter(CompositeFilter.java:113)
	at org.springframework.web.filter.ServletRequestPathFilter.doFilter(ServletRequestPathFilter.java:52)
	at org.springframework.web.filter.CompositeFilter$VirtualFilterChain.doFilter(CompositeFilter.java:113)
	at org.springframework.web.filter.CompositeFilter.doFilter(CompositeFilter.java:74)
	at org.springframework.security.config.annotation.web.configuration.WebSecurityConfiguration$CompositeFilterChainProxy.doFilter(WebSecurityConfiguration.java:319)
	at org.springframework.web.filter.CompositeFilter$VirtualFilterChain.doFilter(CompositeFilter.java:113)
	at org.springframework.web.servlet.handler.HandlerMappingIntrospector.lambda$createCacheFilter$4(HandlerMappingIntrospector.java:267)
	at org.springframework.web.filter.CompositeFilter$VirtualFilterChain.doFilter(CompositeFilter.java:113)
	at org.springframework.web.filter.CompositeFilter.doFilter(CompositeFilter.java:74)
	at org.springframework.security.config.annotation.web.configuration.WebMvcSecurityConfiguration$CompositeFilterChainProxy.doFilter(WebMvcSecurityConfiguration.java:240)
	at org.springframework.web.filter.DelegatingFilterProxy.invokeDelegate(DelegatingFilterProxy.java:362)
	at org.springframework.web.filter.DelegatingFilterProxy.doFilter(DelegatingFilterProxy.java:278)
	at org.springframework.test.web.servlet.setup.MockMvcFilterDecorator.doFilter(MockMvcFilterDecorator.java:162)
	at org.springframework.mock.web.MockFilterChain.doFilter(MockFilterChain.java:132)
	at org.springframework.web.filter.RequestContextFilter.doFilterInternal(RequestContextFilter.java:100)
	at org.springframework.web.filter.OncePerRequestFilter.doFilter(OncePerRequestFilter.java:116)
	at org.springframework.test.web.servlet.setup.MockMvcFilterDecorator.doFilter(MockMvcFilterDecorator.java:162)
	at org.springframework.mock.web.MockFilterChain.doFilter(MockFilterChain.java:132)
	at org.springframework.web.filter.FormContentFilter.doFilterInternal(FormContentFilter.java:93)
	at org.springframework.web.filter.OncePerRequestFilter.doFilter(OncePerRequestFilter.java:116)
	at org.springframework.test.web.servlet.setup.MockMvcFilterDecorator.doFilter(MockMvcFilterDecorator.java:162)
	at org.springframework.mock.web.MockFilterChain.doFilter(MockFilterChain.java:132)
	at org.springframework.web.filter.CharacterEncodingFilter.doFilterInternal(CharacterEncodingFilter.java:201)
	at org.springframework.web.filter.OncePerRequestFilter.doFilter(OncePerRequestFilter.java:116)
	at org.springframework.test.web.servlet.setup.MockMvcFilterDecorator.doFilter(MockMvcFilterDecorator.java:162)
	at org.springframework.mock.web.MockFilterChain.doFilter(MockFilterChain.java:132)
	at org.springframework.test.web.servlet.MockMvc.perform(MockMvc.java:201)
	at com.itsm.incidentmanagement.controller.WebControllerTest.shouldLoadNewTicketForm(WebControllerTest.java:172)
	at java.base/jdk.internal.reflect.DirectMethodHandleAccessor.invoke(DirectMethodHandleAccessor.java:103)
	at java.base/java.lang.reflect.Method.invoke(Method.java:580)
	at org.junit.platform.commons.util.ReflectionUtils.invokeMethod(ReflectionUtils.java:775)
	at org.junit.platform.commons.support.ReflectionSupport.invokeMethod(ReflectionSupport.java:479)
	at org.junit.jupiter.engine.execution.MethodInvocation.proceed(MethodInvocation.java:60)
	at org.junit.jupiter.engine.execution.InvocationInterceptorChain$ValidatingInvocation.proceed(InvocationInterceptorChain.java:131)
	at org.junit.jupiter.engine.extension.TimeoutExtension.intercept(TimeoutExtension.java:161)
	at org.junit.jupiter.engine.extension.TimeoutExtension.interceptTestableMethod(TimeoutExtension.java:152)
	at org.junit.jupiter.engine.extension.TimeoutExtension.interceptTestMethod(TimeoutExtension.java:91)
	at org.junit.jupiter.engine.execution.InterceptingExecutableInvoker$ReflectiveInterceptorCall.lambda$ofVoidMethod$0(InterceptingExecutableInvoker.java:112)
	at org.junit.jupiter.engine.execution.InterceptingExecutableInvoker.lambda$invoke$0(InterceptingExecutableInvoker.java:94)
	at org.junit.jupiter.engine.execution.InvocationInterceptorChain$InterceptedInvocation.proceed(InvocationInterceptorChain.java:106)
	at org.junit.jupiter.engine.execution.InvocationInterceptorChain.proceed(InvocationInterceptorChain.java:64)
	at org.junit.jupiter.engine.execution.InvocationInterceptorChain.chainAndInvoke(InvocationInterceptorChain.java:45)
	at org.junit.jupiter.engine.execution.InvocationInterceptorChain.invoke(InvocationInterceptorChain.java:37)
	at org.junit.jupiter.engine.execution.InterceptingExecutableInvoker.invoke(InterceptingExecutableInvoker.java:93)
	at org.junit.jupiter.engine.execution.InterceptingExecutableInvoker.invoke(InterceptingExecutableInvoker.java:87)
	at org.junit.jupiter.engine.descriptor.TestMethodTestDescriptor.lambda$invokeTestMethod$7(TestMethodTestDescriptor.java:216)
	at org.junit.platform.engine.support.hierarchical.ThrowableCollector.execute(ThrowableCollector.java:73)
	at org.junit.jupiter.engine.descriptor.TestMethodTestDescriptor.invokeTestMethod(TestMethodTestDescriptor.java:212)
	at org.junit.jupiter.engine.descriptor.TestMethodTestDescriptor.execute(TestMethodTestDescriptor.java:137)
	at org.junit.jupiter.engine.descriptor.TestMethodTestDescriptor.execute(TestMethodTestDescriptor.java:69)
	at org.junit.platform.engine.support.hierarchical.NodeTestTask.lambda$executeRecursively$6(NodeTestTask.java:156)
	at org.junit.platform.engine.support.hierarchical.ThrowableCollector.execute(ThrowableCollector.java:73)
	at org.junit.platform.engine.support.hierarchical.NodeTestTask.lambda$executeRecursively$8(NodeTestTask.java:146)
	at org.junit.platform.engine.support.hierarchical.Node.around(Node.java:137)
	at org.junit.platform.engine.support.hierarchical.NodeTestTask.lambda$executeRecursively$9(NodeTestTask.java:144)
	at org.junit.platform.engine.support.hierarchical.ThrowableCollector.execute(ThrowableCollector.java:73)
	at org.junit.platform.engine.support.hierarchical.NodeTestTask.executeRecursively(NodeTestTask.java:143)
	at org.junit.platform.engine.support.hierarchical.NodeTestTask.execute(NodeTestTask.java:100)
	at java.base/java.util.ArrayList.forEach(ArrayList.java:1596)
	at org.junit.platform.engine.support.hierarchical.SameThreadHierarchicalTestExecutorService.invokeAll(SameThreadHierarchicalTestExecutorService.java:41)
	at org.junit.platform.engine.support.hierarchical.NodeTestTask.lambda$executeRecursively$6(NodeTestTask.java:160)
	at org.junit.platform.engine.support.hierarchical.ThrowableCollector.execute(ThrowableCollector.java:73)
	at org.junit.platform.engine.support.hierarchical.NodeTestTask.lambda$executeRecursively$8(NodeTestTask.java:146)
	at org.junit.platform.engine.support.hierarchical.Node.around(Node.java:137)
	at org.junit.platform.engine.support.hierarchical.NodeTestTask.lambda$executeRecursively$9(NodeTestTask.java:144)
	at org.junit.platform.engine.support.hierarchical.ThrowableCollector.execute(ThrowableCollector.java:73)
	at org.junit.platform.engine.support.hierarchical.NodeTestTask.executeRecursively(NodeTestTask.java:143)
	at org.junit.platform.engine.support.hierarchical.NodeTestTask.execute(NodeTestTask.java:100)
	at java.base/java.util.ArrayList.forEach(ArrayList.java:1596)
	at org.junit.platform.engine.support.hierarchical.SameThreadHierarchicalTestExecutorService.invokeAll(SameThreadHierarchicalTestExecutorService.java:41)
	at org.junit.platform.engine.support.hierarchical.NodeTestTask.lambda$executeRecursively$6(NodeTestTask.java:160)
	at org.junit.platform.engine.support.hierarchical.ThrowableCollector.execute(ThrowableCollector.java:73)
	at org.junit.platform.engine.support.hierarchical.NodeTestTask.lambda$executeRecursively$8(NodeTestTask.java:146)
	at org.junit.platform.engine.support.hierarchical.Node.around(Node.java:137)
	at org.junit.platform.engine.support.hierarchical.NodeTestTask.lambda$executeRecursively$9(NodeTestTask.java:144)
	at org.junit.platform.engine.support.hierarchical.ThrowableCollector.execute(ThrowableCollector.java:73)
	at org.junit.platform.engine.support.hierarchical.NodeTestTask.executeRecursively(NodeTestTask.java:143)
	at org.junit.platform.engine.support.hierarchical.NodeTestTask.execute(NodeTestTask.java:100)
	at org.junit.platform.engine.support.hierarchical.SameThreadHierarchicalTestExecutorService.submit(SameThreadHierarchicalTestExecutorService.java:35)
	at org.junit.platform.engine.support.hierarchical.HierarchicalTestExecutor.execute(HierarchicalTestExecutor.java:57)
	at org.junit.platform.engine.support.hierarchical.HierarchicalTestEngine.execute(HierarchicalTestEngine.java:54)
	at org.junit.platform.launcher.core.EngineExecutionOrchestrator.execute(EngineExecutionOrchestrator.java:201)
	at org.junit.platform.launcher.core.EngineExecutionOrchestrator.execute(EngineExecutionOrchestrator.java:170)
	at org.junit.platform.launcher.core.EngineExecutionOrchestrator.execute(EngineExecutionOrchestrator.java:94)
	at org.junit.platform.launcher.core.EngineExecutionOrchestrator.lambda$execute$0(EngineExecutionOrchestrator.java:59)
	at org.junit.platform.launcher.core.EngineExecutionOrchestrator.withInterceptedStreams(EngineExecutionOrchestrator.java:142)
	at org.junit.platform.launcher.core.EngineExecutionOrchestrator.execute(EngineExecutionOrchestrator.java:58)
	at org.junit.platform.launcher.core.DefaultLauncher.execute(DefaultLauncher.java:103)
	at org.junit.platform.launcher.core.DefaultLauncher.execute(DefaultLauncher.java:85)
	at org.junit.platform.launcher.core.DelegatingLauncher.execute(DelegatingLauncher.java:47)
	at org.junit.platform.launcher.core.InterceptingLauncher.lambda$execute$1(InterceptingLauncher.java:39)
	at org.junit.platform.launcher.core.ClasspathAlignmentCheckingLauncherInterceptor.intercept(ClasspathAlignmentCheckingLauncherInterceptor.java:25)
	at org.junit.platform.launcher.core.InterceptingLauncher.execute(InterceptingLauncher.java:38)
	at org.junit.platform.launcher.core.DelegatingLauncher.execute(DelegatingLauncher.java:47)
	at org.apache.maven.surefire.junitplatform.LauncherAdapter.executeWithoutCancellationToken(LauncherAdapter.java:60)
	at org.apache.maven.surefire.junitplatform.LauncherAdapter.execute(LauncherAdapter.java:52)
	at org.apache.maven.surefire.junitplatform.JUnitPlatformProvider.execute(JUnitPlatformProvider.java:203)
	at org.apache.maven.surefire.junitplatform.JUnitPlatformProvider.invokeAllTests(JUnitPlatformProvider.java:168)
	at org.apache.maven.surefire.junitplatform.JUnitPlatformProvider.invoke(JUnitPlatformProvider.java:136)
	at org.apache.maven.surefire.booter.ForkedBooter.runSuitesInProcess(ForkedBooter.java:385)
	at org.apache.maven.surefire.booter.ForkedBooter.execute(ForkedBooter.java:162)
	at org.apache.maven.surefire.booter.ForkedBooter.run(ForkedBooter.java:507)
	at org.apache.maven.surefire.booter.ForkedBooter.main(ForkedBooter.java:495)
Caused by: org.attoparser.ParseException: Error during execution of processor 'org.thymeleaf.spring6.processor.SpringSelectFieldTagProcessor' (template: "admin/ticket-form" - line 74, col 57)
	at org.attoparser.MarkupParser.parseDocument(MarkupParser.java:393)
	at org.attoparser.MarkupParser.parse(MarkupParser.java:257)
	at org.thymeleaf.templateparser.markup.AbstractMarkupTemplateParser.parse(AbstractMarkupTemplateParser.java:230)
	... 176 common frames omitted
Caused by: org.thymeleaf.exceptions.TemplateProcessingException: Error during execution of processor 'org.thymeleaf.spring6.processor.SpringSelectFieldTagProcessor' (template: "admin/ticket-form" - line 74, col 57)
	at org.thymeleaf.processor.element.AbstractAttributeTagProcessor.doProcess(AbstractAttributeTagProcessor.java:117)
	at org.thymeleaf.processor.element.AbstractElementTagProcessor.process(AbstractElementTagProcessor.java:95)
	at org.thymeleaf.util.ProcessorConfigurationUtils$ElementTagProcessorWrapper.process(ProcessorConfigurationUtils.java:633)
	at org.thymeleaf.engine.ProcessorTemplateHandler.handleOpenElement(ProcessorTemplateHandler.java:1314)
	at org.thymeleaf.engine.TemplateHandlerAdapterMarkupHandler.handleOpenElementEnd(TemplateHandlerAdapterMarkupHandler.java:304)
	at org.thymeleaf.templateparser.markup.InlinedOutputExpressionMarkupHandler$InlineMarkupAdapterPreProcessorHandler.handleOpenElementEnd(InlinedOutputExpressionMarkupHandler.java:278)
	at org.thymeleaf.standard.inline.OutputExpressionInlinePreProcessorHandler.handleOpenElementEnd(OutputExpressionInlinePreProcessorHandler.java:186)
	at org.thymeleaf.templateparser.markup.InlinedOutputExpressionMarkupHandler.handleOpenElementEnd(InlinedOutputExpressionMarkupHandler.java:124)
	at org.attoparser.HtmlElement.handleOpenElementEnd(HtmlElement.java:109)
	at org.attoparser.HtmlMarkupHandler.handleOpenElementEnd(HtmlMarkupHandler.java:297)
	at org.attoparser.MarkupEventProcessorHandler.handleOpenElementEnd(MarkupEventProcessorHandler.java:402)
	at org.attoparser.ParsingElementMarkupUtil.parseOpenElement(ParsingElementMarkupUtil.java:159)
	at org.attoparser.MarkupParser.parseBuffer(MarkupParser.java:710)
	at org.attoparser.MarkupParser.parseDocument(MarkupParser.java:301)
	... 178 common frames omitted
Caused by: java.lang.IllegalStateException: Neither BindingResult nor plain target object for bean name 'tecnico' available as request attribute
	at org.springframework.web.servlet.support.BindStatus.<init>(BindStatus.java:153)
	at org.springframework.web.servlet.support.RequestContext.getBindStatus(RequestContext.java:928)
	at org.thymeleaf.spring6.context.webmvc.SpringWebMvcThymeleafRequestContext.getBindStatus(SpringWebMvcThymeleafRequestContext.java:232)
	at org.thymeleaf.spring6.util.FieldUtils.getBindStatusFromParsedExpression(FieldUtils.java:306)
	at org.thymeleaf.spring6.util.FieldUtils.getBindStatus(FieldUtils.java:253)
	at org.thymeleaf.spring6.util.FieldUtils.getBindStatus(FieldUtils.java:227)
	at org.thymeleaf.spring6.processor.AbstractSpringFieldTagProcessor.doProcess(AbstractSpringFieldTagProcessor.java:174)
	at org.thymeleaf.processor.element.AbstractAttributeTagProcessor.doProcess(AbstractAttributeTagProcessor.java:74)
	... 191 common frames omitted
2026-07-07 13:13:30.668 [main] DEBUG o.s.s.w.c.HttpSessionSecurityContextRepository - Created HttpSession as SecurityContext is non-default
2026-07-07 13:13:30.669 [main] DEBUG o.s.s.w.c.HttpSessionSecurityContextRepository - Stored SecurityContextImpl [Authentication=UsernamePasswordAuthenticationToken [Principal=org.springframework.security.core.userdetails.User [Username=user, Password=[PROTECTED], Enabled=true, AccountNonExpired=true, CredentialsNonExpired=true, AccountNonLocked=true, Granted Authorities=[ROLE_ADMIN]], Credentials=[PROTECTED], Authenticated=true, Details=null, Granted Authorities=[ROLE_ADMIN]]] to HttpSession [org.springframework.mock.web.MockHttpSession@6b1e6f8b]
2026-07-07 13:13:30.670 [main] DEBUG o.s.security.web.FilterChainProxy - Securing GET /admin/tickets/edit/1
2026-07-07 13:13:30.670 [main] DEBUG o.s.s.w.c.HttpSessionSecurityContextRepository - Retrieved SecurityContextImpl [Authentication=UsernamePasswordAuthenticationToken [Principal=org.springframework.security.core.userdetails.User [Username=user, Password=[PROTECTED], Enabled=true, AccountNonExpired=true, CredentialsNonExpired=true, AccountNonLocked=true, Granted Authorities=[ROLE_ADMIN]], Credentials=[PROTECTED], Authenticated=true, Details=null, Granted Authorities=[ROLE_ADMIN]]]
2026-07-07 13:13:30.670 [main] DEBUG o.s.security.web.FilterChainProxy - Secured GET /admin/tickets/edit/1
2026-07-07 13:13:30.766 [main] DEBUG o.s.s.w.c.HttpSessionSecurityContextRepository - Created HttpSession as SecurityContext is non-default
2026-07-07 13:13:30.766 [main] DEBUG o.s.s.w.c.HttpSessionSecurityContextRepository - Stored SecurityContextImpl [Authentication=UsernamePasswordAuthenticationToken [Principal=org.springframework.security.core.userdetails.User [Username=user, Password=[PROTECTED], Enabled=true, AccountNonExpired=true, CredentialsNonExpired=true, AccountNonLocked=true, Granted Authorities=[ROLE_ADMIN]], Credentials=[PROTECTED], Authenticated=true, Details=null, Granted Authorities=[ROLE_ADMIN]]] to HttpSession [org.springframework.mock.web.MockHttpSession@424a32fe]
2026-07-07 13:13:30.767 [main] DEBUG o.s.security.web.FilterChainProxy - Securing GET /admin/users/delete/1
2026-07-07 13:13:30.767 [main] DEBUG o.s.s.w.c.HttpSessionSecurityContextRepository - Retrieved SecurityContextImpl [Authentication=UsernamePasswordAuthenticationToken [Principal=org.springframework.security.core.userdetails.User [Username=user, Password=[PROTECTED], Enabled=true, AccountNonExpired=true, CredentialsNonExpired=true, AccountNonLocked=true, Granted Authorities=[ROLE_ADMIN]], Credentials=[PROTECTED], Authenticated=true, Details=null, Granted Authorities=[ROLE_ADMIN]]]
2026-07-07 13:13:30.767 [main] DEBUG o.s.security.web.FilterChainProxy - Secured GET /admin/users/delete/1
2026-07-07 13:13:30.785 [main] DEBUG o.s.s.w.c.HttpSessionSecurityContextRepository - Created HttpSession as SecurityContext is non-default
2026-07-07 13:13:30.785 [main] DEBUG o.s.s.w.c.HttpSessionSecurityContextRepository - Stored SecurityContextImpl [Authentication=UsernamePasswordAuthenticationToken [Principal=org.springframework.security.core.userdetails.User [Username=user, Password=[PROTECTED], Enabled=true, AccountNonExpired=true, CredentialsNonExpired=true, AccountNonLocked=true, Granted Authorities=[ROLE_ADMIN]], Credentials=[PROTECTED], Authenticated=true, Details=null, Granted Authorities=[ROLE_ADMIN]]] to HttpSession [org.springframework.mock.web.MockHttpSession@1d8f923f]
2026-07-07 13:13:30.785 [main] DEBUG o.s.security.web.FilterChainProxy - Securing GET /admin/technicians/new
2026-07-07 13:13:30.786 [main] DEBUG o.s.s.w.c.HttpSessionSecurityContextRepository - Retrieved SecurityContextImpl [Authentication=UsernamePasswordAuthenticationToken [Principal=org.springframework.security.core.userdetails.User [Username=user, Password=[PROTECTED], Enabled=true, AccountNonExpired=true, CredentialsNonExpired=true, AccountNonLocked=true, Granted Authorities=[ROLE_ADMIN]], Credentials=[PROTECTED], Authenticated=true, Details=null, Granted Authorities=[ROLE_ADMIN]]]
2026-07-07 13:13:30.787 [main] DEBUG o.s.security.web.FilterChainProxy - Secured GET /admin/technicians/new
2026-07-07 13:13:30.810 [main] DEBUG o.s.s.w.c.HttpSessionSecurityContextRepository - Created HttpSession as SecurityContext is non-default
2026-07-07 13:13:30.810 [main] DEBUG o.s.s.w.c.HttpSessionSecurityContextRepository - Stored SecurityContextImpl [Authentication=UsernamePasswordAuthenticationToken [Principal=org.springframework.security.core.userdetails.User [Username=user, Password=[PROTECTED], Enabled=true, AccountNonExpired=true, CredentialsNonExpired=true, AccountNonLocked=true, Granted Authorities=[ROLE_ADMIN]], Credentials=[PROTECTED], Authenticated=true, Details=null, Granted Authorities=[ROLE_ADMIN]]] to HttpSession [org.springframework.mock.web.MockHttpSession@3e7aa2c9]
2026-07-07 13:13:30.812 [main] DEBUG o.s.security.web.FilterChainProxy - Securing GET /admin/technicians
2026-07-07 13:13:30.812 [main] DEBUG o.s.s.w.c.HttpSessionSecurityContextRepository - Retrieved SecurityContextImpl [Authentication=UsernamePasswordAuthenticationToken [Principal=org.springframework.security.core.userdetails.User [Username=user, Password=[PROTECTED], Enabled=true, AccountNonExpired=true, CredentialsNonExpired=true, AccountNonLocked=true, Granted Authorities=[ROLE_ADMIN]], Credentials=[PROTECTED], Authenticated=true, Details=null, Granted Authorities=[ROLE_ADMIN]]]
2026-07-07 13:13:30.813 [main] DEBUG o.s.security.web.FilterChainProxy - Secured GET /admin/technicians
2026-07-07 13:13:30.857 [main] DEBUG o.s.security.web.FilterChainProxy - Securing GET /
2026-07-07 13:13:30.860 [main] DEBUG o.s.s.w.a.AnonymousAuthenticationFilter - Set SecurityContextHolder to anonymous SecurityContext
2026-07-07 13:13:30.867 [main] DEBUG o.s.s.w.s.HttpSessionRequestCache - Saved request http://localhost/?continue to session
2026-07-07 13:13:30.870 [main] DEBUG o.s.s.w.a.DelegatingAuthenticationEntryPoint - Trying to match using And [Not [RequestHeaderRequestMatcher [expectedHeaderName=X-Requested-With, expectedHeaderValue=XMLHttpRequest]], MediaTypeRequestMatcher [contentNegotiationStrategy=org.springframework.web.accept.ContentNegotiationManager@30ee1a38, matchingMediaTypes=[application/xhtml+xml, image/*, text/html, text/plain], useEquals=false, ignoredMediaTypes=[*/*]]]
2026-07-07 13:13:30.871 [main] DEBUG o.s.s.w.a.DelegatingAuthenticationEntryPoint - Trying to match using Or [RequestHeaderRequestMatcher [expectedHeaderName=X-Requested-With, expectedHeaderValue=XMLHttpRequest], And [Not [MediaTypeRequestMatcher [contentNegotiationStrategy=org.springframework.web.accept.ContentNegotiationManager@30ee1a38, matchingMediaTypes=[text/html], useEquals=false, ignoredMediaTypes=[]]], MediaTypeRequestMatcher [contentNegotiationStrategy=org.springframework.web.accept.ContentNegotiationManager@30ee1a38, matchingMediaTypes=[application/atom+xml, application/x-www-form-urlencoded, application/json, application/octet-stream, application/xml, multipart/form-data, text/xml], useEquals=false, ignoredMediaTypes=[*/*]]], MediaTypeRequestMatcher [contentNegotiationStrategy=org.springframework.web.accept.ContentNegotiationManager@30ee1a38, matchingMediaTypes=[*/*], useEquals=true, ignoredMediaTypes=[]]]
2026-07-07 13:13:30.871 [main] DEBUG o.s.s.w.a.DelegatingAuthenticationEntryPoint - Match found! Executing org.springframework.security.web.authentication.DelegatingAuthenticationEntryPoint@1ccb0482
2026-07-07 13:13:30.871 [main] DEBUG o.s.s.w.a.DelegatingAuthenticationEntryPoint - Trying to match using RequestHeaderRequestMatcher [expectedHeaderName=X-Requested-With, expectedHeaderValue=XMLHttpRequest]
2026-07-07 13:13:30.871 [main] DEBUG o.s.s.w.a.DelegatingAuthenticationEntryPoint - No match found. Using default entry point org.springframework.security.web.authentication.www.BasicAuthenticationEntryPoint@3c31c0c8
2026-07-07 13:13:30.887 [main] DEBUG o.s.s.w.c.HttpSessionSecurityContextRepository - Created HttpSession as SecurityContext is non-default
2026-07-07 13:13:30.887 [main] DEBUG o.s.s.w.c.HttpSessionSecurityContextRepository - Stored SecurityContextImpl [Authentication=UsernamePasswordAuthenticationToken [Principal=org.springframework.security.core.userdetails.User [Username=user, Password=[PROTECTED], Enabled=true, AccountNonExpired=true, CredentialsNonExpired=true, AccountNonLocked=true, Granted Authorities=[ROLE_ADMIN]], Credentials=[PROTECTED], Authenticated=true, Details=null, Granted Authorities=[ROLE_ADMIN]]] to HttpSession [org.springframework.mock.web.MockHttpSession@7b60846c]
2026-07-07 13:13:30.888 [main] DEBUG o.s.security.web.FilterChainProxy - Securing GET /admin/technicians/delete/1
2026-07-07 13:13:30.888 [main] DEBUG o.s.s.w.c.HttpSessionSecurityContextRepository - Retrieved SecurityContextImpl [Authentication=UsernamePasswordAuthenticationToken [Principal=org.springframework.security.core.userdetails.User [Username=user, Password=[PROTECTED], Enabled=true, AccountNonExpired=true, CredentialsNonExpired=true, AccountNonLocked=true, Granted Authorities=[ROLE_ADMIN]], Credentials=[PROTECTED], Authenticated=true, Details=null, Granted Authorities=[ROLE_ADMIN]]]
2026-07-07 13:13:30.888 [main] DEBUG o.s.security.web.FilterChainProxy - Secured GET /admin/technicians/delete/1
2026-07-07 13:13:30.902 [main] DEBUG o.s.s.w.c.HttpSessionSecurityContextRepository - Created HttpSession as SecurityContext is non-default
2026-07-07 13:13:30.902 [main] DEBUG o.s.s.w.c.HttpSessionSecurityContextRepository - Stored SecurityContextImpl [Authentication=UsernamePasswordAuthenticationToken [Principal=org.springframework.security.core.userdetails.User [Username=user, Password=[PROTECTED], Enabled=true, AccountNonExpired=true, CredentialsNonExpired=true, AccountNonLocked=true, Granted Authorities=[ROLE_ADMIN]], Credentials=[PROTECTED], Authenticated=true, Details=null, Granted Authorities=[ROLE_ADMIN]]] to HttpSession [org.springframework.mock.web.MockHttpSession@68332e0e]
2026-07-07 13:13:30.903 [main] DEBUG o.s.security.web.FilterChainProxy - Securing GET /admin/users
2026-07-07 13:13:30.903 [main] DEBUG o.s.s.w.c.HttpSessionSecurityContextRepository - Retrieved SecurityContextImpl [Authentication=UsernamePasswordAuthenticationToken [Principal=org.springframework.security.core.userdetails.User [Username=user, Password=[PROTECTED], Enabled=true, AccountNonExpired=true, CredentialsNonExpired=true, AccountNonLocked=true, Granted Authorities=[ROLE_ADMIN]], Credentials=[PROTECTED], Authenticated=true, Details=null, Granted Authorities=[ROLE_ADMIN]]]
2026-07-07 13:13:30.903 [main] DEBUG o.s.security.web.FilterChainProxy - Secured GET /admin/users
2026-07-07 13:13:30.937 [main] INFO  o.s.t.c.s.AnnotationConfigContextLoaderUtils - Could not detect default configuration classes for test class [com.itsm.incidentmanagement.IncidentManagementApplicationTests]: IncidentManagementApplicationTests does not declare any static, non-private, non-final, nested classes annotated with @Configuration.
2026-07-07 13:13:30.956 [main] INFO  o.s.b.t.c.SpringBootTestContextBootstrapper - Found @SpringBootConfiguration com.itsm.incidentmanagement.IncidentManagementApplication for test class com.itsm.incidentmanagement.IncidentManagementApplicationTests
2026-07-07 13:13:31.006 [main] INFO  c.i.i.IncidentManagementApplicationTests - Starting IncidentManagementApplicationTests using Java 21.0.10 with PID 23020 (started by Usuario in C:\Users\Usuario\Documents\Tecnisign\UFCD 10790 – Projeto de Programação\incident-management)
2026-07-07 13:13:31.006 [main] DEBUG c.i.i.IncidentManagementApplicationTests - Running with Spring Boot v3.5.14, Spring v6.2.18
2026-07-07 13:13:31.006 [main] INFO  c.i.i.IncidentManagementApplicationTests - No active profile set, falling back to 1 default profile: "default"
2026-07-07 13:13:32.303 [main] INFO  o.s.d.r.c.RepositoryConfigurationDelegate - Bootstrapping Spring Data JPA repositories in DEFAULT mode.
2026-07-07 13:13:32.399 [main] INFO  o.s.d.r.c.RepositoryConfigurationDelegate - Finished Spring Data repository scanning in 78 ms. Found 5 JPA repository interfaces.
2026-07-07 13:13:33.018 [main] INFO  o.h.jpa.internal.util.LogHelper - HHH000204: Processing PersistenceUnitInfo [name: default]
2026-07-07 13:13:33.171 [main] INFO  org.hibernate.Version - HHH000412: Hibernate ORM core version 6.6.49.Final
2026-07-07 13:13:33.254 [main] INFO  o.h.c.i.RegionFactoryInitiator - HHH000026: Second-level cache disabled
2026-07-07 13:13:33.526 [main] INFO  o.s.o.j.p.SpringPersistenceUnitInfo - No LoadTimeWeaver setup: ignoring JPA class transformer
2026-07-07 13:13:33.579 [main] INFO  com.zaxxer.hikari.HikariDataSource - HikariPool-1 - Starting...
2026-07-07 13:13:33.922 [main] INFO  com.zaxxer.hikari.pool.HikariPool - HikariPool-1 - Added connection org.postgresql.jdbc.PgConnection@26e14208
2026-07-07 13:13:33.924 [main] INFO  com.zaxxer.hikari.HikariDataSource - HikariPool-1 - Start completed.
2026-07-07 13:13:33.993 [main] WARN  org.hibernate.orm.deprecation - HHH90000025: PostgreSQLDialect does not need to be specified explicitly using 'hibernate.dialect' (remove the property setting and it will be selected by default)
2026-07-07 13:13:34.029 [main] INFO  o.hibernate.orm.connections.pooling - HHH10001005: Database info:
	Database JDBC URL [Connecting through datasource 'HikariDataSource (HikariPool-1)']
	Database driver: undefined/unknown
	Database version: 15.18
	Autocommit mode: undefined/unknown
	Isolation level: undefined/unknown
	Minimum pool size: undefined/unknown
	Maximum pool size: undefined/unknown
2026-07-07 13:13:35.677 [main] INFO  o.h.e.t.j.p.i.JtaPlatformInitiator - HHH000489: No JTA platform available (set 'hibernate.transaction.jta.platform' to enable JTA platform integration)
2026-07-07 13:13:35.846 [main] INFO  o.s.o.j.LocalContainerEntityManagerFactoryBean - Initialized JPA EntityManagerFactory for persistence unit 'default'
2026-07-07 13:13:36.430 [main] INFO  c.i.i.s.s.CustomUserDetailsService - CustomUserDetailsService inicializado!
2026-07-07 13:13:36.431 [main] INFO  c.i.i.s.f.JwtAuthenticationFilter - JwtAuthenticationFilter inicializado!
2026-07-07 13:13:36.434 [main] INFO  c.i.i.security.config.SecurityConfig - SecurityConfig inicializado!
2026-07-07 13:13:36.436 [main] DEBUG c.i.i.security.config.SecurityConfig - PasswordEncoder BCrypt criado
2026-07-07 13:13:36.438 [main] INFO  c.i.i.controller.ApiAuthController - ApiAuthController inicializado
2026-07-07 13:13:36.462 [main] INFO  c.i.i.c.CompetenciaWebController - CompetenciaWebController inicializado
2026-07-07 13:13:36.657 [main] DEBUG org.hibernate.SQL - 
    select
        t1_0.id,
        t1_0.carga_trabalho_atual,
        t1_0.disponibilidade,
        t1_0.utilizador_id 
    from
        tecnico t1_0
2026-07-07 13:13:36.713 [main] DEBUG org.hibernate.SQL - 
    select
        u1_0.id,
        u1_0.created_at,
        u1_0.email,
        u1_0.nome,
        u1_0.password_hash,
        u1_0.role,
        u1_0.username 
    from
        utilizador u1_0 
    where
        u1_0.id=?
2026-07-07 13:13:36.727 [main] DEBUG org.hibernate.SQL - 
    select
        u1_0.id,
        u1_0.created_at,
        u1_0.email,
        u1_0.nome,
        u1_0.password_hash,
        u1_0.role,
        u1_0.username 
    from
        utilizador u1_0 
    where
        u1_0.id=?
2026-07-07 13:13:36.729 [main] DEBUG org.hibernate.SQL - 
    select
        c1_0.tecnico_id,
        c1_1.id,
        c1_1.nome 
    from
        tecnico_competencia c1_0 
    join
        competencia c1_1 
            on c1_1.id=c1_0.competencia_id 
    where
        c1_0.tecnico_id=?
2026-07-07 13:13:36.738 [main] DEBUG org.hibernate.SQL - 
    select
        c1_0.tecnico_id,
        c1_1.id,
        c1_1.nome 
    from
        tecnico_competencia c1_0 
    join
        competencia c1_1 
            on c1_1.id=c1_0.competencia_id 
    where
        c1_0.tecnico_id=?
2026-07-07 13:13:36.818 [main] INFO  c.i.i.service.CacheService -    Técnico carregado: Joao Tecnico | Competências: 8
2026-07-07 13:13:36.818 [main] INFO  c.i.i.service.CacheService -    Técnico carregado: Carlos Soares | Competências: 7
2026-07-07 13:13:36.821 [main] DEBUG org.hibernate.SQL - 
    select
        t1_0.id,
        t1_0.aberto_por_id,
        t1_0.ativo_id,
        t1_0.data_abertura,
        t1_0.data_fecho,
        t1_0.descricao,
        t1_0.estado,
        t1_0.prioridade,
        t1_0.tecnico_id,
        t1_0.tipo,
        t1_0.titulo 
    from
        ticket t1_0
2026-07-07 13:13:36.824 [main] DEBUG org.hibernate.SQL - 
    select
        u1_0.id,
        u1_0.created_at,
        u1_0.email,
        u1_0.nome,
        u1_0.password_hash,
        u1_0.role,
        u1_0.username 
    from
        utilizador u1_0 
    where
        u1_0.id=?
2026-07-07 13:13:36.825 [main] DEBUG org.hibernate.SQL - 
    select
        t1_0.id,
        t1_0.carga_trabalho_atual,
        c1_0.tecnico_id,
        c1_1.id,
        c1_1.nome,
        t1_0.disponibilidade,
        t1_0.utilizador_id,
        u1_0.id,
        u1_0.created_at,
        u1_0.email,
        u1_0.nome,
        u1_0.password_hash,
        u1_0.role,
        u1_0.username 
    from
        tecnico t1_0 
    left join
        tecnico_competencia c1_0 
            on t1_0.id=c1_0.tecnico_id 
    left join
        competencia c1_1 
            on c1_1.id=c1_0.competencia_id 
    join
        utilizador u1_0 
            on u1_0.id=t1_0.utilizador_id 
    where
        t1_0.id=?
2026-07-07 13:13:36.831 [main] INFO  c.i.i.service.CacheService - Cache carregado: 2 técnicos, 2 tickets
2026-07-07 13:13:36.862 [main] INFO  c.i.i.controller.WebController - WebController carregado com sucesso
2026-07-07 13:13:37.224 [main] INFO  o.s.b.a.e.web.EndpointLinksResolver - Exposing 3 endpoints beneath base path '/actuator'
2026-07-07 13:13:37.261 [main] WARN  o.s.b.a.o.j.JpaBaseConfiguration$JpaWebConfiguration - spring.jpa.open-in-view is enabled by default. Therefore, database queries may be performed during view rendering. Explicitly configure spring.jpa.open-in-view to disable this warning
2026-07-07 13:13:37.275 [main] INFO  o.s.b.a.w.s.WelcomePageHandlerMapping - Adding welcome page: class path resource [static/index.html]
2026-07-07 13:13:37.406 [main] INFO  o.s.s.c.a.a.c.InitializeUserDetailsBeanManagerConfigurer$InitializeUserDetailsManagerConfigurer - Global AuthenticationManager configured with UserDetailsService bean with name customUserDetailsService
2026-07-07 13:13:37.408 [main] INFO  c.i.i.security.config.SecurityConfig - Modo segurança ativado (JWT + Web)
2026-07-07 13:13:37.479 [main] DEBUG o.s.s.web.DefaultSecurityFilterChain - Will secure any request with filters: DisableEncodeUrlFilter, WebAsyncManagerIntegrationFilter, SecurityContextHolderFilter, HeaderWriterFilter, CorsFilter, CsrfFilter, LogoutFilter, JwtAuthenticationFilter, UsernamePasswordAuthenticationFilter, RequestCacheAwareFilter, SecurityContextHolderAwareRequestFilter, AnonymousAuthenticationFilter, SessionManagementFilter, ExceptionTranslationFilter, AuthorizationFilter
2026-07-07 13:13:37.946 [main] INFO  c.i.i.IncidentManagementApplicationTests - Started IncidentManagementApplicationTests in 6.976 seconds (process running for 17.651)
2026-07-07 13:13:38.111 [main] INFO  AUDIT - TICKET_CREATE | TicketId: 1 | Titulo: Problema de rede | UserId: 9 | Status: ABERTO
2026-07-07 13:13:38.118 [main] ERROR AUDIT - ERROR | Operation: ATRIBUICAO | Message: Erro ao atribuir | Details: Detalhes do erro
2026-07-07 13:13:38.123 [main] INFO  AUDIT - LOGIN | Username: admin | Success: true | IP: 127.0.0.1
2026-07-07 13:13:38.126 [main] INFO  AUDIT - TICKET_STATE_CHANGE | TicketId: 1 | OldState: ABERTO | NewState: EM_CURSO | UserId: 9
2026-07-07 13:13:38.130 [main] INFO  AUDIT - TICKET_ASSIGN | TicketId: 1 | TecnicoId: 1 | AssignedBy: 9
2026-07-07 13:13:38.608 [main] INFO  c.i.i.s.TicketAssignmentService - ========================================
2026-07-07 13:13:38.609 [main] INFO  c.i.i.s.TicketAssignmentService - A atribuir técnico para ticket: Problema de rede
2026-07-07 13:13:38.609 [main] INFO  c.i.i.s.TicketAssignmentService - ========================================
2026-07-07 13:13:38.609 [main] DEBUG c.i.i.s.TicketAssignmentService - Total de técnicos na cache: 2
2026-07-07 13:13:38.610 [main] DEBUG c.i.i.s.TicketAssignmentService - Palavras-chave extraídas: [rede, intermitente, acesso, problema, internet]
2026-07-07 13:13:38.610 [main] DEBUG c.i.i.s.TicketAssignmentService -    Joao Tecnico | Competências: Servidores, PostgreSQL | Carga: 1
2026-07-07 13:13:38.610 [main] DEBUG c.i.i.s.TicketAssignmentService -    Maria Tecnico | Competências: Linux, Redes | Carga: 0
2026-07-07 13:13:38.611 [main] DEBUG c.i.i.s.TicketAssignmentService - Técnicos com competências relevantes: 1
2026-07-07 13:13:38.612 [main] DEBUG c.i.i.s.TicketAssignmentService - Dia atual: TUESDAY | Hora: 13:13:38.612350700
2026-07-07 13:13:38.630 [main] DEBUG c.i.i.s.TicketAssignmentService - Técnicos disponíveis (horário): 0
2026-07-07 13:13:38.630 [main] DEBUG c.i.i.s.TicketAssignmentService - Nenhum técnico disponível no horário atual!
2026-07-07 13:13:38.638 [main] INFO  c.i.i.s.TicketAssignmentService - ========================================
2026-07-07 13:13:38.639 [main] INFO  c.i.i.s.TicketAssignmentService - A atribuir técnico para ticket: Problema de impressora
2026-07-07 13:13:38.639 [main] INFO  c.i.i.s.TicketAssignmentService - ========================================
2026-07-07 13:13:38.639 [main] DEBUG c.i.i.s.TicketAssignmentService - Total de técnicos na cache: 2
2026-07-07 13:13:38.640 [main] DEBUG c.i.i.s.TicketAssignmentService - Palavras-chave extraídas: [imprime, problema, impressora]
2026-07-07 13:13:38.640 [main] DEBUG c.i.i.s.TicketAssignmentService -    Joao Tecnico | Competências: PostgreSQL, Servidores | Carga: 0
2026-07-07 13:13:38.640 [main] DEBUG c.i.i.s.TicketAssignmentService -    Maria Tecnico | Competências: Linux, Redes | Carga: 0
2026-07-07 13:13:38.640 [main] DEBUG c.i.i.s.TicketAssignmentService - Técnicos com competências relevantes: 0
2026-07-07 13:13:38.640 [main] DEBUG c.i.i.s.TicketAssignmentService - Nenhum técnico com competências relevantes!
2026-07-07 13:13:38.643 [main] INFO  c.i.i.s.TicketAssignmentService - ========================================
2026-07-07 13:13:38.644 [main] INFO  c.i.i.s.TicketAssignmentService - A atribuir técnico para ticket: Problema de rede
2026-07-07 13:13:38.644 [main] INFO  c.i.i.s.TicketAssignmentService - ========================================
2026-07-07 13:13:38.644 [main] DEBUG c.i.i.s.TicketAssignmentService - Total de técnicos na cache: 0
2026-07-07 13:13:38.644 [main] DEBUG c.i.i.s.TicketAssignmentService - Nenhum técnico encontrado na cache! A recarregar...
2026-07-07 13:13:38.645 [main] DEBUG c.i.i.s.TicketAssignmentService - Após recarregar: 0 técnicos
2026-07-07 13:13:38.645 [main] DEBUG c.i.i.s.TicketAssignmentService - Continua sem técnicos! Verificar base de dados.
2026-07-07 13:13:38.647 [main] INFO  c.i.i.s.TicketAssignmentService - ========================================
2026-07-07 13:13:38.647 [main] INFO  c.i.i.s.TicketAssignmentService - A atribuir técnico para ticket: Problema de rede
2026-07-07 13:13:38.647 [main] INFO  c.i.i.s.TicketAssignmentService - ========================================
2026-07-07 13:13:38.648 [main] DEBUG c.i.i.s.TicketAssignmentService - Total de técnicos na cache: 2
2026-07-07 13:13:38.648 [main] DEBUG c.i.i.s.TicketAssignmentService - Palavras-chave extraídas: [rede, intermitente, acesso, problema, internet]
2026-07-07 13:13:38.648 [main] DEBUG c.i.i.s.TicketAssignmentService -    Joao Tecnico | Competências: PostgreSQL, Servidores | Carga: 0
2026-07-07 13:13:38.648 [main] DEBUG c.i.i.s.TicketAssignmentService -    Maria Tecnico | Competências: Linux, Redes | Carga: 0
2026-07-07 13:13:38.648 [main] DEBUG c.i.i.s.TicketAssignmentService - Técnicos com competências relevantes: 1
2026-07-07 13:13:38.648 [main] DEBUG c.i.i.s.TicketAssignmentService - Dia atual: TUESDAY | Hora: 13:13:38.648823400
2026-07-07 13:13:38.648 [main] DEBUG c.i.i.s.TicketAssignmentService - Técnicos disponíveis (horário): 0
2026-07-07 13:13:38.648 [main] DEBUG c.i.i.s.TicketAssignmentService - Nenhum técnico disponível no horário atual!
2026-07-07 13:13:38.664 [main] INFO  c.i.i.service.TicketService - AUDIT - Criação de ticket: Teste
2026-07-07 13:13:38.665 [main] ERROR c.i.i.service.TicketService - ❌ Erro no algoritmo de atribuição: Cannot invoke "com.itsm.incidentmanagement.service.TicketAssignmentService.assignTechnician(com.itsm.incidentmanagement.model.entity.Ticket)" because "<local3>.ticketAssignmentService" is null
2026-07-07 13:13:38.666 [main] INFO  c.i.i.service.TicketService - AUDIT - Ticket criado com ID: 1
2026-07-07 13:13:38.681 [main] INFO  c.i.i.service.TicketService - AUDIT - Criação de ticket: Teste
2026-07-07 13:13:38.682 [main] ERROR c.i.i.service.TicketService - ❌ Erro no algoritmo de atribuição: Cannot invoke "com.itsm.incidentmanagement.service.TicketAssignmentService.assignTechnician(com.itsm.incidentmanagement.model.entity.Ticket)" because "<local3>.ticketAssignmentService" is null
2026-07-07 13:13:38.690 [main] INFO  c.i.i.service.TicketService - AUDIT - Atualizando estado do ticket 1 para RESOLVIDO
2026-07-07 13:13:38.691 [main] INFO  c.i.i.service.TicketService - AUDIT - Carga do técnico 1 reduzida para 0
2026-07-07 13:13:38.691 [main] INFO  c.i.i.service.TicketService - AUDIT - Ticket 1 resolvido em 2026-07-07T13:13:38.691298
2026-07-07 13:13:38.719 [main] ERROR c.i.i.service.UtilizadorService - Erro ao remover utilizador 9: Cannot invoke "com.itsm.incidentmanagement.repository.TecnicoRepository.findByUtilizadorId(java.lang.Long)" because "<local3>.tecnicoRepository" is null
2026-07-07 13:13:38.778 [SpringApplicationShutdownHook] INFO  o.s.o.j.LocalContainerEntityManagerFactoryBean - Closing JPA EntityManagerFactory for persistence unit 'default'
2026-07-07 13:13:38.988 [SpringApplicationShutdownHook] INFO  com.zaxxer.hikari.HikariDataSource - HikariPool-1 - Shutdown initiated...
2026-07-07 13:13:38.991 [SpringApplicationShutdownHook] INFO  com.zaxxer.hikari.HikariDataSource - HikariPool-1 - Shutdown completed.
2026-07-07 13:15:37.200 [background-preinit] INFO  o.h.validator.internal.util.Version - HV000001: Hibernate Validator 8.0.3.Final
2026-07-07 13:15:37.326 [main] INFO  c.i.i.c.DashboardControllerTest - Starting DashboardControllerTest using Java 21.0.10 with PID 22572 (started by Usuario in C:\Users\Usuario\Documents\Tecnisign\UFCD 10790 – Projeto de Programação\incident-management)
2026-07-07 13:15:37.327 [main] DEBUG c.i.i.c.DashboardControllerTest - Running with Spring Boot v3.5.14, Spring v6.2.18
2026-07-07 13:15:37.328 [main] INFO  c.i.i.c.DashboardControllerTest - No active profile set, falling back to 1 default profile: "default"
2026-07-07 13:15:40.979 [main] INFO  c.i.i.s.f.JwtAuthenticationFilter - JwtAuthenticationFilter inicializado!
2026-07-07 13:15:41.186 [main] INFO  o.s.b.a.w.s.WelcomePageHandlerMapping - Adding welcome page: class path resource [static/index.html]
2026-07-07 13:15:42.019 [main] WARN  o.s.s.c.a.a.c.InitializeUserDetailsBeanManagerConfigurer$InitializeUserDetailsManagerConfigurer - Found 2 UserDetailsService beans, with names [inMemoryUserDetailsManager, com.itsm.incidentmanagement.security.service.CustomUserDetailsService#0]. Global Authentication Manager will not use a UserDetailsService for username/password login. Consider publishing a single UserDetailsService bean.
2026-07-07 13:15:42.019 [main] DEBUG o.s.s.c.a.a.c.AuthenticationConfiguration$DefaultPasswordEncoderAuthenticationManagerBuilder - No authenticationProviders and no parentAuthenticationManager defined. Returning null.
2026-07-07 13:15:42.279 [main] DEBUG o.s.s.web.DefaultSecurityFilterChain - Will secure any request with filters: DisableEncodeUrlFilter, WebAsyncManagerIntegrationFilter, SecurityContextHolderFilter, HeaderWriterFilter, CsrfFilter, LogoutFilter, UsernamePasswordAuthenticationFilter, DefaultResourcesFilter, DefaultLoginPageGeneratingFilter, DefaultLogoutPageGeneratingFilter, BasicAuthenticationFilter, RequestCacheAwareFilter, SecurityContextHolderAwareRequestFilter, AnonymousAuthenticationFilter, ExceptionTranslationFilter, AuthorizationFilter
2026-07-07 13:15:42.345 [main] WARN  o.s.b.a.s.s.UserDetailsServiceAutoConfiguration - 

Using generated security password: e119d2fd-38ee-4123-a68b-69ca0e6303b1

This generated password is for development use only. Your security configuration must be updated before running your application in production.

2026-07-07 13:15:42.442 [main] DEBUG c.i.i.s.f.JwtAuthenticationFilter - Filter 'jwtAuthenticationFilter' configured for use
2026-07-07 13:15:42.455 [main] INFO  o.s.b.t.m.w.SpringBootMockServletContext - Initializing Spring TestDispatcherServlet ''
2026-07-07 13:15:42.456 [main] INFO  o.s.t.w.s.TestDispatcherServlet - Initializing Servlet ''
2026-07-07 13:15:42.458 [main] INFO  o.s.t.w.s.TestDispatcherServlet - Completed initialization in 1 ms
2026-07-07 13:15:42.511 [main] INFO  c.i.i.c.DashboardControllerTest - Started DashboardControllerTest in 6.519 seconds (process running for 8.892)
2026-07-07 13:15:42.669 [main] DEBUG o.s.s.w.c.HttpSessionSecurityContextRepository - Created HttpSession as SecurityContext is non-default
2026-07-07 13:15:42.670 [main] DEBUG o.s.s.w.c.HttpSessionSecurityContextRepository - Stored SecurityContextImpl [Authentication=UsernamePasswordAuthenticationToken [Principal=org.springframework.security.core.userdetails.User [Username=user, Password=[PROTECTED], Enabled=true, AccountNonExpired=true, CredentialsNonExpired=true, AccountNonLocked=true, Granted Authorities=[ROLE_ADMIN]], Credentials=[PROTECTED], Authenticated=true, Details=null, Granted Authorities=[ROLE_ADMIN]]] to HttpSession [org.springframework.mock.web.MockHttpSession@2e07ae6c]
2026-07-07 13:15:42.705 [main] DEBUG o.s.security.web.FilterChainProxy - Securing GET /admin/tickets
2026-07-07 13:15:42.720 [main] DEBUG o.s.s.w.c.HttpSessionSecurityContextRepository - Retrieved SecurityContextImpl [Authentication=UsernamePasswordAuthenticationToken [Principal=org.springframework.security.core.userdetails.User [Username=user, Password=[PROTECTED], Enabled=true, AccountNonExpired=true, CredentialsNonExpired=true, AccountNonLocked=true, Granted Authorities=[ROLE_ADMIN]], Credentials=[PROTECTED], Authenticated=true, Details=null, Granted Authorities=[ROLE_ADMIN]]]
2026-07-07 13:15:42.720 [main] DEBUG o.s.security.web.FilterChainProxy - Secured GET /admin/tickets
2026-07-07 13:15:43.603 [main] DEBUG o.s.s.w.c.HttpSessionSecurityContextRepository - Created HttpSession as SecurityContext is non-default
2026-07-07 13:15:43.604 [main] DEBUG o.s.s.w.c.HttpSessionSecurityContextRepository - Stored SecurityContextImpl [Authentication=UsernamePasswordAuthenticationToken [Principal=org.springframework.security.core.userdetails.User [Username=user, Password=[PROTECTED], Enabled=true, AccountNonExpired=true, CredentialsNonExpired=true, AccountNonLocked=true, Granted Authorities=[ROLE_ADMIN]], Credentials=[PROTECTED], Authenticated=true, Details=null, Granted Authorities=[ROLE_ADMIN]]] to HttpSession [org.springframework.mock.web.MockHttpSession@2d9cde8]
2026-07-07 13:15:43.606 [main] DEBUG o.s.security.web.FilterChainProxy - Securing GET /admin/dashboard
2026-07-07 13:15:43.606 [main] DEBUG o.s.s.w.c.HttpSessionSecurityContextRepository - Retrieved SecurityContextImpl [Authentication=UsernamePasswordAuthenticationToken [Principal=org.springframework.security.core.userdetails.User [Username=user, Password=[PROTECTED], Enabled=true, AccountNonExpired=true, CredentialsNonExpired=true, AccountNonLocked=true, Granted Authorities=[ROLE_ADMIN]], Credentials=[PROTECTED], Authenticated=true, Details=null, Granted Authorities=[ROLE_ADMIN]]]
2026-07-07 13:15:43.606 [main] DEBUG o.s.security.web.FilterChainProxy - Secured GET /admin/dashboard
2026-07-07 13:15:43.670 [main] INFO  o.s.t.c.s.AnnotationConfigContextLoaderUtils - Could not detect default configuration classes for test class [com.itsm.incidentmanagement.controller.WebControllerTest]: WebControllerTest does not declare any static, non-private, non-final, nested classes annotated with @Configuration.
2026-07-07 13:15:43.704 [main] INFO  o.s.b.t.c.SpringBootTestContextBootstrapper - Found @SpringBootConfiguration com.itsm.incidentmanagement.IncidentManagementApplication for test class com.itsm.incidentmanagement.controller.WebControllerTest
2026-07-07 13:15:43.770 [main] INFO  c.i.i.controller.WebControllerTest - Starting WebControllerTest using Java 21.0.10 with PID 22572 (started by Usuario in C:\Users\Usuario\Documents\Tecnisign\UFCD 10790 – Projeto de Programação\incident-management)
2026-07-07 13:15:43.770 [main] DEBUG c.i.i.controller.WebControllerTest - Running with Spring Boot v3.5.14, Spring v6.2.18
2026-07-07 13:15:43.771 [main] INFO  c.i.i.controller.WebControllerTest - No active profile set, falling back to 1 default profile: "default"
2026-07-07 13:15:44.157 [main] INFO  c.i.i.controller.WebController - WebController carregado com sucesso
2026-07-07 13:15:44.158 [main] INFO  c.i.i.s.f.JwtAuthenticationFilter - JwtAuthenticationFilter inicializado!
2026-07-07 13:15:44.195 [main] INFO  o.s.b.a.w.s.WelcomePageHandlerMapping - Adding welcome page: class path resource [static/index.html]
2026-07-07 13:15:44.325 [main] WARN  o.s.s.c.a.a.c.InitializeUserDetailsBeanManagerConfigurer$InitializeUserDetailsManagerConfigurer - Found 2 UserDetailsService beans, with names [inMemoryUserDetailsManager, com.itsm.incidentmanagement.security.service.CustomUserDetailsService#0]. Global Authentication Manager will not use a UserDetailsService for username/password login. Consider publishing a single UserDetailsService bean.
2026-07-07 13:15:44.325 [main] DEBUG o.s.s.c.a.a.c.AuthenticationConfiguration$DefaultPasswordEncoderAuthenticationManagerBuilder - No authenticationProviders and no parentAuthenticationManager defined. Returning null.
2026-07-07 13:15:44.336 [main] DEBUG o.s.s.web.DefaultSecurityFilterChain - Will secure any request with filters: DisableEncodeUrlFilter, WebAsyncManagerIntegrationFilter, SecurityContextHolderFilter, HeaderWriterFilter, CsrfFilter, LogoutFilter, UsernamePasswordAuthenticationFilter, DefaultResourcesFilter, DefaultLoginPageGeneratingFilter, DefaultLogoutPageGeneratingFilter, BasicAuthenticationFilter, RequestCacheAwareFilter, SecurityContextHolderAwareRequestFilter, AnonymousAuthenticationFilter, ExceptionTranslationFilter, AuthorizationFilter
2026-07-07 13:15:44.345 [main] WARN  o.s.b.a.s.s.UserDetailsServiceAutoConfiguration - 

Using generated security password: 44890c6c-007b-4a80-96fb-483f88553015

This generated password is for development use only. Your security configuration must be updated before running your application in production.

2026-07-07 13:15:44.355 [main] DEBUG c.i.i.s.f.JwtAuthenticationFilter - Filter 'jwtAuthenticationFilter' configured for use
2026-07-07 13:15:44.356 [main] INFO  o.s.b.t.m.w.SpringBootMockServletContext - Initializing Spring TestDispatcherServlet ''
2026-07-07 13:15:44.356 [main] INFO  o.s.t.w.s.TestDispatcherServlet - Initializing Servlet ''
2026-07-07 13:15:44.357 [main] INFO  o.s.t.w.s.TestDispatcherServlet - Completed initialization in 0 ms
2026-07-07 13:15:44.368 [main] INFO  c.i.i.controller.WebControllerTest - Started WebControllerTest in 0.654 seconds (process running for 10.749)
2026-07-07 13:15:44.378 [main] DEBUG o.s.s.w.c.HttpSessionSecurityContextRepository - Created HttpSession as SecurityContext is non-default
2026-07-07 13:15:44.378 [main] DEBUG o.s.s.w.c.HttpSessionSecurityContextRepository - Stored SecurityContextImpl [Authentication=UsernamePasswordAuthenticationToken [Principal=org.springframework.security.core.userdetails.User [Username=user, Password=[PROTECTED], Enabled=true, AccountNonExpired=true, CredentialsNonExpired=true, AccountNonLocked=true, Granted Authorities=[ROLE_ADMIN]], Credentials=[PROTECTED], Authenticated=true, Details=null, Granted Authorities=[ROLE_ADMIN]]] to HttpSession [org.springframework.mock.web.MockHttpSession@e774bb3]
2026-07-07 13:15:44.379 [main] DEBUG o.s.security.web.FilterChainProxy - Securing GET /admin/users/new
2026-07-07 13:15:44.379 [main] DEBUG o.s.s.w.c.HttpSessionSecurityContextRepository - Retrieved SecurityContextImpl [Authentication=UsernamePasswordAuthenticationToken [Principal=org.springframework.security.core.userdetails.User [Username=user, Password=[PROTECTED], Enabled=true, AccountNonExpired=true, CredentialsNonExpired=true, AccountNonLocked=true, Granted Authorities=[ROLE_ADMIN]], Credentials=[PROTECTED], Authenticated=true, Details=null, Granted Authorities=[ROLE_ADMIN]]]
2026-07-07 13:15:44.380 [main] DEBUG o.s.security.web.FilterChainProxy - Secured GET /admin/users/new
2026-07-07 13:15:44.464 [main] DEBUG o.s.s.w.c.HttpSessionSecurityContextRepository - Created HttpSession as SecurityContext is non-default
2026-07-07 13:15:44.465 [main] DEBUG o.s.s.w.c.HttpSessionSecurityContextRepository - Stored SecurityContextImpl [Authentication=UsernamePasswordAuthenticationToken [Principal=org.springframework.security.core.userdetails.User [Username=user, Password=[PROTECTED], Enabled=true, AccountNonExpired=true, CredentialsNonExpired=true, AccountNonLocked=true, Granted Authorities=[ROLE_ADMIN]], Credentials=[PROTECTED], Authenticated=true, Details=null, Granted Authorities=[ROLE_ADMIN]]] to HttpSession [org.springframework.mock.web.MockHttpSession@791930f8]
2026-07-07 13:15:44.466 [main] DEBUG o.s.security.web.FilterChainProxy - Securing GET /admin/users/edit/1
2026-07-07 13:15:44.467 [main] DEBUG o.s.s.w.c.HttpSessionSecurityContextRepository - Retrieved SecurityContextImpl [Authentication=UsernamePasswordAuthenticationToken [Principal=org.springframework.security.core.userdetails.User [Username=user, Password=[PROTECTED], Enabled=true, AccountNonExpired=true, CredentialsNonExpired=true, AccountNonLocked=true, Granted Authorities=[ROLE_ADMIN]], Credentials=[PROTECTED], Authenticated=true, Details=null, Granted Authorities=[ROLE_ADMIN]]]
2026-07-07 13:15:44.467 [main] DEBUG o.s.security.web.FilterChainProxy - Secured GET /admin/users/edit/1
2026-07-07 13:15:44.499 [main] DEBUG o.s.s.w.c.HttpSessionSecurityContextRepository - Created HttpSession as SecurityContext is non-default
2026-07-07 13:15:44.500 [main] DEBUG o.s.s.w.c.HttpSessionSecurityContextRepository - Stored SecurityContextImpl [Authentication=UsernamePasswordAuthenticationToken [Principal=org.springframework.security.core.userdetails.User [Username=user, Password=[PROTECTED], Enabled=true, AccountNonExpired=true, CredentialsNonExpired=true, AccountNonLocked=true, Granted Authorities=[ROLE_ADMIN]], Credentials=[PROTECTED], Authenticated=true, Details=null, Granted Authorities=[ROLE_ADMIN]]] to HttpSession [org.springframework.mock.web.MockHttpSession@6608c8d5]
2026-07-07 13:15:44.501 [main] DEBUG o.s.security.web.FilterChainProxy - Securing GET /admin/tickets/new
2026-07-07 13:15:44.502 [main] DEBUG o.s.s.w.c.HttpSessionSecurityContextRepository - Retrieved SecurityContextImpl [Authentication=UsernamePasswordAuthenticationToken [Principal=org.springframework.security.core.userdetails.User [Username=user, Password=[PROTECTED], Enabled=true, AccountNonExpired=true, CredentialsNonExpired=true, AccountNonLocked=true, Granted Authorities=[ROLE_ADMIN]], Credentials=[PROTECTED], Authenticated=true, Details=null, Granted Authorities=[ROLE_ADMIN]]]
2026-07-07 13:15:44.502 [main] DEBUG o.s.security.web.FilterChainProxy - Secured GET /admin/tickets/new
2026-07-07 13:15:44.533 [main] DEBUG o.s.s.w.c.HttpSessionSecurityContextRepository - Created HttpSession as SecurityContext is non-default
2026-07-07 13:15:44.535 [main] DEBUG o.s.s.w.c.HttpSessionSecurityContextRepository - Stored SecurityContextImpl [Authentication=UsernamePasswordAuthenticationToken [Principal=org.springframework.security.core.userdetails.User [Username=user, Password=[PROTECTED], Enabled=true, AccountNonExpired=true, CredentialsNonExpired=true, AccountNonLocked=true, Granted Authorities=[ROLE_ADMIN]], Credentials=[PROTECTED], Authenticated=true, Details=null, Granted Authorities=[ROLE_ADMIN]]] to HttpSession [org.springframework.mock.web.MockHttpSession@5b386c8]
2026-07-07 13:15:44.536 [main] DEBUG o.s.security.web.FilterChainProxy - Securing GET /admin/tickets/edit/1
2026-07-07 13:15:44.537 [main] DEBUG o.s.s.w.c.HttpSessionSecurityContextRepository - Retrieved SecurityContextImpl [Authentication=UsernamePasswordAuthenticationToken [Principal=org.springframework.security.core.userdetails.User [Username=user, Password=[PROTECTED], Enabled=true, AccountNonExpired=true, CredentialsNonExpired=true, AccountNonLocked=true, Granted Authorities=[ROLE_ADMIN]], Credentials=[PROTECTED], Authenticated=true, Details=null, Granted Authorities=[ROLE_ADMIN]]]
2026-07-07 13:15:44.537 [main] DEBUG o.s.security.web.FilterChainProxy - Secured GET /admin/tickets/edit/1
2026-07-07 13:15:44.578 [main] DEBUG o.s.s.w.c.HttpSessionSecurityContextRepository - Created HttpSession as SecurityContext is non-default
2026-07-07 13:15:44.579 [main] DEBUG o.s.s.w.c.HttpSessionSecurityContextRepository - Stored SecurityContextImpl [Authentication=UsernamePasswordAuthenticationToken [Principal=org.springframework.security.core.userdetails.User [Username=user, Password=[PROTECTED], Enabled=true, AccountNonExpired=true, CredentialsNonExpired=true, AccountNonLocked=true, Granted Authorities=[ROLE_ADMIN]], Credentials=[PROTECTED], Authenticated=true, Details=null, Granted Authorities=[ROLE_ADMIN]]] to HttpSession [org.springframework.mock.web.MockHttpSession@1e2aa6d0]
2026-07-07 13:15:44.579 [main] DEBUG o.s.security.web.FilterChainProxy - Securing GET /admin/users/delete/1
2026-07-07 13:15:44.580 [main] DEBUG o.s.s.w.c.HttpSessionSecurityContextRepository - Retrieved SecurityContextImpl [Authentication=UsernamePasswordAuthenticationToken [Principal=org.springframework.security.core.userdetails.User [Username=user, Password=[PROTECTED], Enabled=true, AccountNonExpired=true, CredentialsNonExpired=true, AccountNonLocked=true, Granted Authorities=[ROLE_ADMIN]], Credentials=[PROTECTED], Authenticated=true, Details=null, Granted Authorities=[ROLE_ADMIN]]]
2026-07-07 13:15:44.580 [main] DEBUG o.s.security.web.FilterChainProxy - Secured GET /admin/users/delete/1
2026-07-07 13:15:44.600 [main] DEBUG o.s.s.w.c.HttpSessionSecurityContextRepository - Created HttpSession as SecurityContext is non-default
2026-07-07 13:15:44.600 [main] DEBUG o.s.s.w.c.HttpSessionSecurityContextRepository - Stored SecurityContextImpl [Authentication=UsernamePasswordAuthenticationToken [Principal=org.springframework.security.core.userdetails.User [Username=user, Password=[PROTECTED], Enabled=true, AccountNonExpired=true, CredentialsNonExpired=true, AccountNonLocked=true, Granted Authorities=[ROLE_ADMIN]], Credentials=[PROTECTED], Authenticated=true, Details=null, Granted Authorities=[ROLE_ADMIN]]] to HttpSession [org.springframework.mock.web.MockHttpSession@3644ae12]
2026-07-07 13:15:44.601 [main] DEBUG o.s.security.web.FilterChainProxy - Securing GET /admin/technicians/new
2026-07-07 13:15:44.601 [main] DEBUG o.s.s.w.c.HttpSessionSecurityContextRepository - Retrieved SecurityContextImpl [Authentication=UsernamePasswordAuthenticationToken [Principal=org.springframework.security.core.userdetails.User [Username=user, Password=[PROTECTED], Enabled=true, AccountNonExpired=true, CredentialsNonExpired=true, AccountNonLocked=true, Granted Authorities=[ROLE_ADMIN]], Credentials=[PROTECTED], Authenticated=true, Details=null, Granted Authorities=[ROLE_ADMIN]]]
2026-07-07 13:15:44.601 [main] DEBUG o.s.security.web.FilterChainProxy - Secured GET /admin/technicians/new
2026-07-07 13:15:44.624 [main] DEBUG o.s.s.w.c.HttpSessionSecurityContextRepository - Created HttpSession as SecurityContext is non-default
2026-07-07 13:15:44.624 [main] DEBUG o.s.s.w.c.HttpSessionSecurityContextRepository - Stored SecurityContextImpl [Authentication=UsernamePasswordAuthenticationToken [Principal=org.springframework.security.core.userdetails.User [Username=user, Password=[PROTECTED], Enabled=true, AccountNonExpired=true, CredentialsNonExpired=true, AccountNonLocked=true, Granted Authorities=[ROLE_ADMIN]], Credentials=[PROTECTED], Authenticated=true, Details=null, Granted Authorities=[ROLE_ADMIN]]] to HttpSession [org.springframework.mock.web.MockHttpSession@55023ead]
2026-07-07 13:15:44.624 [main] DEBUG o.s.security.web.FilterChainProxy - Securing GET /admin/technicians
2026-07-07 13:15:44.625 [main] DEBUG o.s.s.w.c.HttpSessionSecurityContextRepository - Retrieved SecurityContextImpl [Authentication=UsernamePasswordAuthenticationToken [Principal=org.springframework.security.core.userdetails.User [Username=user, Password=[PROTECTED], Enabled=true, AccountNonExpired=true, CredentialsNonExpired=true, AccountNonLocked=true, Granted Authorities=[ROLE_ADMIN]], Credentials=[PROTECTED], Authenticated=true, Details=null, Granted Authorities=[ROLE_ADMIN]]]
2026-07-07 13:15:44.625 [main] DEBUG o.s.security.web.FilterChainProxy - Secured GET /admin/technicians
2026-07-07 13:15:44.657 [main] DEBUG o.s.security.web.FilterChainProxy - Securing GET /
2026-07-07 13:15:44.659 [main] DEBUG o.s.s.w.a.AnonymousAuthenticationFilter - Set SecurityContextHolder to anonymous SecurityContext
2026-07-07 13:15:44.674 [main] DEBUG o.s.s.w.s.HttpSessionRequestCache - Saved request http://localhost/?continue to session
2026-07-07 13:15:44.685 [main] DEBUG o.s.s.w.a.DelegatingAuthenticationEntryPoint - Trying to match using And [Not [RequestHeaderRequestMatcher [expectedHeaderName=X-Requested-With, expectedHeaderValue=XMLHttpRequest]], MediaTypeRequestMatcher [contentNegotiationStrategy=org.springframework.web.accept.ContentNegotiationManager@7f4796e, matchingMediaTypes=[application/xhtml+xml, image/*, text/html, text/plain], useEquals=false, ignoredMediaTypes=[*/*]]]
2026-07-07 13:15:44.686 [main] DEBUG o.s.s.w.a.DelegatingAuthenticationEntryPoint - Trying to match using Or [RequestHeaderRequestMatcher [expectedHeaderName=X-Requested-With, expectedHeaderValue=XMLHttpRequest], And [Not [MediaTypeRequestMatcher [contentNegotiationStrategy=org.springframework.web.accept.ContentNegotiationManager@7f4796e, matchingMediaTypes=[text/html], useEquals=false, ignoredMediaTypes=[]]], MediaTypeRequestMatcher [contentNegotiationStrategy=org.springframework.web.accept.ContentNegotiationManager@7f4796e, matchingMediaTypes=[application/atom+xml, application/x-www-form-urlencoded, application/json, application/octet-stream, application/xml, multipart/form-data, text/xml], useEquals=false, ignoredMediaTypes=[*/*]]], MediaTypeRequestMatcher [contentNegotiationStrategy=org.springframework.web.accept.ContentNegotiationManager@7f4796e, matchingMediaTypes=[*/*], useEquals=true, ignoredMediaTypes=[]]]
2026-07-07 13:15:44.687 [main] DEBUG o.s.s.w.a.DelegatingAuthenticationEntryPoint - Match found! Executing org.springframework.security.web.authentication.DelegatingAuthenticationEntryPoint@d1ccec8
2026-07-07 13:15:44.687 [main] DEBUG o.s.s.w.a.DelegatingAuthenticationEntryPoint - Trying to match using RequestHeaderRequestMatcher [expectedHeaderName=X-Requested-With, expectedHeaderValue=XMLHttpRequest]
2026-07-07 13:15:44.687 [main] DEBUG o.s.s.w.a.DelegatingAuthenticationEntryPoint - No match found. Using default entry point org.springframework.security.web.authentication.www.BasicAuthenticationEntryPoint@3bec3641
2026-07-07 13:15:44.729 [main] DEBUG o.s.s.w.c.HttpSessionSecurityContextRepository - Created HttpSession as SecurityContext is non-default
2026-07-07 13:15:44.730 [main] DEBUG o.s.s.w.c.HttpSessionSecurityContextRepository - Stored SecurityContextImpl [Authentication=UsernamePasswordAuthenticationToken [Principal=org.springframework.security.core.userdetails.User [Username=user, Password=[PROTECTED], Enabled=true, AccountNonExpired=true, CredentialsNonExpired=true, AccountNonLocked=true, Granted Authorities=[ROLE_ADMIN]], Credentials=[PROTECTED], Authenticated=true, Details=null, Granted Authorities=[ROLE_ADMIN]]] to HttpSession [org.springframework.mock.web.MockHttpSession@9d7522]
2026-07-07 13:15:44.732 [main] DEBUG o.s.security.web.FilterChainProxy - Securing GET /admin/technicians/delete/1
2026-07-07 13:15:44.734 [main] DEBUG o.s.s.w.c.HttpSessionSecurityContextRepository - Retrieved SecurityContextImpl [Authentication=UsernamePasswordAuthenticationToken [Principal=org.springframework.security.core.userdetails.User [Username=user, Password=[PROTECTED], Enabled=true, AccountNonExpired=true, CredentialsNonExpired=true, AccountNonLocked=true, Granted Authorities=[ROLE_ADMIN]], Credentials=[PROTECTED], Authenticated=true, Details=null, Granted Authorities=[ROLE_ADMIN]]]
2026-07-07 13:15:44.734 [main] DEBUG o.s.security.web.FilterChainProxy - Secured GET /admin/technicians/delete/1
2026-07-07 13:15:44.747 [main] DEBUG o.s.s.w.c.HttpSessionSecurityContextRepository - Created HttpSession as SecurityContext is non-default
2026-07-07 13:15:44.747 [main] DEBUG o.s.s.w.c.HttpSessionSecurityContextRepository - Stored SecurityContextImpl [Authentication=UsernamePasswordAuthenticationToken [Principal=org.springframework.security.core.userdetails.User [Username=user, Password=[PROTECTED], Enabled=true, AccountNonExpired=true, CredentialsNonExpired=true, AccountNonLocked=true, Granted Authorities=[ROLE_ADMIN]], Credentials=[PROTECTED], Authenticated=true, Details=null, Granted Authorities=[ROLE_ADMIN]]] to HttpSession [org.springframework.mock.web.MockHttpSession@1540be61]
2026-07-07 13:15:44.748 [main] DEBUG o.s.security.web.FilterChainProxy - Securing GET /admin/users
2026-07-07 13:15:44.749 [main] DEBUG o.s.s.w.c.HttpSessionSecurityContextRepository - Retrieved SecurityContextImpl [Authentication=UsernamePasswordAuthenticationToken [Principal=org.springframework.security.core.userdetails.User [Username=user, Password=[PROTECTED], Enabled=true, AccountNonExpired=true, CredentialsNonExpired=true, AccountNonLocked=true, Granted Authorities=[ROLE_ADMIN]], Credentials=[PROTECTED], Authenticated=true, Details=null, Granted Authorities=[ROLE_ADMIN]]]
2026-07-07 13:15:44.749 [main] DEBUG o.s.security.web.FilterChainProxy - Secured GET /admin/users
2026-07-07 13:15:44.786 [main] INFO  o.s.t.c.s.AnnotationConfigContextLoaderUtils - Could not detect default configuration classes for test class [com.itsm.incidentmanagement.IncidentManagementApplicationTests]: IncidentManagementApplicationTests does not declare any static, non-private, non-final, nested classes annotated with @Configuration.
2026-07-07 13:15:44.812 [main] INFO  o.s.b.t.c.SpringBootTestContextBootstrapper - Found @SpringBootConfiguration com.itsm.incidentmanagement.IncidentManagementApplication for test class com.itsm.incidentmanagement.IncidentManagementApplicationTests
2026-07-07 13:15:44.873 [main] INFO  c.i.i.IncidentManagementApplicationTests - Starting IncidentManagementApplicationTests using Java 21.0.10 with PID 22572 (started by Usuario in C:\Users\Usuario\Documents\Tecnisign\UFCD 10790 – Projeto de Programação\incident-management)
2026-07-07 13:15:44.874 [main] DEBUG c.i.i.IncidentManagementApplicationTests - Running with Spring Boot v3.5.14, Spring v6.2.18
2026-07-07 13:15:44.874 [main] INFO  c.i.i.IncidentManagementApplicationTests - No active profile set, falling back to 1 default profile: "default"
2026-07-07 13:15:45.987 [main] INFO  o.s.d.r.c.RepositoryConfigurationDelegate - Bootstrapping Spring Data JPA repositories in DEFAULT mode.
2026-07-07 13:15:46.090 [main] INFO  o.s.d.r.c.RepositoryConfigurationDelegate - Finished Spring Data repository scanning in 78 ms. Found 5 JPA repository interfaces.
2026-07-07 13:15:46.564 [main] INFO  o.h.jpa.internal.util.LogHelper - HHH000204: Processing PersistenceUnitInfo [name: default]
2026-07-07 13:15:46.674 [main] INFO  org.hibernate.Version - HHH000412: Hibernate ORM core version 6.6.49.Final
2026-07-07 13:15:46.755 [main] INFO  o.h.c.i.RegionFactoryInitiator - HHH000026: Second-level cache disabled
2026-07-07 13:15:47.039 [main] INFO  o.s.o.j.p.SpringPersistenceUnitInfo - No LoadTimeWeaver setup: ignoring JPA class transformer
2026-07-07 13:15:47.095 [main] INFO  com.zaxxer.hikari.HikariDataSource - HikariPool-1 - Starting...
2026-07-07 13:15:47.327 [main] INFO  com.zaxxer.hikari.pool.HikariPool - HikariPool-1 - Added connection org.postgresql.jdbc.PgConnection@43d05fc1
2026-07-07 13:15:47.329 [main] INFO  com.zaxxer.hikari.HikariDataSource - HikariPool-1 - Start completed.
2026-07-07 13:15:47.410 [main] WARN  org.hibernate.orm.deprecation - HHH90000025: PostgreSQLDialect does not need to be specified explicitly using 'hibernate.dialect' (remove the property setting and it will be selected by default)
2026-07-07 13:15:47.462 [main] INFO  o.hibernate.orm.connections.pooling - HHH10001005: Database info:
	Database JDBC URL [Connecting through datasource 'HikariDataSource (HikariPool-1)']
	Database driver: undefined/unknown
	Database version: 15.18
	Autocommit mode: undefined/unknown
	Isolation level: undefined/unknown
	Minimum pool size: undefined/unknown
	Maximum pool size: undefined/unknown
2026-07-07 13:15:49.316 [main] INFO  o.h.e.t.j.p.i.JtaPlatformInitiator - HHH000489: No JTA platform available (set 'hibernate.transaction.jta.platform' to enable JTA platform integration)
2026-07-07 13:15:49.483 [main] INFO  o.s.o.j.LocalContainerEntityManagerFactoryBean - Initialized JPA EntityManagerFactory for persistence unit 'default'
2026-07-07 13:15:49.984 [main] INFO  c.i.i.s.s.CustomUserDetailsService - CustomUserDetailsService inicializado!
2026-07-07 13:15:49.984 [main] INFO  c.i.i.s.f.JwtAuthenticationFilter - JwtAuthenticationFilter inicializado!
2026-07-07 13:15:49.986 [main] INFO  c.i.i.security.config.SecurityConfig - SecurityConfig inicializado!
2026-07-07 13:15:49.987 [main] DEBUG c.i.i.security.config.SecurityConfig - PasswordEncoder BCrypt criado
2026-07-07 13:15:49.990 [main] INFO  c.i.i.controller.ApiAuthController - ApiAuthController inicializado
2026-07-07 13:15:50.018 [main] INFO  c.i.i.c.CompetenciaWebController - CompetenciaWebController inicializado
2026-07-07 13:15:50.203 [main] DEBUG org.hibernate.SQL - 
    select
        t1_0.id,
        t1_0.carga_trabalho_atual,
        t1_0.disponibilidade,
        t1_0.utilizador_id 
    from
        tecnico t1_0
2026-07-07 13:15:50.258 [main] DEBUG org.hibernate.SQL - 
    select
        u1_0.id,
        u1_0.created_at,
        u1_0.email,
        u1_0.nome,
        u1_0.password_hash,
        u1_0.role,
        u1_0.username 
    from
        utilizador u1_0 
    where
        u1_0.id=?
2026-07-07 13:15:50.271 [main] DEBUG org.hibernate.SQL - 
    select
        u1_0.id,
        u1_0.created_at,
        u1_0.email,
        u1_0.nome,
        u1_0.password_hash,
        u1_0.role,
        u1_0.username 
    from
        utilizador u1_0 
    where
        u1_0.id=?
2026-07-07 13:15:50.276 [main] DEBUG org.hibernate.SQL - 
    select
        c1_0.tecnico_id,
        c1_1.id,
        c1_1.nome 
    from
        tecnico_competencia c1_0 
    join
        competencia c1_1 
            on c1_1.id=c1_0.competencia_id 
    where
        c1_0.tecnico_id=?
2026-07-07 13:15:50.281 [main] DEBUG org.hibernate.SQL - 
    select
        c1_0.tecnico_id,
        c1_1.id,
        c1_1.nome 
    from
        tecnico_competencia c1_0 
    join
        competencia c1_1 
            on c1_1.id=c1_0.competencia_id 
    where
        c1_0.tecnico_id=?
2026-07-07 13:15:50.355 [main] INFO  c.i.i.service.CacheService -    Técnico carregado: Joao Tecnico | Competências: 8
2026-07-07 13:15:50.355 [main] INFO  c.i.i.service.CacheService -    Técnico carregado: Carlos Soares | Competências: 7
2026-07-07 13:15:50.358 [main] DEBUG org.hibernate.SQL - 
    select
        t1_0.id,
        t1_0.aberto_por_id,
        t1_0.ativo_id,
        t1_0.data_abertura,
        t1_0.data_fecho,
        t1_0.descricao,
        t1_0.estado,
        t1_0.prioridade,
        t1_0.tecnico_id,
        t1_0.tipo,
        t1_0.titulo 
    from
        ticket t1_0
2026-07-07 13:15:50.360 [main] DEBUG org.hibernate.SQL - 
    select
        u1_0.id,
        u1_0.created_at,
        u1_0.email,
        u1_0.nome,
        u1_0.password_hash,
        u1_0.role,
        u1_0.username 
    from
        utilizador u1_0 
    where
        u1_0.id=?
2026-07-07 13:15:50.362 [main] DEBUG org.hibernate.SQL - 
    select
        t1_0.id,
        t1_0.carga_trabalho_atual,
        c1_0.tecnico_id,
        c1_1.id,
        c1_1.nome,
        t1_0.disponibilidade,
        t1_0.utilizador_id,
        u1_0.id,
        u1_0.created_at,
        u1_0.email,
        u1_0.nome,
        u1_0.password_hash,
        u1_0.role,
        u1_0.username 
    from
        tecnico t1_0 
    left join
        tecnico_competencia c1_0 
            on t1_0.id=c1_0.tecnico_id 
    left join
        competencia c1_1 
            on c1_1.id=c1_0.competencia_id 
    join
        utilizador u1_0 
            on u1_0.id=t1_0.utilizador_id 
    where
        t1_0.id=?
2026-07-07 13:15:50.368 [main] INFO  c.i.i.service.CacheService - Cache carregado: 2 técnicos, 2 tickets
2026-07-07 13:15:50.396 [main] INFO  c.i.i.controller.WebController - WebController carregado com sucesso
2026-07-07 13:15:50.698 [main] INFO  o.s.b.a.e.web.EndpointLinksResolver - Exposing 3 endpoints beneath base path '/actuator'
2026-07-07 13:15:50.724 [main] WARN  o.s.b.a.o.j.JpaBaseConfiguration$JpaWebConfiguration - spring.jpa.open-in-view is enabled by default. Therefore, database queries may be performed during view rendering. Explicitly configure spring.jpa.open-in-view to disable this warning
2026-07-07 13:15:50.733 [main] INFO  o.s.b.a.w.s.WelcomePageHandlerMapping - Adding welcome page: class path resource [static/index.html]
2026-07-07 13:15:50.834 [main] INFO  o.s.s.c.a.a.c.InitializeUserDetailsBeanManagerConfigurer$InitializeUserDetailsManagerConfigurer - Global AuthenticationManager configured with UserDetailsService bean with name customUserDetailsService
2026-07-07 13:15:50.836 [main] INFO  c.i.i.security.config.SecurityConfig - Modo segurança ativado (JWT + Web)
2026-07-07 13:15:50.899 [main] DEBUG o.s.s.web.DefaultSecurityFilterChain - Will secure any request with filters: DisableEncodeUrlFilter, WebAsyncManagerIntegrationFilter, SecurityContextHolderFilter, HeaderWriterFilter, CorsFilter, CsrfFilter, LogoutFilter, JwtAuthenticationFilter, UsernamePasswordAuthenticationFilter, RequestCacheAwareFilter, SecurityContextHolderAwareRequestFilter, AnonymousAuthenticationFilter, SessionManagementFilter, ExceptionTranslationFilter, AuthorizationFilter
2026-07-07 13:15:51.338 [main] INFO  c.i.i.IncidentManagementApplicationTests - Started IncidentManagementApplicationTests in 6.511 seconds (process running for 17.719)
2026-07-07 13:15:51.501 [main] INFO  AUDIT - TICKET_CREATE | TicketId: 1 | Titulo: Problema de rede | UserId: 9 | Status: ABERTO
2026-07-07 13:15:51.514 [main] ERROR AUDIT - ERROR | Operation: ATRIBUICAO | Message: Erro ao atribuir | Details: Detalhes do erro
2026-07-07 13:15:51.518 [main] INFO  AUDIT - LOGIN | Username: admin | Success: true | IP: 127.0.0.1
2026-07-07 13:15:51.522 [main] INFO  AUDIT - TICKET_STATE_CHANGE | TicketId: 1 | OldState: ABERTO | NewState: EM_CURSO | UserId: 9
2026-07-07 13:15:51.527 [main] INFO  AUDIT - TICKET_ASSIGN | TicketId: 1 | TecnicoId: 1 | AssignedBy: 9
2026-07-07 13:15:52.088 [main] INFO  c.i.i.s.TicketAssignmentService - ========================================
2026-07-07 13:15:52.089 [main] INFO  c.i.i.s.TicketAssignmentService - A atribuir técnico para ticket: Problema de rede
2026-07-07 13:15:52.090 [main] INFO  c.i.i.s.TicketAssignmentService - ========================================
2026-07-07 13:15:52.090 [main] DEBUG c.i.i.s.TicketAssignmentService - Total de técnicos na cache: 2
2026-07-07 13:15:52.091 [main] DEBUG c.i.i.s.TicketAssignmentService - Palavras-chave extraídas: [rede, intermitente, acesso, problema, internet]
2026-07-07 13:15:52.092 [main] DEBUG c.i.i.s.TicketAssignmentService -    Joao Tecnico | Competências: PostgreSQL, Servidores | Carga: 1
2026-07-07 13:15:52.092 [main] DEBUG c.i.i.s.TicketAssignmentService -    Maria Tecnico | Competências: Redes, Linux | Carga: 0
2026-07-07 13:15:52.094 [main] DEBUG c.i.i.s.TicketAssignmentService - Técnicos com competências relevantes: 1
2026-07-07 13:15:52.094 [main] DEBUG c.i.i.s.TicketAssignmentService - Dia atual: TUESDAY | Hora: 13:15:52.094838
2026-07-07 13:15:52.112 [main] DEBUG c.i.i.s.TicketAssignmentService - Técnicos disponíveis (horário): 0
2026-07-07 13:15:52.113 [main] DEBUG c.i.i.s.TicketAssignmentService - Nenhum técnico disponível no horário atual!
2026-07-07 13:15:52.117 [main] INFO  c.i.i.s.TicketAssignmentService - ========================================
2026-07-07 13:15:52.118 [main] INFO  c.i.i.s.TicketAssignmentService - A atribuir técnico para ticket: Problema de impressora
2026-07-07 13:15:52.118 [main] INFO  c.i.i.s.TicketAssignmentService - ========================================
2026-07-07 13:15:52.118 [main] DEBUG c.i.i.s.TicketAssignmentService - Total de técnicos na cache: 2
2026-07-07 13:15:52.118 [main] DEBUG c.i.i.s.TicketAssignmentService - Palavras-chave extraídas: [imprime, problema, impressora]
2026-07-07 13:15:52.118 [main] DEBUG c.i.i.s.TicketAssignmentService -    Joao Tecnico | Competências: Servidores, PostgreSQL | Carga: 0
2026-07-07 13:15:52.118 [main] DEBUG c.i.i.s.TicketAssignmentService -    Maria Tecnico | Competências: Linux, Redes | Carga: 0
2026-07-07 13:15:52.118 [main] DEBUG c.i.i.s.TicketAssignmentService - Técnicos com competências relevantes: 0
2026-07-07 13:15:52.118 [main] DEBUG c.i.i.s.TicketAssignmentService - Nenhum técnico com competências relevantes!
2026-07-07 13:15:52.124 [main] INFO  c.i.i.s.TicketAssignmentService - ========================================
2026-07-07 13:15:52.124 [main] INFO  c.i.i.s.TicketAssignmentService - A atribuir técnico para ticket: Problema de rede
2026-07-07 13:15:52.124 [main] INFO  c.i.i.s.TicketAssignmentService - ========================================
2026-07-07 13:15:52.125 [main] DEBUG c.i.i.s.TicketAssignmentService - Total de técnicos na cache: 0
2026-07-07 13:15:52.125 [main] DEBUG c.i.i.s.TicketAssignmentService - Nenhum técnico encontrado na cache! A recarregar...
2026-07-07 13:15:52.126 [main] DEBUG c.i.i.s.TicketAssignmentService - Após recarregar: 0 técnicos
2026-07-07 13:15:52.126 [main] DEBUG c.i.i.s.TicketAssignmentService - Continua sem técnicos! Verificar base de dados.
2026-07-07 13:15:52.129 [main] INFO  c.i.i.s.TicketAssignmentService - ========================================
2026-07-07 13:15:52.129 [main] INFO  c.i.i.s.TicketAssignmentService - A atribuir técnico para ticket: Problema de rede
2026-07-07 13:15:52.129 [main] INFO  c.i.i.s.TicketAssignmentService - ========================================
2026-07-07 13:15:52.130 [main] DEBUG c.i.i.s.TicketAssignmentService - Total de técnicos na cache: 2
2026-07-07 13:15:52.130 [main] DEBUG c.i.i.s.TicketAssignmentService - Palavras-chave extraídas: [rede, intermitente, acesso, problema, internet]
2026-07-07 13:15:52.130 [main] DEBUG c.i.i.s.TicketAssignmentService -    Joao Tecnico | Competências: PostgreSQL, Servidores | Carga: 0
2026-07-07 13:15:52.130 [main] DEBUG c.i.i.s.TicketAssignmentService -    Maria Tecnico | Competências: Redes, Linux | Carga: 0
2026-07-07 13:15:52.130 [main] DEBUG c.i.i.s.TicketAssignmentService - Técnicos com competências relevantes: 1
2026-07-07 13:15:52.130 [main] DEBUG c.i.i.s.TicketAssignmentService - Dia atual: TUESDAY | Hora: 13:15:52.130817
2026-07-07 13:15:52.130 [main] DEBUG c.i.i.s.TicketAssignmentService - Técnicos disponíveis (horário): 0
2026-07-07 13:15:52.130 [main] DEBUG c.i.i.s.TicketAssignmentService - Nenhum técnico disponível no horário atual!
2026-07-07 13:15:52.196 [main] INFO  c.i.i.service.TicketService - AUDIT - Criação de ticket: Teste
2026-07-07 13:15:52.197 [main] INFO  c.i.i.service.TicketService - ✅ AUDIT - Ticket 1 atribuído ao técnico 1 (carga: 1)
2026-07-07 13:15:52.197 [main] INFO  c.i.i.service.TicketService - AUDIT - Ticket criado com ID: 1
2026-07-07 13:15:52.200 [main] INFO  c.i.i.service.TicketService - AUDIT - Criação de ticket: Teste
2026-07-07 13:15:52.201 [main] INFO  c.i.i.service.TicketService - ✅ AUDIT - Ticket 1 atribuído ao técnico 1 (carga: 1)
2026-07-07 13:15:52.202 [main] INFO  c.i.i.service.TicketService - AUDIT - Ticket criado com ID: 1
2026-07-07 13:15:52.209 [main] INFO  c.i.i.service.TicketService - AUDIT - Atualizando estado do ticket 1 para RESOLVIDO
2026-07-07 13:15:52.210 [main] INFO  c.i.i.service.TicketService - AUDIT - Carga do técnico 1 reduzida para 0
2026-07-07 13:15:52.210 [main] INFO  c.i.i.service.TicketService - AUDIT - Ticket 1 resolvido em 2026-07-07T13:15:52.210401900
2026-07-07 13:15:52.235 [main] INFO  c.i.i.service.UtilizadorService - Utilizador 9 removido com sucesso!
2026-07-07 13:15:52.279 [SpringApplicationShutdownHook] INFO  o.s.o.j.LocalContainerEntityManagerFactoryBean - Closing JPA EntityManagerFactory for persistence unit 'default'
2026-07-07 13:15:52.489 [SpringApplicationShutdownHook] INFO  com.zaxxer.hikari.HikariDataSource - HikariPool-1 - Shutdown initiated...
2026-07-07 13:15:52.494 [SpringApplicationShutdownHook] INFO  com.zaxxer.hikari.HikariDataSource - HikariPool-1 - Shutdown completed.
2026-07-07 13:17:47.438 [background-preinit] INFO  o.h.validator.internal.util.Version - HV000001: Hibernate Validator 8.0.3.Final
2026-07-07 13:17:47.583 [main] INFO  c.i.i.c.DashboardControllerTest - Starting DashboardControllerTest using Java 21.0.10 with PID 18296 (started by Usuario in C:\Users\Usuario\Documents\Tecnisign\UFCD 10790 – Projeto de Programação\incident-management)
2026-07-07 13:17:47.584 [main] DEBUG c.i.i.c.DashboardControllerTest - Running with Spring Boot v3.5.14, Spring v6.2.18
2026-07-07 13:17:47.584 [main] INFO  c.i.i.c.DashboardControllerTest - No active profile set, falling back to 1 default profile: "default"
2026-07-07 13:17:51.335 [main] INFO  c.i.i.s.f.JwtAuthenticationFilter - JwtAuthenticationFilter inicializado!
2026-07-07 13:17:51.515 [main] INFO  o.s.b.a.w.s.WelcomePageHandlerMapping - Adding welcome page: class path resource [static/index.html]
2026-07-07 13:17:51.934 [main] INFO  c.i.i.security.config.SecurityConfig - SecurityConfig inicializado!
2026-07-07 13:17:51.961 [main] INFO  o.s.s.c.a.a.c.InitializeUserDetailsBeanManagerConfigurer$InitializeUserDetailsManagerConfigurer - Global AuthenticationManager configured with UserDetailsService bean with name com.itsm.incidentmanagement.security.service.CustomUserDetailsService#0
2026-07-07 13:17:52.114 [main] INFO  c.i.i.security.config.SecurityConfig - Modo segurança ativado (JWT + Web)
2026-07-07 13:17:52.276 [main] DEBUG o.s.s.web.DefaultSecurityFilterChain - Will secure any request with filters: DisableEncodeUrlFilter, WebAsyncManagerIntegrationFilter, SecurityContextHolderFilter, HeaderWriterFilter, CorsFilter, CsrfFilter, LogoutFilter, JwtAuthenticationFilter, UsernamePasswordAuthenticationFilter, RequestCacheAwareFilter, SecurityContextHolderAwareRequestFilter, AnonymousAuthenticationFilter, SessionManagementFilter, ExceptionTranslationFilter, AuthorizationFilter
2026-07-07 13:17:52.755 [main] DEBUG c.i.i.s.f.JwtAuthenticationFilter - Filter 'jwtAuthenticationFilter' configured for use
2026-07-07 13:17:52.766 [main] INFO  o.s.b.t.m.w.SpringBootMockServletContext - Initializing Spring TestDispatcherServlet ''
2026-07-07 13:17:52.767 [main] INFO  o.s.t.w.s.TestDispatcherServlet - Initializing Servlet ''
2026-07-07 13:17:52.769 [main] INFO  o.s.t.w.s.TestDispatcherServlet - Completed initialization in 1 ms
2026-07-07 13:17:52.821 [main] INFO  c.i.i.c.DashboardControllerTest - Started DashboardControllerTest in 6.521 seconds (process running for 8.938)
2026-07-07 13:17:52.968 [main] DEBUG o.s.s.w.c.HttpSessionSecurityContextRepository - Created HttpSession as SecurityContext is non-default
2026-07-07 13:17:52.969 [main] DEBUG o.s.s.w.c.HttpSessionSecurityContextRepository - Stored SecurityContextImpl [Authentication=UsernamePasswordAuthenticationToken [Principal=org.springframework.security.core.userdetails.User [Username=user, Password=[PROTECTED], Enabled=true, AccountNonExpired=true, CredentialsNonExpired=true, AccountNonLocked=true, Granted Authorities=[ROLE_ADMIN]], Credentials=[PROTECTED], Authenticated=true, Details=null, Granted Authorities=[ROLE_ADMIN]]] to HttpSession [org.springframework.mock.web.MockHttpSession@5c206e9c]
2026-07-07 13:17:53.005 [main] DEBUG o.s.security.web.FilterChainProxy - Securing GET /admin/tickets
2026-07-07 13:17:53.032 [main] DEBUG o.s.s.w.c.HttpSessionSecurityContextRepository - Retrieved SecurityContextImpl [Authentication=UsernamePasswordAuthenticationToken [Principal=org.springframework.security.core.userdetails.User [Username=user, Password=[PROTECTED], Enabled=true, AccountNonExpired=true, CredentialsNonExpired=true, AccountNonLocked=true, Granted Authorities=[ROLE_ADMIN]], Credentials=[PROTECTED], Authenticated=true, Details=null, Granted Authorities=[ROLE_ADMIN]]]
2026-07-07 13:17:53.034 [main] DEBUG o.s.security.web.FilterChainProxy - Secured GET /admin/tickets
2026-07-07 13:17:53.895 [main] DEBUG o.s.s.w.c.HttpSessionSecurityContextRepository - Created HttpSession as SecurityContext is non-default
2026-07-07 13:17:53.895 [main] DEBUG o.s.s.w.c.HttpSessionSecurityContextRepository - Stored SecurityContextImpl [Authentication=UsernamePasswordAuthenticationToken [Principal=org.springframework.security.core.userdetails.User [Username=user, Password=[PROTECTED], Enabled=true, AccountNonExpired=true, CredentialsNonExpired=true, AccountNonLocked=true, Granted Authorities=[ROLE_ADMIN]], Credentials=[PROTECTED], Authenticated=true, Details=null, Granted Authorities=[ROLE_ADMIN]]] to HttpSession [org.springframework.mock.web.MockHttpSession@2ecc303c]
2026-07-07 13:17:53.896 [main] DEBUG o.s.security.web.FilterChainProxy - Securing GET /admin/dashboard
2026-07-07 13:17:53.896 [main] DEBUG o.s.s.w.c.HttpSessionSecurityContextRepository - Retrieved SecurityContextImpl [Authentication=UsernamePasswordAuthenticationToken [Principal=org.springframework.security.core.userdetails.User [Username=user, Password=[PROTECTED], Enabled=true, AccountNonExpired=true, CredentialsNonExpired=true, AccountNonLocked=true, Granted Authorities=[ROLE_ADMIN]], Credentials=[PROTECTED], Authenticated=true, Details=null, Granted Authorities=[ROLE_ADMIN]]]
2026-07-07 13:17:53.897 [main] DEBUG o.s.security.web.FilterChainProxy - Secured GET /admin/dashboard
2026-07-07 13:17:53.955 [main] INFO  o.s.t.c.s.AnnotationConfigContextLoaderUtils - Could not detect default configuration classes for test class [com.itsm.incidentmanagement.controller.WebControllerTest]: WebControllerTest does not declare any static, non-private, non-final, nested classes annotated with @Configuration.
2026-07-07 13:17:53.981 [main] INFO  o.s.b.t.c.SpringBootTestContextBootstrapper - Found @SpringBootConfiguration com.itsm.incidentmanagement.IncidentManagementApplication for test class com.itsm.incidentmanagement.controller.WebControllerTest
2026-07-07 13:17:54.039 [main] INFO  c.i.i.controller.WebControllerTest - Starting WebControllerTest using Java 21.0.10 with PID 18296 (started by Usuario in C:\Users\Usuario\Documents\Tecnisign\UFCD 10790 – Projeto de Programação\incident-management)
2026-07-07 13:17:54.040 [main] DEBUG c.i.i.controller.WebControllerTest - Running with Spring Boot v3.5.14, Spring v6.2.18
2026-07-07 13:17:54.041 [main] INFO  c.i.i.controller.WebControllerTest - No active profile set, falling back to 1 default profile: "default"
2026-07-07 13:17:54.434 [main] INFO  c.i.i.controller.WebController - WebController carregado com sucesso
2026-07-07 13:17:54.436 [main] INFO  c.i.i.s.f.JwtAuthenticationFilter - JwtAuthenticationFilter inicializado!
2026-07-07 13:17:54.472 [main] INFO  o.s.b.a.w.s.WelcomePageHandlerMapping - Adding welcome page: class path resource [static/index.html]
2026-07-07 13:17:54.555 [main] INFO  c.i.i.security.config.SecurityConfig - SecurityConfig inicializado!
2026-07-07 13:17:54.561 [main] INFO  o.s.s.c.a.a.c.InitializeUserDetailsBeanManagerConfigurer$InitializeUserDetailsManagerConfigurer - Global AuthenticationManager configured with UserDetailsService bean with name com.itsm.incidentmanagement.security.service.CustomUserDetailsService#0
2026-07-07 13:17:54.563 [main] INFO  c.i.i.security.config.SecurityConfig - Modo segurança ativado (JWT + Web)
2026-07-07 13:17:54.594 [main] DEBUG o.s.s.web.DefaultSecurityFilterChain - Will secure any request with filters: DisableEncodeUrlFilter, WebAsyncManagerIntegrationFilter, SecurityContextHolderFilter, HeaderWriterFilter, CorsFilter, CsrfFilter, LogoutFilter, JwtAuthenticationFilter, UsernamePasswordAuthenticationFilter, RequestCacheAwareFilter, SecurityContextHolderAwareRequestFilter, AnonymousAuthenticationFilter, SessionManagementFilter, ExceptionTranslationFilter, AuthorizationFilter
2026-07-07 13:17:54.693 [main] DEBUG c.i.i.s.f.JwtAuthenticationFilter - Filter 'jwtAuthenticationFilter' configured for use
2026-07-07 13:17:54.693 [main] INFO  o.s.b.t.m.w.SpringBootMockServletContext - Initializing Spring TestDispatcherServlet ''
2026-07-07 13:17:54.693 [main] INFO  o.s.t.w.s.TestDispatcherServlet - Initializing Servlet ''
2026-07-07 13:17:54.695 [main] INFO  o.s.t.w.s.TestDispatcherServlet - Completed initialization in 2 ms
2026-07-07 13:17:54.711 [main] INFO  c.i.i.controller.WebControllerTest - Started WebControllerTest in 0.718 seconds (process running for 10.827)
2026-07-07 13:17:54.725 [main] DEBUG o.s.s.w.c.HttpSessionSecurityContextRepository - Created HttpSession as SecurityContext is non-default
2026-07-07 13:17:54.725 [main] DEBUG o.s.s.w.c.HttpSessionSecurityContextRepository - Stored SecurityContextImpl [Authentication=UsernamePasswordAuthenticationToken [Principal=org.springframework.security.core.userdetails.User [Username=user, Password=[PROTECTED], Enabled=true, AccountNonExpired=true, CredentialsNonExpired=true, AccountNonLocked=true, Granted Authorities=[ROLE_ADMIN]], Credentials=[PROTECTED], Authenticated=true, Details=null, Granted Authorities=[ROLE_ADMIN]]] to HttpSession [org.springframework.mock.web.MockHttpSession@5a21825d]
2026-07-07 13:17:54.726 [main] DEBUG o.s.security.web.FilterChainProxy - Securing GET /admin/users/new
2026-07-07 13:17:54.727 [main] DEBUG o.s.s.w.c.HttpSessionSecurityContextRepository - Retrieved SecurityContextImpl [Authentication=UsernamePasswordAuthenticationToken [Principal=org.springframework.security.core.userdetails.User [Username=user, Password=[PROTECTED], Enabled=true, AccountNonExpired=true, CredentialsNonExpired=true, AccountNonLocked=true, Granted Authorities=[ROLE_ADMIN]], Credentials=[PROTECTED], Authenticated=true, Details=null, Granted Authorities=[ROLE_ADMIN]]]
2026-07-07 13:17:54.727 [main] DEBUG o.s.security.web.FilterChainProxy - Secured GET /admin/users/new
2026-07-07 13:17:54.853 [main] DEBUG o.s.s.w.c.HttpSessionSecurityContextRepository - Created HttpSession as SecurityContext is non-default
2026-07-07 13:17:54.854 [main] DEBUG o.s.s.w.c.HttpSessionSecurityContextRepository - Stored SecurityContextImpl [Authentication=UsernamePasswordAuthenticationToken [Principal=org.springframework.security.core.userdetails.User [Username=user, Password=[PROTECTED], Enabled=true, AccountNonExpired=true, CredentialsNonExpired=true, AccountNonLocked=true, Granted Authorities=[ROLE_ADMIN]], Credentials=[PROTECTED], Authenticated=true, Details=null, Granted Authorities=[ROLE_ADMIN]]] to HttpSession [org.springframework.mock.web.MockHttpSession@12734eb5]
2026-07-07 13:17:54.855 [main] DEBUG o.s.security.web.FilterChainProxy - Securing GET /admin/users/edit/1
2026-07-07 13:17:54.855 [main] DEBUG o.s.s.w.c.HttpSessionSecurityContextRepository - Retrieved SecurityContextImpl [Authentication=UsernamePasswordAuthenticationToken [Principal=org.springframework.security.core.userdetails.User [Username=user, Password=[PROTECTED], Enabled=true, AccountNonExpired=true, CredentialsNonExpired=true, AccountNonLocked=true, Granted Authorities=[ROLE_ADMIN]], Credentials=[PROTECTED], Authenticated=true, Details=null, Granted Authorities=[ROLE_ADMIN]]]
2026-07-07 13:17:54.856 [main] DEBUG o.s.security.web.FilterChainProxy - Secured GET /admin/users/edit/1
2026-07-07 13:17:54.890 [main] DEBUG o.s.s.w.c.HttpSessionSecurityContextRepository - Created HttpSession as SecurityContext is non-default
2026-07-07 13:17:54.890 [main] DEBUG o.s.s.w.c.HttpSessionSecurityContextRepository - Stored SecurityContextImpl [Authentication=UsernamePasswordAuthenticationToken [Principal=org.springframework.security.core.userdetails.User [Username=user, Password=[PROTECTED], Enabled=true, AccountNonExpired=true, CredentialsNonExpired=true, AccountNonLocked=true, Granted Authorities=[ROLE_ADMIN]], Credentials=[PROTECTED], Authenticated=true, Details=null, Granted Authorities=[ROLE_ADMIN]]] to HttpSession [org.springframework.mock.web.MockHttpSession@11ae16d8]
2026-07-07 13:17:54.891 [main] DEBUG o.s.security.web.FilterChainProxy - Securing GET /admin/tickets/new
2026-07-07 13:17:54.891 [main] DEBUG o.s.s.w.c.HttpSessionSecurityContextRepository - Retrieved SecurityContextImpl [Authentication=UsernamePasswordAuthenticationToken [Principal=org.springframework.security.core.userdetails.User [Username=user, Password=[PROTECTED], Enabled=true, AccountNonExpired=true, CredentialsNonExpired=true, AccountNonLocked=true, Granted Authorities=[ROLE_ADMIN]], Credentials=[PROTECTED], Authenticated=true, Details=null, Granted Authorities=[ROLE_ADMIN]]]
2026-07-07 13:17:54.892 [main] DEBUG o.s.security.web.FilterChainProxy - Secured GET /admin/tickets/new
2026-07-07 13:17:54.924 [main] DEBUG o.s.s.w.c.HttpSessionSecurityContextRepository - Created HttpSession as SecurityContext is non-default
2026-07-07 13:17:54.924 [main] DEBUG o.s.s.w.c.HttpSessionSecurityContextRepository - Stored SecurityContextImpl [Authentication=UsernamePasswordAuthenticationToken [Principal=org.springframework.security.core.userdetails.User [Username=user, Password=[PROTECTED], Enabled=true, AccountNonExpired=true, CredentialsNonExpired=true, AccountNonLocked=true, Granted Authorities=[ROLE_ADMIN]], Credentials=[PROTECTED], Authenticated=true, Details=null, Granted Authorities=[ROLE_ADMIN]]] to HttpSession [org.springframework.mock.web.MockHttpSession@4dcaa972]
2026-07-07 13:17:54.925 [main] DEBUG o.s.security.web.FilterChainProxy - Securing GET /admin/tickets/edit/1
2026-07-07 13:17:54.925 [main] DEBUG o.s.s.w.c.HttpSessionSecurityContextRepository - Retrieved SecurityContextImpl [Authentication=UsernamePasswordAuthenticationToken [Principal=org.springframework.security.core.userdetails.User [Username=user, Password=[PROTECTED], Enabled=true, AccountNonExpired=true, CredentialsNonExpired=true, AccountNonLocked=true, Granted Authorities=[ROLE_ADMIN]], Credentials=[PROTECTED], Authenticated=true, Details=null, Granted Authorities=[ROLE_ADMIN]]]
2026-07-07 13:17:54.926 [main] DEBUG o.s.security.web.FilterChainProxy - Secured GET /admin/tickets/edit/1
2026-07-07 13:17:54.965 [main] DEBUG o.s.s.w.c.HttpSessionSecurityContextRepository - Created HttpSession as SecurityContext is non-default
2026-07-07 13:17:54.965 [main] DEBUG o.s.s.w.c.HttpSessionSecurityContextRepository - Stored SecurityContextImpl [Authentication=UsernamePasswordAuthenticationToken [Principal=org.springframework.security.core.userdetails.User [Username=user, Password=[PROTECTED], Enabled=true, AccountNonExpired=true, CredentialsNonExpired=true, AccountNonLocked=true, Granted Authorities=[ROLE_ADMIN]], Credentials=[PROTECTED], Authenticated=true, Details=null, Granted Authorities=[ROLE_ADMIN]]] to HttpSession [org.springframework.mock.web.MockHttpSession@19dba986]
2026-07-07 13:17:54.966 [main] DEBUG o.s.security.web.FilterChainProxy - Securing GET /admin/users/delete/1
2026-07-07 13:17:54.967 [main] DEBUG o.s.s.w.c.HttpSessionSecurityContextRepository - Retrieved SecurityContextImpl [Authentication=UsernamePasswordAuthenticationToken [Principal=org.springframework.security.core.userdetails.User [Username=user, Password=[PROTECTED], Enabled=true, AccountNonExpired=true, CredentialsNonExpired=true, AccountNonLocked=true, Granted Authorities=[ROLE_ADMIN]], Credentials=[PROTECTED], Authenticated=true, Details=null, Granted Authorities=[ROLE_ADMIN]]]
2026-07-07 13:17:54.968 [main] DEBUG o.s.security.web.FilterChainProxy - Secured GET /admin/users/delete/1
2026-07-07 13:17:54.986 [main] DEBUG o.s.s.w.c.HttpSessionSecurityContextRepository - Created HttpSession as SecurityContext is non-default
2026-07-07 13:17:54.986 [main] DEBUG o.s.s.w.c.HttpSessionSecurityContextRepository - Stored SecurityContextImpl [Authentication=UsernamePasswordAuthenticationToken [Principal=org.springframework.security.core.userdetails.User [Username=user, Password=[PROTECTED], Enabled=true, AccountNonExpired=true, CredentialsNonExpired=true, AccountNonLocked=true, Granted Authorities=[ROLE_ADMIN]], Credentials=[PROTECTED], Authenticated=true, Details=null, Granted Authorities=[ROLE_ADMIN]]] to HttpSession [org.springframework.mock.web.MockHttpSession@5accbeae]
2026-07-07 13:17:54.987 [main] DEBUG o.s.security.web.FilterChainProxy - Securing GET /admin/technicians/new
2026-07-07 13:17:54.988 [main] DEBUG o.s.s.w.c.HttpSessionSecurityContextRepository - Retrieved SecurityContextImpl [Authentication=UsernamePasswordAuthenticationToken [Principal=org.springframework.security.core.userdetails.User [Username=user, Password=[PROTECTED], Enabled=true, AccountNonExpired=true, CredentialsNonExpired=true, AccountNonLocked=true, Granted Authorities=[ROLE_ADMIN]], Credentials=[PROTECTED], Authenticated=true, Details=null, Granted Authorities=[ROLE_ADMIN]]]
2026-07-07 13:17:54.988 [main] DEBUG o.s.security.web.FilterChainProxy - Secured GET /admin/technicians/new
2026-07-07 13:17:55.008 [main] DEBUG o.s.s.w.c.HttpSessionSecurityContextRepository - Created HttpSession as SecurityContext is non-default
2026-07-07 13:17:55.008 [main] DEBUG o.s.s.w.c.HttpSessionSecurityContextRepository - Stored SecurityContextImpl [Authentication=UsernamePasswordAuthenticationToken [Principal=org.springframework.security.core.userdetails.User [Username=user, Password=[PROTECTED], Enabled=true, AccountNonExpired=true, CredentialsNonExpired=true, AccountNonLocked=true, Granted Authorities=[ROLE_ADMIN]], Credentials=[PROTECTED], Authenticated=true, Details=null, Granted Authorities=[ROLE_ADMIN]]] to HttpSession [org.springframework.mock.web.MockHttpSession@7bb8ede7]
2026-07-07 13:17:55.009 [main] DEBUG o.s.security.web.FilterChainProxy - Securing GET /admin/technicians
2026-07-07 13:17:55.009 [main] DEBUG o.s.s.w.c.HttpSessionSecurityContextRepository - Retrieved SecurityContextImpl [Authentication=UsernamePasswordAuthenticationToken [Principal=org.springframework.security.core.userdetails.User [Username=user, Password=[PROTECTED], Enabled=true, AccountNonExpired=true, CredentialsNonExpired=true, AccountNonLocked=true, Granted Authorities=[ROLE_ADMIN]], Credentials=[PROTECTED], Authenticated=true, Details=null, Granted Authorities=[ROLE_ADMIN]]]
2026-07-07 13:17:55.009 [main] DEBUG o.s.security.web.FilterChainProxy - Secured GET /admin/technicians
2026-07-07 13:17:55.039 [main] DEBUG o.s.security.web.FilterChainProxy - Securing GET /
2026-07-07 13:17:55.041 [main] DEBUG o.s.s.w.a.AnonymousAuthenticationFilter - Set SecurityContextHolder to anonymous SecurityContext
2026-07-07 13:17:55.041 [main] DEBUG o.s.security.web.FilterChainProxy - Secured GET /
2026-07-07 13:17:55.053 [main] DEBUG o.s.s.w.c.HttpSessionSecurityContextRepository - Created HttpSession as SecurityContext is non-default
2026-07-07 13:17:55.054 [main] DEBUG o.s.s.w.c.HttpSessionSecurityContextRepository - Stored SecurityContextImpl [Authentication=UsernamePasswordAuthenticationToken [Principal=org.springframework.security.core.userdetails.User [Username=user, Password=[PROTECTED], Enabled=true, AccountNonExpired=true, CredentialsNonExpired=true, AccountNonLocked=true, Granted Authorities=[ROLE_ADMIN]], Credentials=[PROTECTED], Authenticated=true, Details=null, Granted Authorities=[ROLE_ADMIN]]] to HttpSession [org.springframework.mock.web.MockHttpSession@5d42e865]
2026-07-07 13:17:55.054 [main] DEBUG o.s.security.web.FilterChainProxy - Securing GET /admin/technicians/delete/1
2026-07-07 13:17:55.055 [main] DEBUG o.s.s.w.c.HttpSessionSecurityContextRepository - Retrieved SecurityContextImpl [Authentication=UsernamePasswordAuthenticationToken [Principal=org.springframework.security.core.userdetails.User [Username=user, Password=[PROTECTED], Enabled=true, AccountNonExpired=true, CredentialsNonExpired=true, AccountNonLocked=true, Granted Authorities=[ROLE_ADMIN]], Credentials=[PROTECTED], Authenticated=true, Details=null, Granted Authorities=[ROLE_ADMIN]]]
2026-07-07 13:17:55.055 [main] DEBUG o.s.security.web.FilterChainProxy - Secured GET /admin/technicians/delete/1
2026-07-07 13:17:55.065 [main] DEBUG o.s.s.w.c.HttpSessionSecurityContextRepository - Created HttpSession as SecurityContext is non-default
2026-07-07 13:17:55.066 [main] DEBUG o.s.s.w.c.HttpSessionSecurityContextRepository - Stored SecurityContextImpl [Authentication=UsernamePasswordAuthenticationToken [Principal=org.springframework.security.core.userdetails.User [Username=user, Password=[PROTECTED], Enabled=true, AccountNonExpired=true, CredentialsNonExpired=true, AccountNonLocked=true, Granted Authorities=[ROLE_ADMIN]], Credentials=[PROTECTED], Authenticated=true, Details=null, Granted Authorities=[ROLE_ADMIN]]] to HttpSession [org.springframework.mock.web.MockHttpSession@46e5c331]
2026-07-07 13:17:55.067 [main] DEBUG o.s.security.web.FilterChainProxy - Securing GET /admin/users
2026-07-07 13:17:55.068 [main] DEBUG o.s.s.w.c.HttpSessionSecurityContextRepository - Retrieved SecurityContextImpl [Authentication=UsernamePasswordAuthenticationToken [Principal=org.springframework.security.core.userdetails.User [Username=user, Password=[PROTECTED], Enabled=true, AccountNonExpired=true, CredentialsNonExpired=true, AccountNonLocked=true, Granted Authorities=[ROLE_ADMIN]], Credentials=[PROTECTED], Authenticated=true, Details=null, Granted Authorities=[ROLE_ADMIN]]]
2026-07-07 13:17:55.068 [main] DEBUG o.s.security.web.FilterChainProxy - Secured GET /admin/users
2026-07-07 13:17:55.100 [main] INFO  o.s.t.c.s.AnnotationConfigContextLoaderUtils - Could not detect default configuration classes for test class [com.itsm.incidentmanagement.IncidentManagementApplicationTests]: IncidentManagementApplicationTests does not declare any static, non-private, non-final, nested classes annotated with @Configuration.
2026-07-07 13:17:55.119 [main] INFO  o.s.b.t.c.SpringBootTestContextBootstrapper - Found @SpringBootConfiguration com.itsm.incidentmanagement.IncidentManagementApplication for test class com.itsm.incidentmanagement.IncidentManagementApplicationTests
2026-07-07 13:17:55.162 [main] INFO  c.i.i.IncidentManagementApplicationTests - Starting IncidentManagementApplicationTests using Java 21.0.10 with PID 18296 (started by Usuario in C:\Users\Usuario\Documents\Tecnisign\UFCD 10790 – Projeto de Programação\incident-management)
2026-07-07 13:17:55.162 [main] DEBUG c.i.i.IncidentManagementApplicationTests - Running with Spring Boot v3.5.14, Spring v6.2.18
2026-07-07 13:17:55.162 [main] INFO  c.i.i.IncidentManagementApplicationTests - No active profile set, falling back to 1 default profile: "default"
2026-07-07 13:17:56.231 [main] INFO  o.s.d.r.c.RepositoryConfigurationDelegate - Bootstrapping Spring Data JPA repositories in DEFAULT mode.
2026-07-07 13:17:56.316 [main] INFO  o.s.d.r.c.RepositoryConfigurationDelegate - Finished Spring Data repository scanning in 69 ms. Found 5 JPA repository interfaces.
2026-07-07 13:17:56.805 [main] INFO  o.h.jpa.internal.util.LogHelper - HHH000204: Processing PersistenceUnitInfo [name: default]
2026-07-07 13:17:56.931 [main] INFO  org.hibernate.Version - HHH000412: Hibernate ORM core version 6.6.49.Final
2026-07-07 13:17:56.997 [main] INFO  o.h.c.i.RegionFactoryInitiator - HHH000026: Second-level cache disabled
2026-07-07 13:17:57.272 [main] INFO  o.s.o.j.p.SpringPersistenceUnitInfo - No LoadTimeWeaver setup: ignoring JPA class transformer
2026-07-07 13:17:57.334 [main] INFO  com.zaxxer.hikari.HikariDataSource - HikariPool-1 - Starting...
2026-07-07 13:17:57.550 [main] INFO  com.zaxxer.hikari.pool.HikariPool - HikariPool-1 - Added connection org.postgresql.jdbc.PgConnection@2681c9a
2026-07-07 13:17:57.555 [main] INFO  com.zaxxer.hikari.HikariDataSource - HikariPool-1 - Start completed.
2026-07-07 13:17:57.618 [main] WARN  org.hibernate.orm.deprecation - HHH90000025: PostgreSQLDialect does not need to be specified explicitly using 'hibernate.dialect' (remove the property setting and it will be selected by default)
2026-07-07 13:17:57.655 [main] INFO  o.hibernate.orm.connections.pooling - HHH10001005: Database info:
	Database JDBC URL [Connecting through datasource 'HikariDataSource (HikariPool-1)']
	Database driver: undefined/unknown
	Database version: 15.18
	Autocommit mode: undefined/unknown
	Isolation level: undefined/unknown
	Minimum pool size: undefined/unknown
	Maximum pool size: undefined/unknown
2026-07-07 13:17:59.357 [main] INFO  o.h.e.t.j.p.i.JtaPlatformInitiator - HHH000489: No JTA platform available (set 'hibernate.transaction.jta.platform' to enable JTA platform integration)
2026-07-07 13:17:59.532 [main] INFO  o.s.o.j.LocalContainerEntityManagerFactoryBean - Initialized JPA EntityManagerFactory for persistence unit 'default'
2026-07-07 13:18:00.002 [main] INFO  c.i.i.s.s.CustomUserDetailsService - CustomUserDetailsService inicializado!
2026-07-07 13:18:00.002 [main] INFO  c.i.i.s.f.JwtAuthenticationFilter - JwtAuthenticationFilter inicializado!
2026-07-07 13:18:00.003 [main] INFO  c.i.i.security.config.SecurityConfig - SecurityConfig inicializado!
2026-07-07 13:18:00.005 [main] DEBUG c.i.i.security.config.SecurityConfig - PasswordEncoder BCrypt criado
2026-07-07 13:18:00.009 [main] INFO  c.i.i.controller.ApiAuthController - ApiAuthController inicializado
2026-07-07 13:18:00.033 [main] INFO  c.i.i.c.CompetenciaWebController - CompetenciaWebController inicializado
2026-07-07 13:18:00.226 [main] DEBUG org.hibernate.SQL - 
    select
        t1_0.id,
        t1_0.carga_trabalho_atual,
        t1_0.disponibilidade,
        t1_0.utilizador_id 
    from
        tecnico t1_0
2026-07-07 13:18:00.284 [main] DEBUG org.hibernate.SQL - 
    select
        u1_0.id,
        u1_0.created_at,
        u1_0.email,
        u1_0.nome,
        u1_0.password_hash,
        u1_0.role,
        u1_0.username 
    from
        utilizador u1_0 
    where
        u1_0.id=?
2026-07-07 13:18:00.301 [main] DEBUG org.hibernate.SQL - 
    select
        u1_0.id,
        u1_0.created_at,
        u1_0.email,
        u1_0.nome,
        u1_0.password_hash,
        u1_0.role,
        u1_0.username 
    from
        utilizador u1_0 
    where
        u1_0.id=?
2026-07-07 13:18:00.307 [main] DEBUG org.hibernate.SQL - 
    select
        c1_0.tecnico_id,
        c1_1.id,
        c1_1.nome 
    from
        tecnico_competencia c1_0 
    join
        competencia c1_1 
            on c1_1.id=c1_0.competencia_id 
    where
        c1_0.tecnico_id=?
2026-07-07 13:18:00.312 [main] DEBUG org.hibernate.SQL - 
    select
        c1_0.tecnico_id,
        c1_1.id,
        c1_1.nome 
    from
        tecnico_competencia c1_0 
    join
        competencia c1_1 
            on c1_1.id=c1_0.competencia_id 
    where
        c1_0.tecnico_id=?
2026-07-07 13:18:00.400 [main] INFO  c.i.i.service.CacheService -    Técnico carregado: Joao Tecnico | Competências: 8
2026-07-07 13:18:00.401 [main] INFO  c.i.i.service.CacheService -    Técnico carregado: Carlos Soares | Competências: 7
2026-07-07 13:18:00.403 [main] DEBUG org.hibernate.SQL - 
    select
        t1_0.id,
        t1_0.aberto_por_id,
        t1_0.ativo_id,
        t1_0.data_abertura,
        t1_0.data_fecho,
        t1_0.descricao,
        t1_0.estado,
        t1_0.prioridade,
        t1_0.tecnico_id,
        t1_0.tipo,
        t1_0.titulo 
    from
        ticket t1_0
2026-07-07 13:18:00.406 [main] DEBUG org.hibernate.SQL - 
    select
        u1_0.id,
        u1_0.created_at,
        u1_0.email,
        u1_0.nome,
        u1_0.password_hash,
        u1_0.role,
        u1_0.username 
    from
        utilizador u1_0 
    where
        u1_0.id=?
2026-07-07 13:18:00.409 [main] DEBUG org.hibernate.SQL - 
    select
        t1_0.id,
        t1_0.carga_trabalho_atual,
        c1_0.tecnico_id,
        c1_1.id,
        c1_1.nome,
        t1_0.disponibilidade,
        t1_0.utilizador_id,
        u1_0.id,
        u1_0.created_at,
        u1_0.email,
        u1_0.nome,
        u1_0.password_hash,
        u1_0.role,
        u1_0.username 
    from
        tecnico t1_0 
    left join
        tecnico_competencia c1_0 
            on t1_0.id=c1_0.tecnico_id 
    left join
        competencia c1_1 
            on c1_1.id=c1_0.competencia_id 
    join
        utilizador u1_0 
            on u1_0.id=t1_0.utilizador_id 
    where
        t1_0.id=?
2026-07-07 13:18:00.417 [main] INFO  c.i.i.service.CacheService - Cache carregado: 2 técnicos, 2 tickets
2026-07-07 13:18:00.446 [main] INFO  c.i.i.controller.WebController - WebController carregado com sucesso
2026-07-07 13:18:00.814 [main] INFO  o.s.b.a.e.web.EndpointLinksResolver - Exposing 3 endpoints beneath base path '/actuator'
2026-07-07 13:18:00.864 [main] WARN  o.s.b.a.o.j.JpaBaseConfiguration$JpaWebConfiguration - spring.jpa.open-in-view is enabled by default. Therefore, database queries may be performed during view rendering. Explicitly configure spring.jpa.open-in-view to disable this warning
2026-07-07 13:18:00.879 [main] INFO  o.s.b.a.w.s.WelcomePageHandlerMapping - Adding welcome page: class path resource [static/index.html]
2026-07-07 13:18:01.028 [main] INFO  o.s.s.c.a.a.c.InitializeUserDetailsBeanManagerConfigurer$InitializeUserDetailsManagerConfigurer - Global AuthenticationManager configured with UserDetailsService bean with name customUserDetailsService
2026-07-07 13:18:01.031 [main] INFO  c.i.i.security.config.SecurityConfig - Modo segurança ativado (JWT + Web)
2026-07-07 13:18:01.091 [main] DEBUG o.s.s.web.DefaultSecurityFilterChain - Will secure any request with filters: DisableEncodeUrlFilter, WebAsyncManagerIntegrationFilter, SecurityContextHolderFilter, HeaderWriterFilter, CorsFilter, CsrfFilter, LogoutFilter, JwtAuthenticationFilter, UsernamePasswordAuthenticationFilter, RequestCacheAwareFilter, SecurityContextHolderAwareRequestFilter, AnonymousAuthenticationFilter, SessionManagementFilter, ExceptionTranslationFilter, AuthorizationFilter
2026-07-07 13:18:01.570 [main] INFO  c.i.i.IncidentManagementApplicationTests - Started IncidentManagementApplicationTests in 6.438 seconds (process running for 17.685)
2026-07-07 13:18:01.783 [main] INFO  AUDIT - TICKET_CREATE | TicketId: 1 | Titulo: Problema de rede | UserId: 9 | Status: ABERTO
2026-07-07 13:18:01.794 [main] ERROR AUDIT - ERROR | Operation: ATRIBUICAO | Message: Erro ao atribuir | Details: Detalhes do erro
2026-07-07 13:18:01.798 [main] INFO  AUDIT - LOGIN | Username: admin | Success: true | IP: 127.0.0.1
2026-07-07 13:18:01.801 [main] INFO  AUDIT - TICKET_STATE_CHANGE | TicketId: 1 | OldState: ABERTO | NewState: EM_CURSO | UserId: 9
2026-07-07 13:18:01.804 [main] INFO  AUDIT - TICKET_ASSIGN | TicketId: 1 | TecnicoId: 1 | AssignedBy: 9
2026-07-07 13:18:02.468 [main] INFO  c.i.i.s.TicketAssignmentService - ========================================
2026-07-07 13:18:02.468 [main] INFO  c.i.i.s.TicketAssignmentService - A atribuir técnico para ticket: Problema de rede
2026-07-07 13:18:02.469 [main] INFO  c.i.i.s.TicketAssignmentService - ========================================
2026-07-07 13:18:02.469 [main] DEBUG c.i.i.s.TicketAssignmentService - Total de técnicos na cache: 2
2026-07-07 13:18:02.469 [main] DEBUG c.i.i.s.TicketAssignmentService - Palavras-chave extraídas: [rede, intermitente, acesso, problema, internet]
2026-07-07 13:18:02.470 [main] DEBUG c.i.i.s.TicketAssignmentService -    Joao Tecnico | Competências: Servidores, PostgreSQL | Carga: 1
2026-07-07 13:18:02.470 [main] DEBUG c.i.i.s.TicketAssignmentService -    Maria Tecnico | Competências: Linux, Redes | Carga: 0
2026-07-07 13:18:02.471 [main] DEBUG c.i.i.s.TicketAssignmentService - Técnicos com competências relevantes: 1
2026-07-07 13:18:02.471 [main] DEBUG c.i.i.s.TicketAssignmentService - Dia atual: TUESDAY | Hora: 13:18:02.471608700
2026-07-07 13:18:02.494 [main] DEBUG c.i.i.s.TicketAssignmentService - Técnicos disponíveis (horário): 1
2026-07-07 13:18:02.495 [main] INFO  c.i.i.s.TicketAssignmentService - Técnico ESCOLHIDO: Maria Tecnico (carga atual: 0)
2026-07-07 13:18:02.495 [main] INFO  c.i.i.s.TicketAssignmentService - ========================================
2026-07-07 13:18:02.499 [main] INFO  c.i.i.s.TicketAssignmentService - ========================================
2026-07-07 13:18:02.499 [main] INFO  c.i.i.s.TicketAssignmentService - A atribuir técnico para ticket: Problema de impressora
2026-07-07 13:18:02.499 [main] INFO  c.i.i.s.TicketAssignmentService - ========================================
2026-07-07 13:18:02.499 [main] DEBUG c.i.i.s.TicketAssignmentService - Total de técnicos na cache: 2
2026-07-07 13:18:02.499 [main] DEBUG c.i.i.s.TicketAssignmentService - Palavras-chave extraídas: [imprime, problema, nao, impressora]
2026-07-07 13:18:02.500 [main] DEBUG c.i.i.s.TicketAssignmentService -    Joao Tecnico | Competências: PostgreSQL, Servidores | Carga: 0
2026-07-07 13:18:02.500 [main] DEBUG c.i.i.s.TicketAssignmentService -    Maria Tecnico | Competências: Redes, Linux | Carga: 0
2026-07-07 13:18:02.500 [main] DEBUG c.i.i.s.TicketAssignmentService - Técnicos com competências relevantes: 0
2026-07-07 13:18:02.500 [main] DEBUG c.i.i.s.TicketAssignmentService - Nenhum técnico com competências relevantes!
2026-07-07 13:18:02.505 [main] INFO  c.i.i.s.TicketAssignmentService - ========================================
2026-07-07 13:18:02.505 [main] INFO  c.i.i.s.TicketAssignmentService - A atribuir técnico para ticket: Problema de rede
2026-07-07 13:18:02.505 [main] INFO  c.i.i.s.TicketAssignmentService - ========================================
2026-07-07 13:18:02.505 [main] DEBUG c.i.i.s.TicketAssignmentService - Total de técnicos na cache: 0
2026-07-07 13:18:02.506 [main] DEBUG c.i.i.s.TicketAssignmentService - Nenhum técnico encontrado na cache! A recarregar...
2026-07-07 13:18:02.506 [main] DEBUG c.i.i.s.TicketAssignmentService - Após recarregar: 0 técnicos
2026-07-07 13:18:02.507 [main] DEBUG c.i.i.s.TicketAssignmentService - Continua sem técnicos! Verificar base de dados.
2026-07-07 13:18:02.513 [main] INFO  c.i.i.s.TicketAssignmentService - ========================================
2026-07-07 13:18:02.513 [main] INFO  c.i.i.s.TicketAssignmentService - A atribuir técnico para ticket: Problema de rede
2026-07-07 13:18:02.513 [main] INFO  c.i.i.s.TicketAssignmentService - ========================================
2026-07-07 13:18:02.513 [main] DEBUG c.i.i.s.TicketAssignmentService - Total de técnicos na cache: 2
2026-07-07 13:18:02.513 [main] DEBUG c.i.i.s.TicketAssignmentService - Palavras-chave extraídas: [rede, intermitente, acesso, problema, internet]
2026-07-07 13:18:02.513 [main] DEBUG c.i.i.s.TicketAssignmentService -    Joao Tecnico | Competências: Servidores, PostgreSQL | Carga: 0
2026-07-07 13:18:02.514 [main] DEBUG c.i.i.s.TicketAssignmentService -    Maria Tecnico | Competências: Linux, Redes | Carga: 0
2026-07-07 13:18:02.514 [main] DEBUG c.i.i.s.TicketAssignmentService - Técnicos com competências relevantes: 1
2026-07-07 13:18:02.514 [main] DEBUG c.i.i.s.TicketAssignmentService - Dia atual: TUESDAY | Hora: 13:18:02.514486
2026-07-07 13:18:02.515 [main] DEBUG c.i.i.s.TicketAssignmentService - Técnicos disponíveis (horário): 1
2026-07-07 13:18:02.515 [main] INFO  c.i.i.s.TicketAssignmentService - Técnico ESCOLHIDO: Maria Tecnico (carga atual: 0)
2026-07-07 13:18:02.515 [main] INFO  c.i.i.s.TicketAssignmentService - ========================================
2026-07-07 13:18:02.597 [main] INFO  c.i.i.service.TicketService - AUDIT - Criação de ticket: Teste
2026-07-07 13:18:02.599 [main] INFO  c.i.i.service.TicketService - ✅ AUDIT - Ticket 1 atribuído ao técnico 1 (carga: 1)
2026-07-07 13:18:02.600 [main] INFO  c.i.i.service.TicketService - AUDIT - Ticket criado com ID: 1
2026-07-07 13:18:02.608 [main] INFO  c.i.i.service.TicketService - AUDIT - Criação de ticket: Teste
2026-07-07 13:18:02.609 [main] INFO  c.i.i.service.TicketService - ✅ AUDIT - Ticket 1 atribuído ao técnico 1 (carga: 1)
2026-07-07 13:18:02.610 [main] INFO  c.i.i.service.TicketService - AUDIT - Ticket criado com ID: 1
2026-07-07 13:18:02.619 [main] INFO  c.i.i.service.TicketService - AUDIT - Atualizando estado do ticket 1 para RESOLVIDO
2026-07-07 13:18:02.619 [main] INFO  c.i.i.service.TicketService - AUDIT - Carga do técnico 1 reduzida para 0
2026-07-07 13:18:02.619 [main] INFO  c.i.i.service.TicketService - AUDIT - Ticket 1 resolvido em 2026-07-07T13:18:02.619006900
2026-07-07 13:18:02.645 [main] INFO  c.i.i.service.UtilizadorService - Utilizador 9 removido com sucesso!
2026-07-07 13:18:02.687 [SpringApplicationShutdownHook] INFO  o.s.o.j.LocalContainerEntityManagerFactoryBean - Closing JPA EntityManagerFactory for persistence unit 'default'
2026-07-07 13:18:02.904 [SpringApplicationShutdownHook] INFO  com.zaxxer.hikari.HikariDataSource - HikariPool-1 - Shutdown initiated...
2026-07-07 13:18:02.912 [SpringApplicationShutdownHook] INFO  com.zaxxer.hikari.HikariDataSource - HikariPool-1 - Shutdown completed.
2026-07-07 13:19:21.068 [background-preinit] INFO  o.h.validator.internal.util.Version - HV000001: Hibernate Validator 8.0.3.Final
2026-07-07 13:19:21.127 [main] INFO  c.i.i.IncidentManagementApplication - Starting IncidentManagementApplication using Java 21.0.10 with PID 7156 (C:\Users\Usuario\Documents\Tecnisign\UFCD 10790 – Projeto de Programação\incident-management\target\classes started by Usuario in C:\Users\Usuario\Documents\Tecnisign\UFCD 10790 – Projeto de Programação\incident-management)
2026-07-07 13:19:21.129 [main] DEBUG c.i.i.IncidentManagementApplication - Running with Spring Boot v3.5.14, Spring v6.2.18
2026-07-07 13:19:21.129 [main] INFO  c.i.i.IncidentManagementApplication - No active profile set, falling back to 1 default profile: "default"
2026-07-07 13:19:22.192 [main] INFO  o.s.d.r.c.RepositoryConfigurationDelegate - Bootstrapping Spring Data JPA repositories in DEFAULT mode.
2026-07-07 13:19:22.268 [main] INFO  o.s.d.r.c.RepositoryConfigurationDelegate - Finished Spring Data repository scanning in 67 ms. Found 5 JPA repository interfaces.
2026-07-07 13:19:22.824 [main] INFO  o.s.b.w.e.tomcat.TomcatWebServer - Tomcat initialized with port 8080 (http)
2026-07-07 13:19:22.840 [main] INFO  o.a.coyote.http11.Http11NioProtocol - Initializing ProtocolHandler ["http-nio-8080"]
2026-07-07 13:19:22.842 [main] INFO  o.a.catalina.core.StandardService - Starting service [Tomcat]
2026-07-07 13:19:22.844 [main] INFO  o.a.catalina.core.StandardEngine - Starting Servlet engine: [Apache Tomcat/10.1.54]
2026-07-07 13:19:22.915 [main] INFO  o.a.c.c.C.[Tomcat].[localhost].[/] - Initializing Spring embedded WebApplicationContext
2026-07-07 13:19:22.916 [main] INFO  o.s.b.w.s.c.ServletWebServerApplicationContext - Root WebApplicationContext: initialization completed in 1741 ms
2026-07-07 13:19:23.119 [main] INFO  o.h.jpa.internal.util.LogHelper - HHH000204: Processing PersistenceUnitInfo [name: default]
2026-07-07 13:19:23.175 [main] INFO  org.hibernate.Version - HHH000412: Hibernate ORM core version 6.6.49.Final
2026-07-07 13:19:23.215 [main] INFO  o.h.c.i.RegionFactoryInitiator - HHH000026: Second-level cache disabled
2026-07-07 13:19:23.500 [main] INFO  o.s.o.j.p.SpringPersistenceUnitInfo - No LoadTimeWeaver setup: ignoring JPA class transformer
2026-07-07 13:19:23.534 [main] INFO  com.zaxxer.hikari.HikariDataSource - HikariPool-1 - Starting...
2026-07-07 13:19:23.665 [main] INFO  com.zaxxer.hikari.pool.HikariPool - HikariPool-1 - Added connection org.postgresql.jdbc.PgConnection@ca60688
2026-07-07 13:19:23.668 [main] INFO  com.zaxxer.hikari.HikariDataSource - HikariPool-1 - Start completed.
2026-07-07 13:19:23.708 [main] WARN  org.hibernate.orm.deprecation - HHH90000025: PostgreSQLDialect does not need to be specified explicitly using 'hibernate.dialect' (remove the property setting and it will be selected by default)
2026-07-07 13:19:23.730 [main] INFO  o.hibernate.orm.connections.pooling - HHH10001005: Database info:
	Database JDBC URL [Connecting through datasource 'HikariDataSource (HikariPool-1)']
	Database driver: undefined/unknown
	Database version: 15.18
	Autocommit mode: undefined/unknown
	Isolation level: undefined/unknown
	Minimum pool size: undefined/unknown
	Maximum pool size: undefined/unknown
2026-07-07 13:19:24.791 [main] INFO  o.h.e.t.j.p.i.JtaPlatformInitiator - HHH000489: No JTA platform available (set 'hibernate.transaction.jta.platform' to enable JTA platform integration)
2026-07-07 13:19:24.948 [main] INFO  o.s.o.j.LocalContainerEntityManagerFactoryBean - Initialized JPA EntityManagerFactory for persistence unit 'default'
2026-07-07 13:19:25.203 [main] INFO  c.i.i.s.s.CustomUserDetailsService - CustomUserDetailsService inicializado!
2026-07-07 13:19:25.204 [main] INFO  c.i.i.s.f.JwtAuthenticationFilter - JwtAuthenticationFilter inicializado!
2026-07-07 13:19:25.256 [main] DEBUG c.i.i.s.f.JwtAuthenticationFilter - Filter 'jwtAuthenticationFilter' configured for use
2026-07-07 13:19:25.365 [main] INFO  c.i.i.security.config.SecurityConfig - SecurityConfig inicializado!
2026-07-07 13:19:25.365 [main] DEBUG c.i.i.security.config.SecurityConfig - PasswordEncoder BCrypt criado
2026-07-07 13:19:25.368 [main] INFO  c.i.i.controller.ApiAuthController - ApiAuthController inicializado
2026-07-07 13:19:25.408 [main] INFO  c.i.i.c.CompetenciaWebController - CompetenciaWebController inicializado
2026-07-07 13:19:25.525 [main] DEBUG org.hibernate.SQL - 
    select
        t1_0.id,
        t1_0.carga_trabalho_atual,
        t1_0.disponibilidade,
        t1_0.utilizador_id 
    from
        tecnico t1_0
2026-07-07 13:19:25.563 [main] DEBUG org.hibernate.SQL - 
    select
        u1_0.id,
        u1_0.created_at,
        u1_0.email,
        u1_0.nome,
        u1_0.password_hash,
        u1_0.role,
        u1_0.username 
    from
        utilizador u1_0 
    where
        u1_0.id=?
2026-07-07 13:19:25.578 [main] DEBUG org.hibernate.SQL - 
    select
        u1_0.id,
        u1_0.created_at,
        u1_0.email,
        u1_0.nome,
        u1_0.password_hash,
        u1_0.role,
        u1_0.username 
    from
        utilizador u1_0 
    where
        u1_0.id=?
2026-07-07 13:19:25.583 [main] DEBUG org.hibernate.SQL - 
    select
        c1_0.tecnico_id,
        c1_1.id,
        c1_1.nome 
    from
        tecnico_competencia c1_0 
    join
        competencia c1_1 
            on c1_1.id=c1_0.competencia_id 
    where
        c1_0.tecnico_id=?
2026-07-07 13:19:25.587 [main] DEBUG org.hibernate.SQL - 
    select
        c1_0.tecnico_id,
        c1_1.id,
        c1_1.nome 
    from
        tecnico_competencia c1_0 
    join
        competencia c1_1 
            on c1_1.id=c1_0.competencia_id 
    where
        c1_0.tecnico_id=?
2026-07-07 13:19:25.607 [main] INFO  c.i.i.service.CacheService -    Técnico carregado: Joao Tecnico | Competências: 8
2026-07-07 13:19:25.609 [main] INFO  c.i.i.service.CacheService -    Técnico carregado: Carlos Soares | Competências: 7
2026-07-07 13:19:25.612 [main] DEBUG org.hibernate.SQL - 
    select
        t1_0.id,
        t1_0.aberto_por_id,
        t1_0.ativo_id,
        t1_0.data_abertura,
        t1_0.data_fecho,
        t1_0.descricao,
        t1_0.estado,
        t1_0.prioridade,
        t1_0.tecnico_id,
        t1_0.tipo,
        t1_0.titulo 
    from
        ticket t1_0
2026-07-07 13:19:25.615 [main] DEBUG org.hibernate.SQL - 
    select
        u1_0.id,
        u1_0.created_at,
        u1_0.email,
        u1_0.nome,
        u1_0.password_hash,
        u1_0.role,
        u1_0.username 
    from
        utilizador u1_0 
    where
        u1_0.id=?
2026-07-07 13:19:25.617 [main] DEBUG org.hibernate.SQL - 
    select
        t1_0.id,
        t1_0.carga_trabalho_atual,
        c1_0.tecnico_id,
        c1_1.id,
        c1_1.nome,
        t1_0.disponibilidade,
        t1_0.utilizador_id,
        u1_0.id,
        u1_0.created_at,
        u1_0.email,
        u1_0.nome,
        u1_0.password_hash,
        u1_0.role,
        u1_0.username 
    from
        tecnico t1_0 
    left join
        tecnico_competencia c1_0 
            on t1_0.id=c1_0.tecnico_id 
    left join
        competencia c1_1 
            on c1_1.id=c1_0.competencia_id 
    join
        utilizador u1_0 
            on u1_0.id=t1_0.utilizador_id 
    where
        t1_0.id=?
2026-07-07 13:19:25.623 [main] INFO  c.i.i.service.CacheService - Cache carregado: 2 técnicos, 2 tickets
2026-07-07 13:19:25.647 [main] INFO  c.i.i.controller.WebController - WebController carregado com sucesso
2026-07-07 13:19:25.886 [main] INFO  o.s.b.a.e.web.EndpointLinksResolver - Exposing 3 endpoints beneath base path '/actuator'
2026-07-07 13:19:25.934 [main] WARN  o.s.b.a.o.j.JpaBaseConfiguration$JpaWebConfiguration - spring.jpa.open-in-view is enabled by default. Therefore, database queries may be performed during view rendering. Explicitly configure spring.jpa.open-in-view to disable this warning
2026-07-07 13:19:25.958 [main] INFO  o.s.b.a.w.s.WelcomePageHandlerMapping - Adding welcome page: class path resource [static/index.html]
2026-07-07 13:19:26.136 [main] INFO  o.s.s.c.a.a.c.InitializeUserDetailsBeanManagerConfigurer$InitializeUserDetailsManagerConfigurer - Global AuthenticationManager configured with UserDetailsService bean with name customUserDetailsService
2026-07-07 13:19:26.185 [main] INFO  c.i.i.security.config.SecurityConfig - Modo segurança ativado (JWT + Web)
2026-07-07 13:19:26.273 [main] DEBUG o.s.s.web.DefaultSecurityFilterChain - Will secure any request with filters: DisableEncodeUrlFilter, WebAsyncManagerIntegrationFilter, SecurityContextHolderFilter, HeaderWriterFilter, CorsFilter, CsrfFilter, LogoutFilter, JwtAuthenticationFilter, UsernamePasswordAuthenticationFilter, RequestCacheAwareFilter, SecurityContextHolderAwareRequestFilter, AnonymousAuthenticationFilter, SessionManagementFilter, ExceptionTranslationFilter, AuthorizationFilter
2026-07-07 13:19:26.671 [main] INFO  o.a.coyote.http11.Http11NioProtocol - Starting ProtocolHandler ["http-nio-8080"]
2026-07-07 13:19:26.700 [main] INFO  o.s.b.w.e.tomcat.TomcatWebServer - Tomcat started on port 8080 (http) with context path '/'
2026-07-07 13:19:26.714 [main] INFO  c.i.i.IncidentManagementApplication - Started IncidentManagementApplication in 6.182 seconds (process running for 6.53)
2026-07-07 13:21:10.939 [SpringApplicationShutdownHook] INFO  o.s.b.w.e.tomcat.GracefulShutdown - Commencing graceful shutdown. Waiting for active requests to complete
2026-07-07 13:21:10.945 [tomcat-shutdown] INFO  o.s.b.w.e.tomcat.GracefulShutdown - Graceful shutdown complete
2026-07-07 13:21:10.952 [SpringApplicationShutdownHook] INFO  o.s.o.j.LocalContainerEntityManagerFactoryBean - Closing JPA EntityManagerFactory for persistence unit 'default'
2026-07-07 13:21:10.954 [SpringApplicationShutdownHook] INFO  com.zaxxer.hikari.HikariDataSource - HikariPool-1 - Shutdown initiated...
2026-07-07 13:21:10.959 [SpringApplicationShutdownHook] INFO  com.zaxxer.hikari.HikariDataSource - HikariPool-1 - Shutdown completed.
2026-07-07 13:21:59.140 [background-preinit] INFO  o.h.validator.internal.util.Version - HV000001: Hibernate Validator 8.0.3.Final
2026-07-07 13:21:59.194 [main] INFO  c.i.i.IncidentManagementApplication - Starting IncidentManagementApplication using Java 21.0.10 with PID 19892 (C:\Users\Usuario\Documents\Tecnisign\UFCD 10790 – Projeto de Programação\incident-management\target\classes started by Usuario in C:\Users\Usuario\Documents\Tecnisign\UFCD 10790 – Projeto de Programação\incident-management)
2026-07-07 13:21:59.194 [main] DEBUG c.i.i.IncidentManagementApplication - Running with Spring Boot v3.5.14, Spring v6.2.18
2026-07-07 13:21:59.195 [main] INFO  c.i.i.IncidentManagementApplication - The following 1 profile is active: "console"
2026-07-07 13:22:00.259 [main] INFO  o.s.d.r.c.RepositoryConfigurationDelegate - Bootstrapping Spring Data JPA repositories in DEFAULT mode.
2026-07-07 13:22:00.327 [main] INFO  o.s.d.r.c.RepositoryConfigurationDelegate - Finished Spring Data repository scanning in 60 ms. Found 5 JPA repository interfaces.
2026-07-07 13:22:00.834 [main] INFO  o.s.b.w.e.tomcat.TomcatWebServer - Tomcat initialized with port 8080 (http)
2026-07-07 13:22:00.847 [main] INFO  o.a.coyote.http11.Http11NioProtocol - Initializing ProtocolHandler ["http-nio-8080"]
2026-07-07 13:22:00.849 [main] INFO  o.a.catalina.core.StandardService - Starting service [Tomcat]
2026-07-07 13:22:00.849 [main] INFO  o.a.catalina.core.StandardEngine - Starting Servlet engine: [Apache Tomcat/10.1.54]
2026-07-07 13:22:00.909 [main] INFO  o.a.c.c.C.[Tomcat].[localhost].[/] - Initializing Spring embedded WebApplicationContext
2026-07-07 13:22:00.910 [main] INFO  o.s.b.w.s.c.ServletWebServerApplicationContext - Root WebApplicationContext: initialization completed in 1677 ms
2026-07-07 13:22:01.122 [main] INFO  o.h.jpa.internal.util.LogHelper - HHH000204: Processing PersistenceUnitInfo [name: default]
2026-07-07 13:22:01.169 [main] INFO  org.hibernate.Version - HHH000412: Hibernate ORM core version 6.6.49.Final
2026-07-07 13:22:01.200 [main] INFO  o.h.c.i.RegionFactoryInitiator - HHH000026: Second-level cache disabled
2026-07-07 13:22:01.465 [main] INFO  o.s.o.j.p.SpringPersistenceUnitInfo - No LoadTimeWeaver setup: ignoring JPA class transformer
2026-07-07 13:22:01.497 [main] INFO  com.zaxxer.hikari.HikariDataSource - HikariPool-1 - Starting...
2026-07-07 13:22:01.621 [main] INFO  com.zaxxer.hikari.pool.HikariPool - HikariPool-1 - Added connection org.postgresql.jdbc.PgConnection@2ace1cd3
2026-07-07 13:22:01.623 [main] INFO  com.zaxxer.hikari.HikariDataSource - HikariPool-1 - Start completed.
2026-07-07 13:22:01.654 [main] WARN  org.hibernate.orm.deprecation - HHH90000025: PostgreSQLDialect does not need to be specified explicitly using 'hibernate.dialect' (remove the property setting and it will be selected by default)
2026-07-07 13:22:01.674 [main] INFO  o.hibernate.orm.connections.pooling - HHH10001005: Database info:
	Database JDBC URL [Connecting through datasource 'HikariDataSource (HikariPool-1)']
	Database driver: undefined/unknown
	Database version: 15.18
	Autocommit mode: undefined/unknown
	Isolation level: undefined/unknown
	Minimum pool size: undefined/unknown
	Maximum pool size: undefined/unknown
2026-07-07 13:22:02.660 [main] INFO  o.h.e.t.j.p.i.JtaPlatformInitiator - HHH000489: No JTA platform available (set 'hibernate.transaction.jta.platform' to enable JTA platform integration)
2026-07-07 13:22:02.800 [main] INFO  o.s.o.j.LocalContainerEntityManagerFactoryBean - Initialized JPA EntityManagerFactory for persistence unit 'default'
2026-07-07 13:22:03.037 [main] INFO  c.i.i.s.s.CustomUserDetailsService - CustomUserDetailsService inicializado!
2026-07-07 13:22:03.039 [main] INFO  c.i.i.s.f.JwtAuthenticationFilter - JwtAuthenticationFilter inicializado!
2026-07-07 13:22:03.075 [main] DEBUG c.i.i.s.f.JwtAuthenticationFilter - Filter 'jwtAuthenticationFilter' configured for use
2026-07-07 13:22:03.245 [main] DEBUG org.hibernate.SQL - 
    select
        t1_0.id,
        t1_0.carga_trabalho_atual,
        t1_0.disponibilidade,
        t1_0.utilizador_id 
    from
        tecnico t1_0
2026-07-07 13:22:03.278 [main] DEBUG org.hibernate.SQL - 
    select
        u1_0.id,
        u1_0.created_at,
        u1_0.email,
        u1_0.nome,
        u1_0.password_hash,
        u1_0.role,
        u1_0.username 
    from
        utilizador u1_0 
    where
        u1_0.id=?
2026-07-07 13:22:03.286 [main] DEBUG org.hibernate.SQL - 
    select
        u1_0.id,
        u1_0.created_at,
        u1_0.email,
        u1_0.nome,
        u1_0.password_hash,
        u1_0.role,
        u1_0.username 
    from
        utilizador u1_0 
    where
        u1_0.id=?
2026-07-07 13:22:03.291 [main] DEBUG org.hibernate.SQL - 
    select
        c1_0.tecnico_id,
        c1_1.id,
        c1_1.nome 
    from
        tecnico_competencia c1_0 
    join
        competencia c1_1 
            on c1_1.id=c1_0.competencia_id 
    where
        c1_0.tecnico_id=?
2026-07-07 13:22:03.295 [main] DEBUG org.hibernate.SQL - 
    select
        c1_0.tecnico_id,
        c1_1.id,
        c1_1.nome 
    from
        tecnico_competencia c1_0 
    join
        competencia c1_1 
            on c1_1.id=c1_0.competencia_id 
    where
        c1_0.tecnico_id=?
2026-07-07 13:22:03.312 [main] INFO  c.i.i.service.CacheService -    Técnico carregado: Joao Tecnico | Competências: 8
2026-07-07 13:22:03.312 [main] INFO  c.i.i.service.CacheService -    Técnico carregado: Carlos Soares | Competências: 7
2026-07-07 13:22:03.315 [main] DEBUG org.hibernate.SQL - 
    select
        t1_0.id,
        t1_0.aberto_por_id,
        t1_0.ativo_id,
        t1_0.data_abertura,
        t1_0.data_fecho,
        t1_0.descricao,
        t1_0.estado,
        t1_0.prioridade,
        t1_0.tecnico_id,
        t1_0.tipo,
        t1_0.titulo 
    from
        ticket t1_0
2026-07-07 13:22:03.317 [main] DEBUG org.hibernate.SQL - 
    select
        u1_0.id,
        u1_0.created_at,
        u1_0.email,
        u1_0.nome,
        u1_0.password_hash,
        u1_0.role,
        u1_0.username 
    from
        utilizador u1_0 
    where
        u1_0.id=?
2026-07-07 13:22:03.318 [main] DEBUG org.hibernate.SQL - 
    select
        t1_0.id,
        t1_0.carga_trabalho_atual,
        c1_0.tecnico_id,
        c1_1.id,
        c1_1.nome,
        t1_0.disponibilidade,
        t1_0.utilizador_id,
        u1_0.id,
        u1_0.created_at,
        u1_0.email,
        u1_0.nome,
        u1_0.password_hash,
        u1_0.role,
        u1_0.username 
    from
        tecnico t1_0 
    left join
        tecnico_competencia c1_0 
            on t1_0.id=c1_0.tecnico_id 
    left join
        competencia c1_1 
            on c1_1.id=c1_0.competencia_id 
    join
        utilizador u1_0 
            on u1_0.id=t1_0.utilizador_id 
    where
        t1_0.id=?
2026-07-07 13:22:03.325 [main] INFO  c.i.i.service.CacheService - Cache carregado: 2 técnicos, 2 tickets
2026-07-07 13:22:03.391 [main] INFO  c.i.i.security.config.SecurityConfig - SecurityConfig inicializado!
2026-07-07 13:22:03.392 [main] DEBUG c.i.i.security.config.SecurityConfig - PasswordEncoder BCrypt criado
2026-07-07 13:22:03.394 [main] INFO  c.i.i.controller.ApiAuthController - ApiAuthController inicializado
2026-07-07 13:22:03.400 [main] INFO  c.i.i.c.CompetenciaWebController - CompetenciaWebController inicializado
2026-07-07 13:22:03.408 [main] INFO  c.i.i.controller.WebController - WebController carregado com sucesso
2026-07-07 13:22:03.603 [main] INFO  o.s.b.a.e.web.EndpointLinksResolver - Exposing 3 endpoints beneath base path '/actuator'
2026-07-07 13:22:03.648 [main] WARN  o.s.b.a.o.j.JpaBaseConfiguration$JpaWebConfiguration - spring.jpa.open-in-view is enabled by default. Therefore, database queries may be performed during view rendering. Explicitly configure spring.jpa.open-in-view to disable this warning
2026-07-07 13:22:03.670 [main] INFO  o.s.b.a.w.s.WelcomePageHandlerMapping - Adding welcome page: class path resource [static/index.html]
2026-07-07 13:22:03.831 [main] INFO  o.s.s.c.a.a.c.InitializeUserDetailsBeanManagerConfigurer$InitializeUserDetailsManagerConfigurer - Global AuthenticationManager configured with UserDetailsService bean with name customUserDetailsService
2026-07-07 13:22:03.873 [main] INFO  c.i.i.security.config.SecurityConfig - Modo segurança ativado (JWT + Web)
2026-07-07 13:22:03.955 [main] DEBUG o.s.s.web.DefaultSecurityFilterChain - Will secure any request with filters: DisableEncodeUrlFilter, WebAsyncManagerIntegrationFilter, SecurityContextHolderFilter, HeaderWriterFilter, CorsFilter, CsrfFilter, LogoutFilter, JwtAuthenticationFilter, UsernamePasswordAuthenticationFilter, RequestCacheAwareFilter, SecurityContextHolderAwareRequestFilter, AnonymousAuthenticationFilter, SessionManagementFilter, ExceptionTranslationFilter, AuthorizationFilter
2026-07-07 13:22:04.279 [main] INFO  o.a.coyote.http11.Http11NioProtocol - Starting ProtocolHandler ["http-nio-8080"]
2026-07-07 13:22:04.296 [main] INFO  o.s.b.w.e.tomcat.TomcatWebServer - Tomcat started on port 8080 (http) with context path '/'
2026-07-07 13:22:04.311 [main] INFO  c.i.i.IncidentManagementApplication - Started IncidentManagementApplication in 5.678 seconds (process running for 6.0)
2026-07-07 13:22:30.941 [http-nio-8080-exec-1] INFO  o.a.c.c.C.[Tomcat].[localhost].[/] - Initializing Spring DispatcherServlet 'dispatcherServlet'
2026-07-07 13:22:30.941 [http-nio-8080-exec-1] INFO  o.s.web.servlet.DispatcherServlet - Initializing Servlet 'dispatcherServlet'
2026-07-07 13:22:30.942 [http-nio-8080-exec-1] INFO  o.s.web.servlet.DispatcherServlet - Completed initialization in 1 ms
2026-07-07 13:22:30.970 [http-nio-8080-exec-1] DEBUG o.s.security.web.FilterChainProxy - Securing GET /
2026-07-07 13:22:30.984 [http-nio-8080-exec-1] DEBUG o.s.s.w.a.AnonymousAuthenticationFilter - Set SecurityContextHolder to anonymous SecurityContext
2026-07-07 13:22:30.990 [http-nio-8080-exec-1] DEBUG o.s.security.web.FilterChainProxy - Secured GET /
2026-07-07 13:22:31.019 [http-nio-8080-exec-3] DEBUG o.s.security.web.FilterChainProxy - Securing GET /login
2026-07-07 13:22:31.021 [http-nio-8080-exec-3] DEBUG o.s.s.w.a.AnonymousAuthenticationFilter - Set SecurityContextHolder to anonymous SecurityContext
2026-07-07 13:22:31.021 [http-nio-8080-exec-3] DEBUG o.s.security.web.FilterChainProxy - Secured GET /login
2026-07-07 13:22:31.022 [http-nio-8080-exec-3] DEBUG c.i.i.controller.AuthController - Página de login acessada
2026-07-07 13:22:31.353 [http-nio-8080-exec-2] DEBUG o.s.security.web.FilterChainProxy - Securing GET /favicon.ico
2026-07-07 13:22:31.353 [http-nio-8080-exec-2] DEBUG o.s.s.w.a.AnonymousAuthenticationFilter - Set SecurityContextHolder to anonymous SecurityContext
2026-07-07 13:22:31.354 [http-nio-8080-exec-2] DEBUG o.s.security.web.FilterChainProxy - Secured GET /favicon.ico
2026-07-07 13:22:33.312 [http-nio-8080-exec-4] DEBUG o.s.security.web.FilterChainProxy - Securing POST /login
2026-07-07 13:22:33.403 [http-nio-8080-exec-4] DEBUG c.i.i.s.s.CustomUserDetailsService - Buscando utilizador: admin
2026-07-07 13:22:33.450 [http-nio-8080-exec-4] DEBUG org.hibernate.SQL - 
    select
        u1_0.id,
        u1_0.created_at,
        u1_0.email,
        u1_0.nome,
        u1_0.password_hash,
        u1_0.role,
        u1_0.username 
    from
        utilizador u1_0 
    where
        u1_0.username=?
2026-07-07 13:22:33.457 [http-nio-8080-exec-4] DEBUG c.i.i.s.s.CustomUserDetailsService - Utilizador encontrado: admin | Role: ADMIN
2026-07-07 13:22:33.457 [http-nio-8080-exec-4] DEBUG c.i.i.s.s.CustomUserDetailsService - Password hash limpo para utilizador: admin
2026-07-07 13:22:33.458 [http-nio-8080-exec-4] DEBUG c.i.i.s.service.CustomUserDetails - CustomUserDetails criado para: admin
2026-07-07 13:22:33.458 [http-nio-8080-exec-4] DEBUG c.i.i.s.service.CustomUserDetails - Password hash retrieved
2026-07-07 13:22:33.526 [http-nio-8080-exec-4] DEBUG c.i.i.s.service.CustomUserDetails - GrantedAuthority: ROLE_ADMIN
2026-07-07 13:22:33.526 [http-nio-8080-exec-4] DEBUG o.s.s.a.d.DaoAuthenticationProvider - Authenticated user
2026-07-07 13:22:33.527 [http-nio-8080-exec-4] DEBUG o.s.s.w.a.s.ChangeSessionIdAuthenticationStrategy - Changed session id from 4770B86AF2AD6BA83226C9E6BC1298B2
2026-07-07 13:22:33.527 [http-nio-8080-exec-4] DEBUG o.s.s.w.c.CsrfAuthenticationStrategy - Replaced CSRF Token
2026-07-07 13:22:33.528 [http-nio-8080-exec-4] DEBUG o.s.s.w.c.HttpSessionSecurityContextRepository - Stored SecurityContextImpl [Authentication=UsernamePasswordAuthenticationToken [Principal=com.itsm.incidentmanagement.security.service.CustomUserDetails@6ccbc8d1, Credentials=[PROTECTED], Authenticated=true, Details=WebAuthenticationDetails [RemoteIpAddress=127.0.0.1, SessionId=4770B86AF2AD6BA83226C9E6BC1298B2], Granted Authorities=[ROLE_ADMIN]]] to HttpSession [org.apache.catalina.session.StandardSessionFacade@26715d0c]
2026-07-07 13:22:33.529 [http-nio-8080-exec-4] DEBUG o.s.s.w.a.UsernamePasswordAuthenticationFilter - Set SecurityContextHolder to UsernamePasswordAuthenticationToken [Principal=com.itsm.incidentmanagement.security.service.CustomUserDetails@6ccbc8d1, Credentials=[PROTECTED], Authenticated=true, Details=WebAuthenticationDetails [RemoteIpAddress=127.0.0.1, SessionId=4770B86AF2AD6BA83226C9E6BC1298B2], Granted Authorities=[ROLE_ADMIN]]
2026-07-07 13:22:33.529 [http-nio-8080-exec-4] INFO  c.i.i.security.config.SecurityConfig - Redirecionando por role: ROLE_ADMIN
2026-07-07 13:22:33.534 [http-nio-8080-exec-5] DEBUG o.s.security.web.FilterChainProxy - Securing GET /admin/dashboard
2026-07-07 13:22:33.536 [http-nio-8080-exec-5] DEBUG o.s.s.w.c.HttpSessionSecurityContextRepository - Retrieved SecurityContextImpl [Authentication=UsernamePasswordAuthenticationToken [Principal=com.itsm.incidentmanagement.security.service.CustomUserDetails@6ccbc8d1, Credentials=[PROTECTED], Authenticated=true, Details=WebAuthenticationDetails [RemoteIpAddress=127.0.0.1, SessionId=4770B86AF2AD6BA83226C9E6BC1298B2], Granted Authorities=[ROLE_ADMIN]]]
2026-07-07 13:22:33.538 [http-nio-8080-exec-5] DEBUG o.s.security.web.FilterChainProxy - Secured GET /admin/dashboard
2026-07-07 13:22:33.542 [http-nio-8080-exec-5] DEBUG org.hibernate.SQL - 
    select
        t1_0.id,
        t1_0.aberto_por_id,
        t1_0.ativo_id,
        t1_0.data_abertura,
        t1_0.data_fecho,
        t1_0.descricao,
        t1_0.estado,
        t1_0.prioridade,
        t1_0.tecnico_id,
        t1_0.tipo,
        t1_0.titulo 
    from
        ticket t1_0
2026-07-07 13:22:33.544 [http-nio-8080-exec-5] DEBUG org.hibernate.SQL - 
    select
        u1_0.id,
        u1_0.created_at,
        u1_0.email,
        u1_0.nome,
        u1_0.password_hash,
        u1_0.role,
        u1_0.username 
    from
        utilizador u1_0 
    where
        u1_0.id=?
2026-07-07 13:22:33.546 [http-nio-8080-exec-5] DEBUG org.hibernate.SQL - 
    select
        t1_0.id,
        t1_0.carga_trabalho_atual,
        c1_0.tecnico_id,
        c1_1.id,
        c1_1.nome,
        t1_0.disponibilidade,
        t1_0.utilizador_id,
        u1_0.id,
        u1_0.created_at,
        u1_0.email,
        u1_0.nome,
        u1_0.password_hash,
        u1_0.role,
        u1_0.username 
    from
        tecnico t1_0 
    left join
        tecnico_competencia c1_0 
            on t1_0.id=c1_0.tecnico_id 
    left join
        competencia c1_1 
            on c1_1.id=c1_0.competencia_id 
    join
        utilizador u1_0 
            on u1_0.id=t1_0.utilizador_id 
    where
        t1_0.id=?
2026-07-07 13:22:33.550 [http-nio-8080-exec-5] DEBUG org.hibernate.SQL - 
    select
        t1_0.id,
        t1_0.aberto_por_id,
        t1_0.ativo_id,
        t1_0.data_abertura,
        t1_0.data_fecho,
        t1_0.descricao,
        t1_0.estado,
        t1_0.prioridade,
        t1_0.tecnico_id,
        t1_0.tipo,
        t1_0.titulo 
    from
        ticket t1_0 
    where
        t1_0.estado=?
2026-07-07 13:22:33.555 [http-nio-8080-exec-5] DEBUG org.hibernate.SQL - 
    select
        t1_0.id,
        t1_0.carga_trabalho_atual,
        t1_0.disponibilidade,
        t1_0.utilizador_id 
    from
        tecnico t1_0
2026-07-07 13:22:33.556 [http-nio-8080-exec-5] DEBUG org.hibernate.SQL - 
    select
        u1_0.id,
        u1_0.created_at,
        u1_0.email,
        u1_0.nome,
        u1_0.password_hash,
        u1_0.role,
        u1_0.username 
    from
        utilizador u1_0 
    where
        u1_0.id=?
2026-07-07 13:22:33.559 [http-nio-8080-exec-5] DEBUG org.hibernate.SQL - 
    select
        c1_0.tecnico_id,
        c1_1.id,
        c1_1.nome 
    from
        tecnico_competencia c1_0 
    join
        competencia c1_1 
            on c1_1.id=c1_0.competencia_id 
    where
        c1_0.tecnico_id=?
2026-07-07 13:22:33.563 [http-nio-8080-exec-5] DEBUG org.hibernate.SQL - 
    select
        u1_0.id,
        u1_0.created_at,
        u1_0.email,
        u1_0.nome,
        u1_0.password_hash,
        u1_0.role,
        u1_0.username 
    from
        utilizador u1_0
2026-07-07 13:22:33.567 [http-nio-8080-exec-5] DEBUG org.hibernate.SQL - 
    select
        t1_0.id,
        t1_0.aberto_por_id,
        t1_0.ativo_id,
        t1_0.data_abertura,
        t1_0.data_fecho,
        t1_0.descricao,
        t1_0.estado,
        t1_0.prioridade,
        t1_0.tecnico_id,
        t1_0.tipo,
        t1_0.titulo 
    from
        ticket t1_0
2026-07-07 13:22:33.632 [http-nio-8080-exec-7] DEBUG o.s.security.web.FilterChainProxy - Securing GET /favicon.ico
2026-07-07 13:22:33.634 [http-nio-8080-exec-7] DEBUG o.s.security.web.FilterChainProxy - Secured GET /favicon.ico
2026-07-07 13:22:33.639 [http-nio-8080-exec-7] DEBUG o.s.s.w.c.HttpSessionSecurityContextRepository - Retrieved SecurityContextImpl [Authentication=UsernamePasswordAuthenticationToken [Principal=com.itsm.incidentmanagement.security.service.CustomUserDetails@6ccbc8d1, Credentials=[PROTECTED], Authenticated=true, Details=WebAuthenticationDetails [RemoteIpAddress=127.0.0.1, SessionId=4770B86AF2AD6BA83226C9E6BC1298B2], Granted Authorities=[ROLE_ADMIN]]]
2026-07-07 13:23:06.239 [http-nio-8080-exec-9] DEBUG o.s.security.web.FilterChainProxy - Securing POST /api/auth/login
2026-07-07 13:23:06.240 [http-nio-8080-exec-9] DEBUG o.s.s.w.a.AnonymousAuthenticationFilter - Set SecurityContextHolder to anonymous SecurityContext
2026-07-07 13:23:06.240 [http-nio-8080-exec-9] DEBUG o.s.security.web.FilterChainProxy - Secured POST /api/auth/login
2026-07-07 13:23:06.241 [http-nio-8080-exec-9] INFO  c.i.i.config.LoggingInterceptor - 📥 Requisição recebida: POST /api/auth/login | IP: 0:0:0:0:0:0:0:1
2026-07-07 13:23:06.268 [http-nio-8080-exec-9] DEBUG org.hibernate.SQL - 
    select
        u1_0.id,
        u1_0.created_at,
        u1_0.email,
        u1_0.nome,
        u1_0.password_hash,
        u1_0.role,
        u1_0.username 
    from
        utilizador u1_0 
    where
        u1_0.username=?
2026-07-07 13:23:06.445 [http-nio-8080-exec-9] INFO  c.i.i.controller.ApiAuthController - Login bem-sucedido para utilizador: admin
2026-07-07 13:23:06.446 [http-nio-8080-exec-9] INFO  c.i.i.config.LoggingInterceptor - 📤 Resposta enviada: POST /api/auth/login | Status: 200
2026-07-07 13:23:23.851 [http-nio-8080-exec-10] DEBUG o.s.security.web.FilterChainProxy - Securing POST /api/auth/login
2026-07-07 13:23:23.853 [http-nio-8080-exec-10] DEBUG o.s.s.w.a.AnonymousAuthenticationFilter - Set SecurityContextHolder to anonymous SecurityContext
2026-07-07 13:23:23.853 [http-nio-8080-exec-10] DEBUG o.s.security.web.FilterChainProxy - Secured POST /api/auth/login
2026-07-07 13:23:23.853 [http-nio-8080-exec-10] INFO  c.i.i.config.LoggingInterceptor - 📥 Requisição recebida: POST /api/auth/login | IP: 0:0:0:0:0:0:0:1
2026-07-07 13:23:23.856 [http-nio-8080-exec-10] DEBUG org.hibernate.SQL - 
    select
        u1_0.id,
        u1_0.created_at,
        u1_0.email,
        u1_0.nome,
        u1_0.password_hash,
        u1_0.role,
        u1_0.username 
    from
        utilizador u1_0 
    where
        u1_0.username=?
2026-07-07 13:23:23.927 [http-nio-8080-exec-10] INFO  c.i.i.controller.ApiAuthController - Login bem-sucedido para utilizador: marcio_user
2026-07-07 13:23:23.929 [http-nio-8080-exec-10] INFO  c.i.i.config.LoggingInterceptor - 📤 Resposta enviada: POST /api/auth/login | Status: 200
2026-07-07 13:23:40.088 [http-nio-8080-exec-1] DEBUG o.s.security.web.FilterChainProxy - Securing POST /api/tickets
2026-07-07 13:23:40.128 [http-nio-8080-exec-1] DEBUG c.i.i.s.f.JwtAuthenticationFilter - JWT Username: marcio_user
2026-07-07 13:23:40.128 [http-nio-8080-exec-1] DEBUG c.i.i.s.s.CustomUserDetailsService - Buscando utilizador: marcio_user
2026-07-07 13:23:40.129 [http-nio-8080-exec-1] DEBUG org.hibernate.SQL - 
    select
        u1_0.id,
        u1_0.created_at,
        u1_0.email,
        u1_0.nome,
        u1_0.password_hash,
        u1_0.role,
        u1_0.username 
    from
        utilizador u1_0 
    where
        u1_0.username=?
2026-07-07 13:23:40.131 [http-nio-8080-exec-1] DEBUG c.i.i.s.s.CustomUserDetailsService - Utilizador encontrado: marcio_user | Role: UTILIZADOR
2026-07-07 13:23:40.131 [http-nio-8080-exec-1] DEBUG c.i.i.s.s.CustomUserDetailsService - Password hash limpo para utilizador: marcio_user
2026-07-07 13:23:40.131 [http-nio-8080-exec-1] DEBUG c.i.i.s.service.CustomUserDetails - CustomUserDetails criado para: marcio_user
2026-07-07 13:23:40.134 [http-nio-8080-exec-1] DEBUG c.i.i.s.service.CustomUserDetails - GrantedAuthority: ROLE_UTILIZADOR
2026-07-07 13:23:40.134 [http-nio-8080-exec-1] DEBUG c.i.i.s.f.JwtAuthenticationFilter - JWT validado para: marcio_user
2026-07-07 13:23:40.134 [http-nio-8080-exec-1] DEBUG o.s.s.w.c.HttpSessionSecurityContextRepository - Stored SecurityContextImpl [Authentication=UsernamePasswordAuthenticationToken [Principal=com.itsm.incidentmanagement.security.service.CustomUserDetails@3964dbf1, Credentials=[PROTECTED], Authenticated=true, Details=WebAuthenticationDetails [RemoteIpAddress=0:0:0:0:0:0:0:1, SessionId=null], Granted Authorities=[ROLE_UTILIZADOR]]] to HttpSession [org.apache.catalina.session.StandardSessionFacade@6f7c34c2]
2026-07-07 13:23:40.134 [http-nio-8080-exec-1] DEBUG o.s.security.web.FilterChainProxy - Secured POST /api/tickets
2026-07-07 13:23:40.135 [http-nio-8080-exec-1] INFO  c.i.i.config.LoggingInterceptor - 📥 Requisição recebida: POST /api/tickets | IP: 0:0:0:0:0:0:0:1
2026-07-07 13:23:40.175 [http-nio-8080-exec-1] INFO  c.i.i.service.TicketService - AUDIT - Criação de ticket: Servidor PostgreSQL lento
2026-07-07 13:23:40.175 [http-nio-8080-exec-1] INFO  AUDIT - TICKET_CREATE | TicketId: 0 | Titulo: Servidor PostgreSQL lento | UserId: 20 | Status: INICIADO
2026-07-07 13:23:40.175 [http-nio-8080-exec-1] INFO  c.i.i.s.TicketAssignmentService - ========================================
2026-07-07 13:23:40.175 [http-nio-8080-exec-1] INFO  c.i.i.s.TicketAssignmentService - A atribuir técnico para ticket: Servidor PostgreSQL lento
2026-07-07 13:23:40.175 [http-nio-8080-exec-1] INFO  c.i.i.s.TicketAssignmentService - ========================================
2026-07-07 13:23:40.175 [http-nio-8080-exec-1] DEBUG c.i.i.s.TicketAssignmentService - Total de técnicos na cache: 2
2026-07-07 13:23:40.175 [http-nio-8080-exec-1] DEBUG c.i.i.s.TicketAssignmentService - Palavras-chave extraídas: [servidor, lento, performance, postgresql, dados, reduzida, base]
2026-07-07 13:23:40.186 [http-nio-8080-exec-1] DEBUG c.i.i.s.TicketAssignmentService -    Joao Tecnico | Competências: Git, Docker, Redes, Infraestrutura, DevOps, Kubernetes, Firewall, Internet | Carga: 13
2026-07-07 13:23:40.186 [http-nio-8080-exec-1] DEBUG c.i.i.s.TicketAssignmentService -    Carlos Soares | Competências: Spring Boot, SQL, Java, Angular, React, PostgreSQL, Python | Carga: 12
2026-07-07 13:23:40.189 [http-nio-8080-exec-1] DEBUG c.i.i.s.TicketAssignmentService - Técnicos com competências relevantes: 1
2026-07-07 13:23:40.189 [http-nio-8080-exec-1] DEBUG c.i.i.s.TicketAssignmentService - Dia atual: TUESDAY | Hora: 13:23:40.189410400
2026-07-07 13:23:40.193 [http-nio-8080-exec-1] DEBUG c.i.i.s.TicketAssignmentService - Técnicos disponíveis (horário): 1
2026-07-07 13:23:40.194 [http-nio-8080-exec-1] INFO  c.i.i.s.TicketAssignmentService - Técnico ESCOLHIDO: Carlos Soares (carga atual: 12)
2026-07-07 13:23:40.220 [http-nio-8080-exec-1] DEBUG org.hibernate.SQL - 
    insert 
    into
        ticket
        (aberto_por_id, ativo_id, data_abertura, data_fecho, descricao, estado, prioridade, tecnico_id, tipo, titulo) 
    values
        (?, ?, ?, ?, ?, ?, ?, ?, ?, ?)
2026-07-07 13:23:40.250 [http-nio-8080-exec-1] INFO  c.i.i.s.TicketAssignmentService - ========================================
2026-07-07 13:23:40.256 [http-nio-8080-exec-1] DEBUG org.hibernate.SQL - 
    select
        t1_0.id,
        t1_0.carga_trabalho_atual,
        c1_0.tecnico_id,
        c1_1.id,
        c1_1.nome,
        t1_0.disponibilidade,
        t1_0.utilizador_id,
        u1_0.id,
        u1_0.created_at,
        u1_0.email,
        u1_0.nome,
        u1_0.password_hash,
        u1_0.role,
        u1_0.username 
    from
        tecnico t1_0 
    left join
        tecnico_competencia c1_0 
            on t1_0.id=c1_0.tecnico_id 
    left join
        competencia c1_1 
            on c1_1.id=c1_0.competencia_id 
    join
        utilizador u1_0 
            on u1_0.id=t1_0.utilizador_id 
    where
        t1_0.id=?
2026-07-07 13:23:40.260 [http-nio-8080-exec-1] INFO  c.i.i.service.TicketService - ✅ AUDIT - Ticket 38 atribuído ao técnico 6 (carga: 14)
2026-07-07 13:23:40.260 [http-nio-8080-exec-1] INFO  AUDIT - TICKET_ASSIGN | TicketId: 38 | TecnicoId: 6 | AssignedBy: 20
2026-07-07 13:23:40.260 [http-nio-8080-exec-1] INFO  c.i.i.service.TicketService - AUDIT - Ticket criado com ID: 38
2026-07-07 13:23:40.262 [http-nio-8080-exec-1] INFO  AUDIT - TICKET_CREATE | TicketId: 38 | Titulo: Servidor PostgreSQL lento | UserId: 20 | Status: ABERTO
2026-07-07 13:23:40.275 [http-nio-8080-exec-1] DEBUG org.hibernate.SQL - 
    update
        ticket 
    set
        aberto_por_id=?,
        ativo_id=?,
        data_abertura=?,
        data_fecho=?,
        descricao=?,
        estado=?,
        prioridade=?,
        tecnico_id=?,
        tipo=?,
        titulo=? 
    where
        id=?
2026-07-07 13:23:40.282 [http-nio-8080-exec-1] DEBUG org.hibernate.SQL - 
    update
        tecnico 
    set
        carga_trabalho_atual=?,
        disponibilidade=?,
        utilizador_id=? 
    where
        id=?
2026-07-07 13:23:40.305 [http-nio-8080-exec-1] INFO  c.i.i.config.LoggingInterceptor - 📤 Resposta enviada: POST /api/tickets | Status: 201
2026-07-07 13:23:46.225 [http-nio-8080-exec-3] DEBUG o.s.security.web.FilterChainProxy - Securing GET /admin/tickets
2026-07-07 13:23:46.226 [http-nio-8080-exec-3] DEBUG o.s.s.w.c.HttpSessionSecurityContextRepository - Retrieved SecurityContextImpl [Authentication=UsernamePasswordAuthenticationToken [Principal=com.itsm.incidentmanagement.security.service.CustomUserDetails@6ccbc8d1, Credentials=[PROTECTED], Authenticated=true, Details=WebAuthenticationDetails [RemoteIpAddress=127.0.0.1, SessionId=4770B86AF2AD6BA83226C9E6BC1298B2], Granted Authorities=[ROLE_ADMIN]]]
2026-07-07 13:23:46.227 [http-nio-8080-exec-3] DEBUG o.s.security.web.FilterChainProxy - Secured GET /admin/tickets
2026-07-07 13:23:46.230 [http-nio-8080-exec-3] DEBUG org.hibernate.SQL - 
    select
        t1_0.id,
        t1_0.aberto_por_id,
        t1_0.ativo_id,
        t1_0.data_abertura,
        t1_0.data_fecho,
        t1_0.descricao,
        t1_0.estado,
        t1_0.prioridade,
        t1_0.tecnico_id,
        t1_0.tipo,
        t1_0.titulo 
    from
        ticket t1_0
2026-07-07 13:23:46.231 [http-nio-8080-exec-3] DEBUG org.hibernate.SQL - 
    select
        u1_0.id,
        u1_0.created_at,
        u1_0.email,
        u1_0.nome,
        u1_0.password_hash,
        u1_0.role,
        u1_0.username 
    from
        utilizador u1_0 
    where
        u1_0.id=?
2026-07-07 13:23:46.234 [http-nio-8080-exec-3] DEBUG org.hibernate.SQL - 
    select
        t1_0.id,
        t1_0.carga_trabalho_atual,
        c1_0.tecnico_id,
        c1_1.id,
        c1_1.nome,
        t1_0.disponibilidade,
        t1_0.utilizador_id,
        u1_0.id,
        u1_0.created_at,
        u1_0.email,
        u1_0.nome,
        u1_0.password_hash,
        u1_0.role,
        u1_0.username 
    from
        tecnico t1_0 
    left join
        tecnico_competencia c1_0 
            on t1_0.id=c1_0.tecnico_id 
    left join
        competencia c1_1 
            on c1_1.id=c1_0.competencia_id 
    join
        utilizador u1_0 
            on u1_0.id=t1_0.utilizador_id 
    where
        t1_0.id=?
2026-07-07 13:23:46.237 [http-nio-8080-exec-3] DEBUG org.hibernate.SQL - 
    select
        u1_0.id,
        u1_0.created_at,
        u1_0.email,
        u1_0.nome,
        u1_0.password_hash,
        u1_0.role,
        u1_0.username 
    from
        utilizador u1_0 
    where
        u1_0.id=?
2026-07-07 13:23:46.238 [http-nio-8080-exec-3] DEBUG org.hibernate.SQL - 
    select
        t1_0.id,
        t1_0.carga_trabalho_atual,
        c1_0.tecnico_id,
        c1_1.id,
        c1_1.nome,
        t1_0.disponibilidade,
        t1_0.utilizador_id,
        u1_0.id,
        u1_0.created_at,
        u1_0.email,
        u1_0.nome,
        u1_0.password_hash,
        u1_0.role,
        u1_0.username 
    from
        tecnico t1_0 
    left join
        tecnico_competencia c1_0 
            on t1_0.id=c1_0.tecnico_id 
    left join
        competencia c1_1 
            on c1_1.id=c1_0.competencia_id 
    join
        utilizador u1_0 
            on u1_0.id=t1_0.utilizador_id 
    where
        t1_0.id=?
2026-07-07 13:23:46.243 [http-nio-8080-exec-3] DEBUG org.hibernate.SQL - 
    select
        t1_0.id,
        t1_0.aberto_por_id,
        t1_0.ativo_id,
        t1_0.data_abertura,
        t1_0.data_fecho,
        t1_0.descricao,
        t1_0.estado,
        t1_0.prioridade,
        t1_0.tecnico_id,
        t1_0.tipo,
        t1_0.titulo 
    from
        ticket t1_0 
    where
        t1_0.estado=?
2026-07-07 13:23:46.246 [http-nio-8080-exec-3] DEBUG org.hibernate.SQL - 
    select
        t1_0.id,
        t1_0.aberto_por_id,
        t1_0.ativo_id,
        t1_0.data_abertura,
        t1_0.data_fecho,
        t1_0.descricao,
        t1_0.estado,
        t1_0.prioridade,
        t1_0.tecnico_id,
        t1_0.tipo,
        t1_0.titulo 
    from
        ticket t1_0 
    where
        t1_0.estado=?
2026-07-07 13:23:46.249 [http-nio-8080-exec-3] DEBUG org.hibernate.SQL - 
    select
        t1_0.id,
        t1_0.aberto_por_id,
        t1_0.ativo_id,
        t1_0.data_abertura,
        t1_0.data_fecho,
        t1_0.descricao,
        t1_0.estado,
        t1_0.prioridade,
        t1_0.tecnico_id,
        t1_0.tipo,
        t1_0.titulo 
    from
        ticket t1_0 
    where
        t1_0.estado=?
2026-07-07 13:23:46.307 [http-nio-8080-exec-2] DEBUG o.s.security.web.FilterChainProxy - Securing GET /favicon.ico
2026-07-07 13:23:46.308 [http-nio-8080-exec-2] DEBUG o.s.security.web.FilterChainProxy - Secured GET /favicon.ico
2026-07-07 13:23:46.314 [http-nio-8080-exec-2] DEBUG o.s.s.w.c.HttpSessionSecurityContextRepository - Retrieved SecurityContextImpl [Authentication=UsernamePasswordAuthenticationToken [Principal=com.itsm.incidentmanagement.security.service.CustomUserDetails@6ccbc8d1, Credentials=[PROTECTED], Authenticated=true, Details=WebAuthenticationDetails [RemoteIpAddress=127.0.0.1, SessionId=4770B86AF2AD6BA83226C9E6BC1298B2], Granted Authorities=[ROLE_ADMIN]]]
2026-07-07 13:24:16.084 [http-nio-8080-exec-5] DEBUG o.s.security.web.FilterChainProxy - Securing POST /api/tickets
2026-07-07 13:24:16.086 [http-nio-8080-exec-5] DEBUG c.i.i.s.f.JwtAuthenticationFilter - JWT Username: marcio_user
2026-07-07 13:24:16.086 [http-nio-8080-exec-5] DEBUG o.s.s.w.c.HttpSessionSecurityContextRepository - Retrieved SecurityContextImpl [Authentication=UsernamePasswordAuthenticationToken [Principal=com.itsm.incidentmanagement.security.service.CustomUserDetails@3964dbf1, Credentials=[PROTECTED], Authenticated=true, Details=WebAuthenticationDetails [RemoteIpAddress=0:0:0:0:0:0:0:1, SessionId=null], Granted Authorities=[ROLE_UTILIZADOR]]]
2026-07-07 13:24:16.086 [http-nio-8080-exec-5] DEBUG o.s.security.web.FilterChainProxy - Secured POST /api/tickets
2026-07-07 13:24:16.086 [http-nio-8080-exec-5] INFO  c.i.i.config.LoggingInterceptor - 📥 Requisição recebida: POST /api/tickets | IP: 0:0:0:0:0:0:0:1
2026-07-07 13:24:16.089 [http-nio-8080-exec-5] INFO  c.i.i.service.TicketService - AUDIT - Criação de ticket: Servidor PostgreSQL lento
2026-07-07 13:24:16.089 [http-nio-8080-exec-5] INFO  AUDIT - TICKET_CREATE | TicketId: 0 | Titulo: Servidor PostgreSQL lento | UserId: 20 | Status: INICIADO
2026-07-07 13:24:16.089 [http-nio-8080-exec-5] INFO  c.i.i.s.TicketAssignmentService - ========================================
2026-07-07 13:24:16.089 [http-nio-8080-exec-5] INFO  c.i.i.s.TicketAssignmentService - A atribuir técnico para ticket: Servidor PostgreSQL lento
2026-07-07 13:24:16.089 [http-nio-8080-exec-5] INFO  c.i.i.s.TicketAssignmentService - ========================================
2026-07-07 13:24:16.089 [http-nio-8080-exec-5] DEBUG c.i.i.s.TicketAssignmentService - Total de técnicos na cache: 2
2026-07-07 13:24:16.089 [http-nio-8080-exec-5] DEBUG c.i.i.s.TicketAssignmentService - Palavras-chave extraídas: [servidor, lento, performance, postgresql, dados, reduzida, base]
2026-07-07 13:24:16.089 [http-nio-8080-exec-5] DEBUG c.i.i.s.TicketAssignmentService -    Joao Tecnico | Competências: Git, Docker, Redes, Infraestrutura, DevOps, Kubernetes, Firewall, Internet | Carga: 13
2026-07-07 13:24:16.090 [http-nio-8080-exec-5] DEBUG c.i.i.s.TicketAssignmentService -    Carlos Soares | Competências: Spring Boot, SQL, Java, Angular, React, PostgreSQL, Python | Carga: 14
2026-07-07 13:24:16.090 [http-nio-8080-exec-5] DEBUG c.i.i.s.TicketAssignmentService - Técnicos com competências relevantes: 1
2026-07-07 13:24:16.090 [http-nio-8080-exec-5] DEBUG c.i.i.s.TicketAssignmentService - Dia atual: TUESDAY | Hora: 13:24:16.090548200
2026-07-07 13:24:16.090 [http-nio-8080-exec-5] DEBUG c.i.i.s.TicketAssignmentService - Técnicos disponíveis (horário): 1
2026-07-07 13:24:16.090 [http-nio-8080-exec-5] INFO  c.i.i.s.TicketAssignmentService - Técnico ESCOLHIDO: Carlos Soares (carga atual: 14)
2026-07-07 13:24:16.091 [http-nio-8080-exec-5] DEBUG org.hibernate.SQL - 
    insert 
    into
        ticket
        (aberto_por_id, ativo_id, data_abertura, data_fecho, descricao, estado, prioridade, tecnico_id, tipo, titulo) 
    values
        (?, ?, ?, ?, ?, ?, ?, ?, ?, ?)
2026-07-07 13:24:16.093 [http-nio-8080-exec-5] INFO  c.i.i.s.TicketAssignmentService - ========================================
2026-07-07 13:24:16.093 [http-nio-8080-exec-5] DEBUG org.hibernate.SQL - 
    select
        t1_0.id,
        t1_0.carga_trabalho_atual,
        c1_0.tecnico_id,
        c1_1.id,
        c1_1.nome,
        t1_0.disponibilidade,
        t1_0.utilizador_id,
        u1_0.id,
        u1_0.created_at,
        u1_0.email,
        u1_0.nome,
        u1_0.password_hash,
        u1_0.role,
        u1_0.username 
    from
        tecnico t1_0 
    left join
        tecnico_competencia c1_0 
            on t1_0.id=c1_0.tecnico_id 
    left join
        competencia c1_1 
            on c1_1.id=c1_0.competencia_id 
    join
        utilizador u1_0 
            on u1_0.id=t1_0.utilizador_id 
    where
        t1_0.id=?
2026-07-07 13:24:16.097 [http-nio-8080-exec-5] INFO  c.i.i.service.TicketService - ✅ AUDIT - Ticket 39 atribuído ao técnico 6 (carga: 16)
2026-07-07 13:24:16.097 [http-nio-8080-exec-5] INFO  AUDIT - TICKET_ASSIGN | TicketId: 39 | TecnicoId: 6 | AssignedBy: 20
2026-07-07 13:24:16.097 [http-nio-8080-exec-5] INFO  c.i.i.service.TicketService - AUDIT - Ticket criado com ID: 39
2026-07-07 13:24:16.098 [http-nio-8080-exec-5] INFO  AUDIT - TICKET_CREATE | TicketId: 39 | Titulo: Servidor PostgreSQL lento | UserId: 20 | Status: ABERTO
2026-07-07 13:24:16.099 [http-nio-8080-exec-5] DEBUG org.hibernate.SQL - 
    update
        ticket 
    set
        aberto_por_id=?,
        ativo_id=?,
        data_abertura=?,
        data_fecho=?,
        descricao=?,
        estado=?,
        prioridade=?,
        tecnico_id=?,
        tipo=?,
        titulo=? 
    where
        id=?
2026-07-07 13:24:16.101 [http-nio-8080-exec-5] DEBUG org.hibernate.SQL - 
    update
        tecnico 
    set
        carga_trabalho_atual=?,
        disponibilidade=?,
        utilizador_id=? 
    where
        id=?
2026-07-07 13:24:16.109 [http-nio-8080-exec-5] INFO  c.i.i.config.LoggingInterceptor - 📤 Resposta enviada: POST /api/tickets | Status: 201
2026-07-07 13:24:37.813 [http-nio-8080-exec-7] DEBUG o.s.security.web.FilterChainProxy - Securing POST /api/tickets
2026-07-07 13:24:37.814 [http-nio-8080-exec-7] DEBUG c.i.i.s.f.JwtAuthenticationFilter - JWT Username: marcio_user
2026-07-07 13:24:37.814 [http-nio-8080-exec-7] DEBUG o.s.s.w.c.HttpSessionSecurityContextRepository - Retrieved SecurityContextImpl [Authentication=UsernamePasswordAuthenticationToken [Principal=com.itsm.incidentmanagement.security.service.CustomUserDetails@3964dbf1, Credentials=[PROTECTED], Authenticated=true, Details=WebAuthenticationDetails [RemoteIpAddress=0:0:0:0:0:0:0:1, SessionId=null], Granted Authorities=[ROLE_UTILIZADOR]]]
2026-07-07 13:24:37.815 [http-nio-8080-exec-7] DEBUG o.s.security.web.FilterChainProxy - Secured POST /api/tickets
2026-07-07 13:24:37.815 [http-nio-8080-exec-7] INFO  c.i.i.config.LoggingInterceptor - 📥 Requisição recebida: POST /api/tickets | IP: 0:0:0:0:0:0:0:1
2026-07-07 13:24:37.816 [http-nio-8080-exec-7] INFO  c.i.i.service.TicketService - AUDIT - Criação de ticket: Servidor PostgreSQL lento
2026-07-07 13:24:37.816 [http-nio-8080-exec-7] INFO  AUDIT - TICKET_CREATE | TicketId: 0 | Titulo: Servidor PostgreSQL lento | UserId: 17 | Status: INICIADO
2026-07-07 13:24:37.817 [http-nio-8080-exec-7] INFO  c.i.i.s.TicketAssignmentService - ========================================
2026-07-07 13:24:37.817 [http-nio-8080-exec-7] INFO  c.i.i.s.TicketAssignmentService - A atribuir técnico para ticket: Servidor PostgreSQL lento
2026-07-07 13:24:37.817 [http-nio-8080-exec-7] INFO  c.i.i.s.TicketAssignmentService - ========================================
2026-07-07 13:24:37.818 [http-nio-8080-exec-7] DEBUG c.i.i.s.TicketAssignmentService - Total de técnicos na cache: 2
2026-07-07 13:24:37.818 [http-nio-8080-exec-7] DEBUG c.i.i.s.TicketAssignmentService - Palavras-chave extraídas: [servidor, lento, performance, postgresql, dados, reduzida, base]
2026-07-07 13:24:37.818 [http-nio-8080-exec-7] DEBUG c.i.i.s.TicketAssignmentService -    Joao Tecnico | Competências: Git, Docker, Redes, Infraestrutura, DevOps, Kubernetes, Firewall, Internet | Carga: 13
2026-07-07 13:24:37.818 [http-nio-8080-exec-7] DEBUG c.i.i.s.TicketAssignmentService -    Carlos Soares | Competências: Spring Boot, SQL, Java, Angular, React, PostgreSQL, Python | Carga: 16
2026-07-07 13:24:37.819 [http-nio-8080-exec-7] DEBUG c.i.i.s.TicketAssignmentService - Técnicos com competências relevantes: 1
2026-07-07 13:24:37.819 [http-nio-8080-exec-7] DEBUG c.i.i.s.TicketAssignmentService - Dia atual: TUESDAY | Hora: 13:24:37.819281
2026-07-07 13:24:37.819 [http-nio-8080-exec-7] DEBUG c.i.i.s.TicketAssignmentService - Técnicos disponíveis (horário): 1
2026-07-07 13:24:37.819 [http-nio-8080-exec-7] INFO  c.i.i.s.TicketAssignmentService - Técnico ESCOLHIDO: Carlos Soares (carga atual: 16)
2026-07-07 13:24:37.820 [http-nio-8080-exec-7] DEBUG org.hibernate.SQL - 
    insert 
    into
        ticket
        (aberto_por_id, ativo_id, data_abertura, data_fecho, descricao, estado, prioridade, tecnico_id, tipo, titulo) 
    values
        (?, ?, ?, ?, ?, ?, ?, ?, ?, ?)
2026-07-07 13:24:37.823 [http-nio-8080-exec-7] INFO  c.i.i.s.TicketAssignmentService - ========================================
2026-07-07 13:24:37.823 [http-nio-8080-exec-7] DEBUG org.hibernate.SQL - 
    select
        t1_0.id,
        t1_0.carga_trabalho_atual,
        c1_0.tecnico_id,
        c1_1.id,
        c1_1.nome,
        t1_0.disponibilidade,
        t1_0.utilizador_id,
        u1_0.id,
        u1_0.created_at,
        u1_0.email,
        u1_0.nome,
        u1_0.password_hash,
        u1_0.role,
        u1_0.username 
    from
        tecnico t1_0 
    left join
        tecnico_competencia c1_0 
            on t1_0.id=c1_0.tecnico_id 
    left join
        competencia c1_1 
            on c1_1.id=c1_0.competencia_id 
    join
        utilizador u1_0 
            on u1_0.id=t1_0.utilizador_id 
    where
        t1_0.id=?
2026-07-07 13:24:37.825 [http-nio-8080-exec-7] INFO  c.i.i.service.TicketService - ✅ AUDIT - Ticket 40 atribuído ao técnico 6 (carga: 18)
2026-07-07 13:24:37.826 [http-nio-8080-exec-7] INFO  AUDIT - TICKET_ASSIGN | TicketId: 40 | TecnicoId: 6 | AssignedBy: 17
2026-07-07 13:24:37.826 [http-nio-8080-exec-7] INFO  c.i.i.service.TicketService - AUDIT - Ticket criado com ID: 40
2026-07-07 13:24:37.827 [http-nio-8080-exec-7] INFO  AUDIT - TICKET_CREATE | TicketId: 40 | Titulo: Servidor PostgreSQL lento | UserId: 17 | Status: ABERTO
2026-07-07 13:24:37.828 [http-nio-8080-exec-7] DEBUG org.hibernate.SQL - 
    update
        ticket 
    set
        aberto_por_id=?,
        ativo_id=?,
        data_abertura=?,
        data_fecho=?,
        descricao=?,
        estado=?,
        prioridade=?,
        tecnico_id=?,
        tipo=?,
        titulo=? 
    where
        id=?
2026-07-07 13:24:37.829 [http-nio-8080-exec-7] DEBUG org.hibernate.SQL - 
    update
        tecnico 
    set
        carga_trabalho_atual=?,
        disponibilidade=?,
        utilizador_id=? 
    where
        id=?
2026-07-07 13:24:37.832 [http-nio-8080-exec-7] INFO  c.i.i.config.LoggingInterceptor - 📤 Resposta enviada: POST /api/tickets | Status: 201
2026-07-07 13:24:42.039 [http-nio-8080-exec-8] DEBUG o.s.security.web.FilterChainProxy - Securing GET /admin/dashboard
2026-07-07 13:24:42.040 [http-nio-8080-exec-8] DEBUG o.s.s.w.c.HttpSessionSecurityContextRepository - Retrieved SecurityContextImpl [Authentication=UsernamePasswordAuthenticationToken [Principal=com.itsm.incidentmanagement.security.service.CustomUserDetails@6ccbc8d1, Credentials=[PROTECTED], Authenticated=true, Details=WebAuthenticationDetails [RemoteIpAddress=127.0.0.1, SessionId=4770B86AF2AD6BA83226C9E6BC1298B2], Granted Authorities=[ROLE_ADMIN]]]
2026-07-07 13:24:42.040 [http-nio-8080-exec-8] DEBUG o.s.security.web.FilterChainProxy - Secured GET /admin/dashboard
2026-07-07 13:24:42.042 [http-nio-8080-exec-8] DEBUG org.hibernate.SQL - 
    select
        t1_0.id,
        t1_0.aberto_por_id,
        t1_0.ativo_id,
        t1_0.data_abertura,
        t1_0.data_fecho,
        t1_0.descricao,
        t1_0.estado,
        t1_0.prioridade,
        t1_0.tecnico_id,
        t1_0.tipo,
        t1_0.titulo 
    from
        ticket t1_0
2026-07-07 13:24:42.043 [http-nio-8080-exec-8] DEBUG org.hibernate.SQL - 
    select
        u1_0.id,
        u1_0.created_at,
        u1_0.email,
        u1_0.nome,
        u1_0.password_hash,
        u1_0.role,
        u1_0.username 
    from
        utilizador u1_0 
    where
        u1_0.id=?
2026-07-07 13:24:42.044 [http-nio-8080-exec-8] DEBUG org.hibernate.SQL - 
    select
        t1_0.id,
        t1_0.carga_trabalho_atual,
        c1_0.tecnico_id,
        c1_1.id,
        c1_1.nome,
        t1_0.disponibilidade,
        t1_0.utilizador_id,
        u1_0.id,
        u1_0.created_at,
        u1_0.email,
        u1_0.nome,
        u1_0.password_hash,
        u1_0.role,
        u1_0.username 
    from
        tecnico t1_0 
    left join
        tecnico_competencia c1_0 
            on t1_0.id=c1_0.tecnico_id 
    left join
        competencia c1_1 
            on c1_1.id=c1_0.competencia_id 
    join
        utilizador u1_0 
            on u1_0.id=t1_0.utilizador_id 
    where
        t1_0.id=?
2026-07-07 13:24:42.047 [http-nio-8080-exec-8] DEBUG org.hibernate.SQL - 
    select
        u1_0.id,
        u1_0.created_at,
        u1_0.email,
        u1_0.nome,
        u1_0.password_hash,
        u1_0.role,
        u1_0.username 
    from
        utilizador u1_0 
    where
        u1_0.id=?
2026-07-07 13:24:42.048 [http-nio-8080-exec-8] DEBUG org.hibernate.SQL - 
    select
        t1_0.id,
        t1_0.carga_trabalho_atual,
        c1_0.tecnico_id,
        c1_1.id,
        c1_1.nome,
        t1_0.disponibilidade,
        t1_0.utilizador_id,
        u1_0.id,
        u1_0.created_at,
        u1_0.email,
        u1_0.nome,
        u1_0.password_hash,
        u1_0.role,
        u1_0.username 
    from
        tecnico t1_0 
    left join
        tecnico_competencia c1_0 
            on t1_0.id=c1_0.tecnico_id 
    left join
        competencia c1_1 
            on c1_1.id=c1_0.competencia_id 
    join
        utilizador u1_0 
            on u1_0.id=t1_0.utilizador_id 
    where
        t1_0.id=?
2026-07-07 13:24:42.053 [http-nio-8080-exec-8] DEBUG org.hibernate.SQL - 
    select
        t1_0.id,
        t1_0.aberto_por_id,
        t1_0.ativo_id,
        t1_0.data_abertura,
        t1_0.data_fecho,
        t1_0.descricao,
        t1_0.estado,
        t1_0.prioridade,
        t1_0.tecnico_id,
        t1_0.tipo,
        t1_0.titulo 
    from
        ticket t1_0 
    where
        t1_0.estado=?
2026-07-07 13:24:42.056 [http-nio-8080-exec-8] DEBUG org.hibernate.SQL - 
    select
        t1_0.id,
        t1_0.carga_trabalho_atual,
        t1_0.disponibilidade,
        t1_0.utilizador_id 
    from
        tecnico t1_0
2026-07-07 13:24:42.058 [http-nio-8080-exec-8] DEBUG org.hibernate.SQL - 
    select
        u1_0.id,
        u1_0.created_at,
        u1_0.email,
        u1_0.nome,
        u1_0.password_hash,
        u1_0.role,
        u1_0.username 
    from
        utilizador u1_0
2026-07-07 13:24:42.060 [http-nio-8080-exec-8] DEBUG org.hibernate.SQL - 
    select
        t1_0.id,
        t1_0.aberto_por_id,
        t1_0.ativo_id,
        t1_0.data_abertura,
        t1_0.data_fecho,
        t1_0.descricao,
        t1_0.estado,
        t1_0.prioridade,
        t1_0.tecnico_id,
        t1_0.tipo,
        t1_0.titulo 
    from
        ticket t1_0
2026-07-07 13:24:42.101 [http-nio-8080-exec-6] DEBUG o.s.security.web.FilterChainProxy - Securing GET /favicon.ico
2026-07-07 13:24:42.102 [http-nio-8080-exec-6] DEBUG o.s.security.web.FilterChainProxy - Secured GET /favicon.ico
2026-07-07 13:24:42.107 [http-nio-8080-exec-6] DEBUG o.s.s.w.c.HttpSessionSecurityContextRepository - Retrieved SecurityContextImpl [Authentication=UsernamePasswordAuthenticationToken [Principal=com.itsm.incidentmanagement.security.service.CustomUserDetails@6ccbc8d1, Credentials=[PROTECTED], Authenticated=true, Details=WebAuthenticationDetails [RemoteIpAddress=127.0.0.1, SessionId=4770B86AF2AD6BA83226C9E6BC1298B2], Granted Authorities=[ROLE_ADMIN]]]
2026-07-07 13:24:43.731 [http-nio-8080-exec-9] DEBUG o.s.security.web.FilterChainProxy - Securing GET /admin/tickets
2026-07-07 13:24:43.732 [http-nio-8080-exec-9] DEBUG o.s.s.w.c.HttpSessionSecurityContextRepository - Retrieved SecurityContextImpl [Authentication=UsernamePasswordAuthenticationToken [Principal=com.itsm.incidentmanagement.security.service.CustomUserDetails@6ccbc8d1, Credentials=[PROTECTED], Authenticated=true, Details=WebAuthenticationDetails [RemoteIpAddress=127.0.0.1, SessionId=4770B86AF2AD6BA83226C9E6BC1298B2], Granted Authorities=[ROLE_ADMIN]]]
2026-07-07 13:24:43.733 [http-nio-8080-exec-9] DEBUG o.s.security.web.FilterChainProxy - Secured GET /admin/tickets
2026-07-07 13:24:43.734 [http-nio-8080-exec-9] DEBUG org.hibernate.SQL - 
    select
        t1_0.id,
        t1_0.aberto_por_id,
        t1_0.ativo_id,
        t1_0.data_abertura,
        t1_0.data_fecho,
        t1_0.descricao,
        t1_0.estado,
        t1_0.prioridade,
        t1_0.tecnico_id,
        t1_0.tipo,
        t1_0.titulo 
    from
        ticket t1_0
2026-07-07 13:24:43.736 [http-nio-8080-exec-9] DEBUG org.hibernate.SQL - 
    select
        u1_0.id,
        u1_0.created_at,
        u1_0.email,
        u1_0.nome,
        u1_0.password_hash,
        u1_0.role,
        u1_0.username 
    from
        utilizador u1_0 
    where
        u1_0.id=?
2026-07-07 13:24:43.737 [http-nio-8080-exec-9] DEBUG org.hibernate.SQL - 
    select
        t1_0.id,
        t1_0.carga_trabalho_atual,
        c1_0.tecnico_id,
        c1_1.id,
        c1_1.nome,
        t1_0.disponibilidade,
        t1_0.utilizador_id,
        u1_0.id,
        u1_0.created_at,
        u1_0.email,
        u1_0.nome,
        u1_0.password_hash,
        u1_0.role,
        u1_0.username 
    from
        tecnico t1_0 
    left join
        tecnico_competencia c1_0 
            on t1_0.id=c1_0.tecnico_id 
    left join
        competencia c1_1 
            on c1_1.id=c1_0.competencia_id 
    join
        utilizador u1_0 
            on u1_0.id=t1_0.utilizador_id 
    where
        t1_0.id=?
2026-07-07 13:24:43.740 [http-nio-8080-exec-9] DEBUG org.hibernate.SQL - 
    select
        u1_0.id,
        u1_0.created_at,
        u1_0.email,
        u1_0.nome,
        u1_0.password_hash,
        u1_0.role,
        u1_0.username 
    from
        utilizador u1_0 
    where
        u1_0.id=?
2026-07-07 13:24:43.741 [http-nio-8080-exec-9] DEBUG org.hibernate.SQL - 
    select
        t1_0.id,
        t1_0.carga_trabalho_atual,
        c1_0.tecnico_id,
        c1_1.id,
        c1_1.nome,
        t1_0.disponibilidade,
        t1_0.utilizador_id,
        u1_0.id,
        u1_0.created_at,
        u1_0.email,
        u1_0.nome,
        u1_0.password_hash,
        u1_0.role,
        u1_0.username 
    from
        tecnico t1_0 
    left join
        tecnico_competencia c1_0 
            on t1_0.id=c1_0.tecnico_id 
    left join
        competencia c1_1 
            on c1_1.id=c1_0.competencia_id 
    join
        utilizador u1_0 
            on u1_0.id=t1_0.utilizador_id 
    where
        t1_0.id=?
2026-07-07 13:24:43.745 [http-nio-8080-exec-9] DEBUG org.hibernate.SQL - 
    select
        t1_0.id,
        t1_0.aberto_por_id,
        t1_0.ativo_id,
        t1_0.data_abertura,
        t1_0.data_fecho,
        t1_0.descricao,
        t1_0.estado,
        t1_0.prioridade,
        t1_0.tecnico_id,
        t1_0.tipo,
        t1_0.titulo 
    from
        ticket t1_0 
    where
        t1_0.estado=?
2026-07-07 13:24:43.748 [http-nio-8080-exec-9] DEBUG org.hibernate.SQL - 
    select
        t1_0.id,
        t1_0.aberto_por_id,
        t1_0.ativo_id,
        t1_0.data_abertura,
        t1_0.data_fecho,
        t1_0.descricao,
        t1_0.estado,
        t1_0.prioridade,
        t1_0.tecnico_id,
        t1_0.tipo,
        t1_0.titulo 
    from
        ticket t1_0 
    where
        t1_0.estado=?
2026-07-07 13:24:43.750 [http-nio-8080-exec-9] DEBUG org.hibernate.SQL - 
    select
        t1_0.id,
        t1_0.aberto_por_id,
        t1_0.ativo_id,
        t1_0.data_abertura,
        t1_0.data_fecho,
        t1_0.descricao,
        t1_0.estado,
        t1_0.prioridade,
        t1_0.tecnico_id,
        t1_0.tipo,
        t1_0.titulo 
    from
        ticket t1_0 
    where
        t1_0.estado=?
2026-07-07 13:25:06.430 [http-nio-8080-exec-10] DEBUG o.s.security.web.FilterChainProxy - Securing POST /api/tickets
2026-07-07 13:25:06.432 [http-nio-8080-exec-10] DEBUG c.i.i.s.f.JwtAuthenticationFilter - JWT Username: marcio_user
2026-07-07 13:25:06.432 [http-nio-8080-exec-10] DEBUG o.s.s.w.c.HttpSessionSecurityContextRepository - Retrieved SecurityContextImpl [Authentication=UsernamePasswordAuthenticationToken [Principal=com.itsm.incidentmanagement.security.service.CustomUserDetails@3964dbf1, Credentials=[PROTECTED], Authenticated=true, Details=WebAuthenticationDetails [RemoteIpAddress=0:0:0:0:0:0:0:1, SessionId=null], Granted Authorities=[ROLE_UTILIZADOR]]]
2026-07-07 13:25:06.432 [http-nio-8080-exec-10] DEBUG o.s.security.web.FilterChainProxy - Secured POST /api/tickets
2026-07-07 13:25:06.433 [http-nio-8080-exec-10] INFO  c.i.i.config.LoggingInterceptor - 📥 Requisição recebida: POST /api/tickets | IP: 0:0:0:0:0:0:0:1
2026-07-07 13:25:06.435 [http-nio-8080-exec-10] INFO  c.i.i.service.TicketService - AUDIT - Criação de ticket: Problema de rede
2026-07-07 13:25:06.436 [http-nio-8080-exec-10] INFO  AUDIT - TICKET_CREATE | TicketId: 0 | Titulo: Problema de rede | UserId: 20 | Status: INICIADO
2026-07-07 13:25:06.436 [http-nio-8080-exec-10] INFO  c.i.i.s.TicketAssignmentService - ========================================
2026-07-07 13:25:06.436 [http-nio-8080-exec-10] INFO  c.i.i.s.TicketAssignmentService - A atribuir técnico para ticket: Problema de rede
2026-07-07 13:25:06.436 [http-nio-8080-exec-10] INFO  c.i.i.s.TicketAssignmentService - ========================================
2026-07-07 13:25:06.436 [http-nio-8080-exec-10] DEBUG c.i.i.s.TicketAssignmentService - Total de técnicos na cache: 2
2026-07-07 13:25:06.436 [http-nio-8080-exec-10] DEBUG c.i.i.s.TicketAssignmentService - Palavras-chave extraídas: [rede, intermitente, acesso, problema, internet]
2026-07-07 13:25:06.437 [http-nio-8080-exec-10] DEBUG c.i.i.s.TicketAssignmentService -    Joao Tecnico | Competências: Git, Docker, Redes, Infraestrutura, DevOps, Kubernetes, Firewall, Internet | Carga: 13
2026-07-07 13:25:06.437 [http-nio-8080-exec-10] DEBUG c.i.i.s.TicketAssignmentService -    Carlos Soares | Competências: Spring Boot, SQL, Java, Angular, React, PostgreSQL, Python | Carga: 18
2026-07-07 13:25:06.437 [http-nio-8080-exec-10] DEBUG c.i.i.s.TicketAssignmentService - Técnicos com competências relevantes: 1
2026-07-07 13:25:06.437 [http-nio-8080-exec-10] DEBUG c.i.i.s.TicketAssignmentService - Dia atual: TUESDAY | Hora: 13:25:06.437492800
2026-07-07 13:25:06.441 [http-nio-8080-exec-10] DEBUG c.i.i.s.TicketAssignmentService - Técnicos disponíveis (horário): 1
2026-07-07 13:25:06.441 [http-nio-8080-exec-10] INFO  c.i.i.s.TicketAssignmentService - Técnico ESCOLHIDO: Joao Tecnico (carga atual: 13)
2026-07-07 13:25:06.441 [http-nio-8080-exec-10] DEBUG org.hibernate.SQL - 
    insert 
    into
        ticket
        (aberto_por_id, ativo_id, data_abertura, data_fecho, descricao, estado, prioridade, tecnico_id, tipo, titulo) 
    values
        (?, ?, ?, ?, ?, ?, ?, ?, ?, ?)
2026-07-07 13:25:06.443 [http-nio-8080-exec-10] INFO  c.i.i.s.TicketAssignmentService - ========================================
2026-07-07 13:25:06.444 [http-nio-8080-exec-10] DEBUG org.hibernate.SQL - 
    select
        t1_0.id,
        t1_0.carga_trabalho_atual,
        c1_0.tecnico_id,
        c1_1.id,
        c1_1.nome,
        t1_0.disponibilidade,
        t1_0.utilizador_id,
        u1_0.id,
        u1_0.created_at,
        u1_0.email,
        u1_0.nome,
        u1_0.password_hash,
        u1_0.role,
        u1_0.username 
    from
        tecnico t1_0 
    left join
        tecnico_competencia c1_0 
            on t1_0.id=c1_0.tecnico_id 
    left join
        competencia c1_1 
            on c1_1.id=c1_0.competencia_id 
    join
        utilizador u1_0 
            on u1_0.id=t1_0.utilizador_id 
    where
        t1_0.id=?
2026-07-07 13:25:06.446 [http-nio-8080-exec-10] INFO  c.i.i.service.TicketService - ✅ AUDIT - Ticket 41 atribuído ao técnico 5 (carga: 15)
2026-07-07 13:25:06.446 [http-nio-8080-exec-10] INFO  AUDIT - TICKET_ASSIGN | TicketId: 41 | TecnicoId: 5 | AssignedBy: 20
2026-07-07 13:25:06.447 [http-nio-8080-exec-10] INFO  c.i.i.service.TicketService - AUDIT - Ticket criado com ID: 41
2026-07-07 13:25:06.447 [http-nio-8080-exec-10] INFO  AUDIT - TICKET_CREATE | TicketId: 41 | Titulo: Problema de rede | UserId: 20 | Status: ABERTO
2026-07-07 13:25:06.448 [http-nio-8080-exec-10] DEBUG org.hibernate.SQL - 
    update
        ticket 
    set
        aberto_por_id=?,
        ativo_id=?,
        data_abertura=?,
        data_fecho=?,
        descricao=?,
        estado=?,
        prioridade=?,
        tecnico_id=?,
        tipo=?,
        titulo=? 
    where
        id=?
2026-07-07 13:25:06.449 [http-nio-8080-exec-10] DEBUG org.hibernate.SQL - 
    update
        tecnico 
    set
        carga_trabalho_atual=?,
        disponibilidade=?,
        utilizador_id=? 
    where
        id=?
2026-07-07 13:25:06.453 [http-nio-8080-exec-10] INFO  c.i.i.config.LoggingInterceptor - 📤 Resposta enviada: POST /api/tickets | Status: 201
2026-07-07 13:25:10.678 [http-nio-8080-exec-1] DEBUG o.s.security.web.FilterChainProxy - Securing GET /admin/tickets
2026-07-07 13:25:10.678 [http-nio-8080-exec-1] DEBUG o.s.s.w.c.HttpSessionSecurityContextRepository - Retrieved SecurityContextImpl [Authentication=UsernamePasswordAuthenticationToken [Principal=com.itsm.incidentmanagement.security.service.CustomUserDetails@6ccbc8d1, Credentials=[PROTECTED], Authenticated=true, Details=WebAuthenticationDetails [RemoteIpAddress=127.0.0.1, SessionId=4770B86AF2AD6BA83226C9E6BC1298B2], Granted Authorities=[ROLE_ADMIN]]]
2026-07-07 13:25:10.679 [http-nio-8080-exec-1] DEBUG o.s.security.web.FilterChainProxy - Secured GET /admin/tickets
2026-07-07 13:25:10.681 [http-nio-8080-exec-1] DEBUG org.hibernate.SQL - 
    select
        t1_0.id,
        t1_0.aberto_por_id,
        t1_0.ativo_id,
        t1_0.data_abertura,
        t1_0.data_fecho,
        t1_0.descricao,
        t1_0.estado,
        t1_0.prioridade,
        t1_0.tecnico_id,
        t1_0.tipo,
        t1_0.titulo 
    from
        ticket t1_0
2026-07-07 13:25:10.682 [http-nio-8080-exec-1] DEBUG org.hibernate.SQL - 
    select
        u1_0.id,
        u1_0.created_at,
        u1_0.email,
        u1_0.nome,
        u1_0.password_hash,
        u1_0.role,
        u1_0.username 
    from
        utilizador u1_0 
    where
        u1_0.id=?
2026-07-07 13:25:10.684 [http-nio-8080-exec-1] DEBUG org.hibernate.SQL - 
    select
        t1_0.id,
        t1_0.carga_trabalho_atual,
        c1_0.tecnico_id,
        c1_1.id,
        c1_1.nome,
        t1_0.disponibilidade,
        t1_0.utilizador_id,
        u1_0.id,
        u1_0.created_at,
        u1_0.email,
        u1_0.nome,
        u1_0.password_hash,
        u1_0.role,
        u1_0.username 
    from
        tecnico t1_0 
    left join
        tecnico_competencia c1_0 
            on t1_0.id=c1_0.tecnico_id 
    left join
        competencia c1_1 
            on c1_1.id=c1_0.competencia_id 
    join
        utilizador u1_0 
            on u1_0.id=t1_0.utilizador_id 
    where
        t1_0.id=?
2026-07-07 13:25:10.687 [http-nio-8080-exec-1] DEBUG org.hibernate.SQL - 
    select
        u1_0.id,
        u1_0.created_at,
        u1_0.email,
        u1_0.nome,
        u1_0.password_hash,
        u1_0.role,
        u1_0.username 
    from
        utilizador u1_0 
    where
        u1_0.id=?
2026-07-07 13:25:10.689 [http-nio-8080-exec-1] DEBUG org.hibernate.SQL - 
    select
        t1_0.id,
        t1_0.carga_trabalho_atual,
        c1_0.tecnico_id,
        c1_1.id,
        c1_1.nome,
        t1_0.disponibilidade,
        t1_0.utilizador_id,
        u1_0.id,
        u1_0.created_at,
        u1_0.email,
        u1_0.nome,
        u1_0.password_hash,
        u1_0.role,
        u1_0.username 
    from
        tecnico t1_0 
    left join
        tecnico_competencia c1_0 
            on t1_0.id=c1_0.tecnico_id 
    left join
        competencia c1_1 
            on c1_1.id=c1_0.competencia_id 
    join
        utilizador u1_0 
            on u1_0.id=t1_0.utilizador_id 
    where
        t1_0.id=?
2026-07-07 13:25:10.694 [http-nio-8080-exec-1] DEBUG org.hibernate.SQL - 
    select
        t1_0.id,
        t1_0.aberto_por_id,
        t1_0.ativo_id,
        t1_0.data_abertura,
        t1_0.data_fecho,
        t1_0.descricao,
        t1_0.estado,
        t1_0.prioridade,
        t1_0.tecnico_id,
        t1_0.tipo,
        t1_0.titulo 
    from
        ticket t1_0 
    where
        t1_0.estado=?
2026-07-07 13:25:10.696 [http-nio-8080-exec-1] DEBUG org.hibernate.SQL - 
    select
        t1_0.id,
        t1_0.aberto_por_id,
        t1_0.ativo_id,
        t1_0.data_abertura,
        t1_0.data_fecho,
        t1_0.descricao,
        t1_0.estado,
        t1_0.prioridade,
        t1_0.tecnico_id,
        t1_0.tipo,
        t1_0.titulo 
    from
        ticket t1_0 
    where
        t1_0.estado=?
2026-07-07 13:25:10.699 [http-nio-8080-exec-1] DEBUG org.hibernate.SQL - 
    select
        t1_0.id,
        t1_0.aberto_por_id,
        t1_0.ativo_id,
        t1_0.data_abertura,
        t1_0.data_fecho,
        t1_0.descricao,
        t1_0.estado,
        t1_0.prioridade,
        t1_0.tecnico_id,
        t1_0.tipo,
        t1_0.titulo 
    from
        ticket t1_0 
    where
        t1_0.estado=?
2026-07-07 13:25:10.732 [http-nio-8080-exec-3] DEBUG o.s.security.web.FilterChainProxy - Securing GET /favicon.ico
2026-07-07 13:25:10.733 [http-nio-8080-exec-3] DEBUG o.s.security.web.FilterChainProxy - Secured GET /favicon.ico
2026-07-07 13:25:10.737 [http-nio-8080-exec-3] DEBUG o.s.s.w.c.HttpSessionSecurityContextRepository - Retrieved SecurityContextImpl [Authentication=UsernamePasswordAuthenticationToken [Principal=com.itsm.incidentmanagement.security.service.CustomUserDetails@6ccbc8d1, Credentials=[PROTECTED], Authenticated=true, Details=WebAuthenticationDetails [RemoteIpAddress=127.0.0.1, SessionId=4770B86AF2AD6BA83226C9E6BC1298B2], Granted Authorities=[ROLE_ADMIN]]]
2026-07-07 13:25:28.688 [http-nio-8080-exec-2] DEBUG o.s.security.web.FilterChainProxy - Securing POST /api/tickets
2026-07-07 13:25:28.689 [http-nio-8080-exec-2] DEBUG c.i.i.s.f.JwtAuthenticationFilter - JWT Username: marcio_user
2026-07-07 13:25:28.690 [http-nio-8080-exec-2] DEBUG o.s.s.w.c.HttpSessionSecurityContextRepository - Retrieved SecurityContextImpl [Authentication=UsernamePasswordAuthenticationToken [Principal=com.itsm.incidentmanagement.security.service.CustomUserDetails@3964dbf1, Credentials=[PROTECTED], Authenticated=true, Details=WebAuthenticationDetails [RemoteIpAddress=0:0:0:0:0:0:0:1, SessionId=null], Granted Authorities=[ROLE_UTILIZADOR]]]
2026-07-07 13:25:28.690 [http-nio-8080-exec-2] DEBUG o.s.security.web.FilterChainProxy - Secured POST /api/tickets
2026-07-07 13:25:28.690 [http-nio-8080-exec-2] INFO  c.i.i.config.LoggingInterceptor - 📥 Requisição recebida: POST /api/tickets | IP: 0:0:0:0:0:0:0:1
2026-07-07 13:25:28.693 [http-nio-8080-exec-2] INFO  c.i.i.service.TicketService - AUDIT - Criação de ticket: Problema de rede
2026-07-07 13:25:28.693 [http-nio-8080-exec-2] INFO  AUDIT - TICKET_CREATE | TicketId: 0 | Titulo: Problema de rede | UserId: 17 | Status: INICIADO
2026-07-07 13:25:28.693 [http-nio-8080-exec-2] INFO  c.i.i.s.TicketAssignmentService - ========================================
2026-07-07 13:25:28.693 [http-nio-8080-exec-2] INFO  c.i.i.s.TicketAssignmentService - A atribuir técnico para ticket: Problema de rede
2026-07-07 13:25:28.693 [http-nio-8080-exec-2] INFO  c.i.i.s.TicketAssignmentService - ========================================
2026-07-07 13:25:28.693 [http-nio-8080-exec-2] DEBUG c.i.i.s.TicketAssignmentService - Total de técnicos na cache: 2
2026-07-07 13:25:28.694 [http-nio-8080-exec-2] DEBUG c.i.i.s.TicketAssignmentService - Palavras-chave extraídas: [rede, intermitente, acesso, problema, internet]
2026-07-07 13:25:28.694 [http-nio-8080-exec-2] DEBUG c.i.i.s.TicketAssignmentService -    Joao Tecnico | Competências: Git, Docker, Redes, Infraestrutura, DevOps, Kubernetes, Firewall, Internet | Carga: 15
2026-07-07 13:25:28.694 [http-nio-8080-exec-2] DEBUG c.i.i.s.TicketAssignmentService -    Carlos Soares | Competências: Spring Boot, SQL, Java, Angular, React, PostgreSQL, Python | Carga: 18
2026-07-07 13:25:28.694 [http-nio-8080-exec-2] DEBUG c.i.i.s.TicketAssignmentService - Técnicos com competências relevantes: 1
2026-07-07 13:25:28.694 [http-nio-8080-exec-2] DEBUG c.i.i.s.TicketAssignmentService - Dia atual: TUESDAY | Hora: 13:25:28.694433200
2026-07-07 13:25:28.695 [http-nio-8080-exec-2] DEBUG c.i.i.s.TicketAssignmentService - Técnicos disponíveis (horário): 1
2026-07-07 13:25:28.695 [http-nio-8080-exec-2] INFO  c.i.i.s.TicketAssignmentService - Técnico ESCOLHIDO: Joao Tecnico (carga atual: 15)
2026-07-07 13:25:28.695 [http-nio-8080-exec-2] DEBUG org.hibernate.SQL - 
    insert 
    into
        ticket
        (aberto_por_id, ativo_id, data_abertura, data_fecho, descricao, estado, prioridade, tecnico_id, tipo, titulo) 
    values
        (?, ?, ?, ?, ?, ?, ?, ?, ?, ?)
2026-07-07 13:25:28.697 [http-nio-8080-exec-2] INFO  c.i.i.s.TicketAssignmentService - ========================================
2026-07-07 13:25:28.698 [http-nio-8080-exec-2] DEBUG org.hibernate.SQL - 
    select
        t1_0.id,
        t1_0.carga_trabalho_atual,
        c1_0.tecnico_id,
        c1_1.id,
        c1_1.nome,
        t1_0.disponibilidade,
        t1_0.utilizador_id,
        u1_0.id,
        u1_0.created_at,
        u1_0.email,
        u1_0.nome,
        u1_0.password_hash,
        u1_0.role,
        u1_0.username 
    from
        tecnico t1_0 
    left join
        tecnico_competencia c1_0 
            on t1_0.id=c1_0.tecnico_id 
    left join
        competencia c1_1 
            on c1_1.id=c1_0.competencia_id 
    join
        utilizador u1_0 
            on u1_0.id=t1_0.utilizador_id 
    where
        t1_0.id=?
2026-07-07 13:25:28.701 [http-nio-8080-exec-2] INFO  c.i.i.service.TicketService - ✅ AUDIT - Ticket 42 atribuído ao técnico 5 (carga: 17)
2026-07-07 13:25:28.701 [http-nio-8080-exec-2] INFO  AUDIT - TICKET_ASSIGN | TicketId: 42 | TecnicoId: 5 | AssignedBy: 17
2026-07-07 13:25:28.702 [http-nio-8080-exec-2] INFO  c.i.i.service.TicketService - AUDIT - Ticket criado com ID: 42
2026-07-07 13:25:28.702 [http-nio-8080-exec-2] INFO  AUDIT - TICKET_CREATE | TicketId: 42 | Titulo: Problema de rede | UserId: 17 | Status: ABERTO
2026-07-07 13:25:28.703 [http-nio-8080-exec-2] DEBUG org.hibernate.SQL - 
    update
        ticket 
    set
        aberto_por_id=?,
        ativo_id=?,
        data_abertura=?,
        data_fecho=?,
        descricao=?,
        estado=?,
        prioridade=?,
        tecnico_id=?,
        tipo=?,
        titulo=? 
    where
        id=?
2026-07-07 13:25:28.705 [http-nio-8080-exec-2] DEBUG org.hibernate.SQL - 
    update
        tecnico 
    set
        carga_trabalho_atual=?,
        disponibilidade=?,
        utilizador_id=? 
    where
        id=?
2026-07-07 13:25:28.712 [http-nio-8080-exec-2] INFO  c.i.i.config.LoggingInterceptor - 📤 Resposta enviada: POST /api/tickets | Status: 201
2026-07-07 13:25:35.895 [http-nio-8080-exec-4] DEBUG o.s.security.web.FilterChainProxy - Securing GET /admin/tickets
2026-07-07 13:25:35.896 [http-nio-8080-exec-4] DEBUG o.s.s.w.c.HttpSessionSecurityContextRepository - Retrieved SecurityContextImpl [Authentication=UsernamePasswordAuthenticationToken [Principal=com.itsm.incidentmanagement.security.service.CustomUserDetails@6ccbc8d1, Credentials=[PROTECTED], Authenticated=true, Details=WebAuthenticationDetails [RemoteIpAddress=127.0.0.1, SessionId=4770B86AF2AD6BA83226C9E6BC1298B2], Granted Authorities=[ROLE_ADMIN]]]
2026-07-07 13:25:35.896 [http-nio-8080-exec-4] DEBUG o.s.security.web.FilterChainProxy - Secured GET /admin/tickets
2026-07-07 13:25:35.898 [http-nio-8080-exec-4] DEBUG org.hibernate.SQL - 
    select
        t1_0.id,
        t1_0.aberto_por_id,
        t1_0.ativo_id,
        t1_0.data_abertura,
        t1_0.data_fecho,
        t1_0.descricao,
        t1_0.estado,
        t1_0.prioridade,
        t1_0.tecnico_id,
        t1_0.tipo,
        t1_0.titulo 
    from
        ticket t1_0
2026-07-07 13:25:35.899 [http-nio-8080-exec-4] DEBUG org.hibernate.SQL - 
    select
        u1_0.id,
        u1_0.created_at,
        u1_0.email,
        u1_0.nome,
        u1_0.password_hash,
        u1_0.role,
        u1_0.username 
    from
        utilizador u1_0 
    where
        u1_0.id=?
2026-07-07 13:25:35.900 [http-nio-8080-exec-4] DEBUG org.hibernate.SQL - 
    select
        t1_0.id,
        t1_0.carga_trabalho_atual,
        c1_0.tecnico_id,
        c1_1.id,
        c1_1.nome,
        t1_0.disponibilidade,
        t1_0.utilizador_id,
        u1_0.id,
        u1_0.created_at,
        u1_0.email,
        u1_0.nome,
        u1_0.password_hash,
        u1_0.role,
        u1_0.username 
    from
        tecnico t1_0 
    left join
        tecnico_competencia c1_0 
            on t1_0.id=c1_0.tecnico_id 
    left join
        competencia c1_1 
            on c1_1.id=c1_0.competencia_id 
    join
        utilizador u1_0 
            on u1_0.id=t1_0.utilizador_id 
    where
        t1_0.id=?
2026-07-07 13:25:35.902 [http-nio-8080-exec-4] DEBUG org.hibernate.SQL - 
    select
        u1_0.id,
        u1_0.created_at,
        u1_0.email,
        u1_0.nome,
        u1_0.password_hash,
        u1_0.role,
        u1_0.username 
    from
        utilizador u1_0 
    where
        u1_0.id=?
2026-07-07 13:25:35.903 [http-nio-8080-exec-4] DEBUG org.hibernate.SQL - 
    select
        t1_0.id,
        t1_0.carga_trabalho_atual,
        c1_0.tecnico_id,
        c1_1.id,
        c1_1.nome,
        t1_0.disponibilidade,
        t1_0.utilizador_id,
        u1_0.id,
        u1_0.created_at,
        u1_0.email,
        u1_0.nome,
        u1_0.password_hash,
        u1_0.role,
        u1_0.username 
    from
        tecnico t1_0 
    left join
        tecnico_competencia c1_0 
            on t1_0.id=c1_0.tecnico_id 
    left join
        competencia c1_1 
            on c1_1.id=c1_0.competencia_id 
    join
        utilizador u1_0 
            on u1_0.id=t1_0.utilizador_id 
    where
        t1_0.id=?
2026-07-07 13:25:35.908 [http-nio-8080-exec-4] DEBUG org.hibernate.SQL - 
    select
        t1_0.id,
        t1_0.aberto_por_id,
        t1_0.ativo_id,
        t1_0.data_abertura,
        t1_0.data_fecho,
        t1_0.descricao,
        t1_0.estado,
        t1_0.prioridade,
        t1_0.tecnico_id,
        t1_0.tipo,
        t1_0.titulo 
    from
        ticket t1_0 
    where
        t1_0.estado=?
2026-07-07 13:25:35.911 [http-nio-8080-exec-4] DEBUG org.hibernate.SQL - 
    select
        t1_0.id,
        t1_0.aberto_por_id,
        t1_0.ativo_id,
        t1_0.data_abertura,
        t1_0.data_fecho,
        t1_0.descricao,
        t1_0.estado,
        t1_0.prioridade,
        t1_0.tecnico_id,
        t1_0.tipo,
        t1_0.titulo 
    from
        ticket t1_0 
    where
        t1_0.estado=?
2026-07-07 13:25:35.913 [http-nio-8080-exec-4] DEBUG org.hibernate.SQL - 
    select
        t1_0.id,
        t1_0.aberto_por_id,
        t1_0.ativo_id,
        t1_0.data_abertura,
        t1_0.data_fecho,
        t1_0.descricao,
        t1_0.estado,
        t1_0.prioridade,
        t1_0.tecnico_id,
        t1_0.tipo,
        t1_0.titulo 
    from
        ticket t1_0 
    where
        t1_0.estado=?
2026-07-07 13:25:35.940 [http-nio-8080-exec-5] DEBUG o.s.security.web.FilterChainProxy - Securing GET /favicon.ico
2026-07-07 13:25:35.942 [http-nio-8080-exec-5] DEBUG o.s.security.web.FilterChainProxy - Secured GET /favicon.ico
2026-07-07 13:25:35.946 [http-nio-8080-exec-5] DEBUG o.s.s.w.c.HttpSessionSecurityContextRepository - Retrieved SecurityContextImpl [Authentication=UsernamePasswordAuthenticationToken [Principal=com.itsm.incidentmanagement.security.service.CustomUserDetails@6ccbc8d1, Credentials=[PROTECTED], Authenticated=true, Details=WebAuthenticationDetails [RemoteIpAddress=127.0.0.1, SessionId=4770B86AF2AD6BA83226C9E6BC1298B2], Granted Authorities=[ROLE_ADMIN]]]
2026-07-07 13:26:44.499 [http-nio-8080-exec-9] DEBUG o.s.security.web.FilterChainProxy - Securing POST /api/tickets
2026-07-07 13:26:44.500 [http-nio-8080-exec-9] DEBUG c.i.i.s.f.JwtAuthenticationFilter - JWT Username: marcio_user
2026-07-07 13:26:44.500 [http-nio-8080-exec-9] DEBUG o.s.s.w.c.HttpSessionSecurityContextRepository - Retrieved SecurityContextImpl [Authentication=UsernamePasswordAuthenticationToken [Principal=com.itsm.incidentmanagement.security.service.CustomUserDetails@3964dbf1, Credentials=[PROTECTED], Authenticated=true, Details=WebAuthenticationDetails [RemoteIpAddress=0:0:0:0:0:0:0:1, SessionId=null], Granted Authorities=[ROLE_UTILIZADOR]]]
2026-07-07 13:26:44.501 [http-nio-8080-exec-9] DEBUG o.s.security.web.FilterChainProxy - Secured POST /api/tickets
2026-07-07 13:26:44.501 [http-nio-8080-exec-9] INFO  c.i.i.config.LoggingInterceptor - 📥 Requisição recebida: POST /api/tickets | IP: 0:0:0:0:0:0:0:1
2026-07-07 13:26:44.502 [http-nio-8080-exec-9] INFO  c.i.i.service.TicketService - AUDIT - Criação de ticket: Falha de rede no servidor principal
2026-07-07 13:26:44.502 [http-nio-8080-exec-9] INFO  AUDIT - TICKET_CREATE | TicketId: 0 | Titulo: Falha de rede no servidor principal | UserId: 17 | Status: INICIADO
2026-07-07 13:26:44.502 [http-nio-8080-exec-9] INFO  c.i.i.s.TicketAssignmentService - ========================================
2026-07-07 13:26:44.502 [http-nio-8080-exec-9] INFO  c.i.i.s.TicketAssignmentService - A atribuir técnico para ticket: Falha de rede no servidor principal
2026-07-07 13:26:44.502 [http-nio-8080-exec-9] INFO  c.i.i.s.TicketAssignmentService - ========================================
2026-07-07 13:26:44.502 [http-nio-8080-exec-9] DEBUG c.i.i.s.TicketAssignmentService - Total de técnicos na cache: 2
2026-07-07 13:26:44.504 [http-nio-8080-exec-9] DEBUG c.i.i.s.TicketAssignmentService - Palavras-chave extraídas: [principal, com, falha, rede, servidor, apresenta, intermitente, postgresql, dados, conectividade, base]
2026-07-07 13:26:44.504 [http-nio-8080-exec-9] DEBUG c.i.i.s.TicketAssignmentService -    Joao Tecnico | Competências: Git, Docker, Redes, Infraestrutura, DevOps, Kubernetes, Firewall, Internet | Carga: 17
2026-07-07 13:26:44.504 [http-nio-8080-exec-9] DEBUG c.i.i.s.TicketAssignmentService -    Carlos Soares | Competências: Spring Boot, SQL, Java, Angular, React, PostgreSQL, Python | Carga: 18
2026-07-07 13:26:44.504 [http-nio-8080-exec-9] DEBUG c.i.i.s.TicketAssignmentService - Técnicos com competências relevantes: 2
2026-07-07 13:26:44.504 [http-nio-8080-exec-9] DEBUG c.i.i.s.TicketAssignmentService - Dia atual: TUESDAY | Hora: 13:26:44.504659100
2026-07-07 13:26:44.505 [http-nio-8080-exec-9] DEBUG c.i.i.s.TicketAssignmentService - Técnicos disponíveis (horário): 2
2026-07-07 13:26:44.505 [http-nio-8080-exec-9] INFO  c.i.i.s.TicketAssignmentService - Técnico ESCOLHIDO: Joao Tecnico (carga atual: 17)
2026-07-07 13:26:44.506 [http-nio-8080-exec-9] DEBUG org.hibernate.SQL - 
    insert 
    into
        ticket
        (aberto_por_id, ativo_id, data_abertura, data_fecho, descricao, estado, prioridade, tecnico_id, tipo, titulo) 
    values
        (?, ?, ?, ?, ?, ?, ?, ?, ?, ?)
2026-07-07 13:26:44.508 [http-nio-8080-exec-9] INFO  c.i.i.s.TicketAssignmentService - ========================================
2026-07-07 13:26:44.508 [http-nio-8080-exec-9] DEBUG org.hibernate.SQL - 
    select
        t1_0.id,
        t1_0.carga_trabalho_atual,
        c1_0.tecnico_id,
        c1_1.id,
        c1_1.nome,
        t1_0.disponibilidade,
        t1_0.utilizador_id,
        u1_0.id,
        u1_0.created_at,
        u1_0.email,
        u1_0.nome,
        u1_0.password_hash,
        u1_0.role,
        u1_0.username 
    from
        tecnico t1_0 
    left join
        tecnico_competencia c1_0 
            on t1_0.id=c1_0.tecnico_id 
    left join
        competencia c1_1 
            on c1_1.id=c1_0.competencia_id 
    join
        utilizador u1_0 
            on u1_0.id=t1_0.utilizador_id 
    where
        t1_0.id=?
2026-07-07 13:26:44.511 [http-nio-8080-exec-9] INFO  c.i.i.service.TicketService - ✅ AUDIT - Ticket 43 atribuído ao técnico 5 (carga: 19)
2026-07-07 13:26:44.511 [http-nio-8080-exec-9] INFO  AUDIT - TICKET_ASSIGN | TicketId: 43 | TecnicoId: 5 | AssignedBy: 17
2026-07-07 13:26:44.512 [http-nio-8080-exec-9] INFO  c.i.i.service.TicketService - AUDIT - Ticket criado com ID: 43
2026-07-07 13:26:44.512 [http-nio-8080-exec-9] INFO  AUDIT - TICKET_CREATE | TicketId: 43 | Titulo: Falha de rede no servidor principal | UserId: 17 | Status: ABERTO
2026-07-07 13:26:44.513 [http-nio-8080-exec-9] DEBUG org.hibernate.SQL - 
    update
        ticket 
    set
        aberto_por_id=?,
        ativo_id=?,
        data_abertura=?,
        data_fecho=?,
        descricao=?,
        estado=?,
        prioridade=?,
        tecnico_id=?,
        tipo=?,
        titulo=? 
    where
        id=?
2026-07-07 13:26:44.515 [http-nio-8080-exec-9] DEBUG org.hibernate.SQL - 
    update
        tecnico 
    set
        carga_trabalho_atual=?,
        disponibilidade=?,
        utilizador_id=? 
    where
        id=?
2026-07-07 13:26:44.517 [http-nio-8080-exec-9] INFO  c.i.i.config.LoggingInterceptor - 📤 Resposta enviada: POST /api/tickets | Status: 201
2026-07-07 13:26:48.218 [http-nio-8080-exec-10] DEBUG o.s.security.web.FilterChainProxy - Securing POST /api/tickets
2026-07-07 13:26:48.219 [http-nio-8080-exec-10] DEBUG c.i.i.s.f.JwtAuthenticationFilter - JWT Username: marcio_user
2026-07-07 13:26:48.220 [http-nio-8080-exec-10] DEBUG o.s.s.w.c.HttpSessionSecurityContextRepository - Retrieved SecurityContextImpl [Authentication=UsernamePasswordAuthenticationToken [Principal=com.itsm.incidentmanagement.security.service.CustomUserDetails@3964dbf1, Credentials=[PROTECTED], Authenticated=true, Details=WebAuthenticationDetails [RemoteIpAddress=0:0:0:0:0:0:0:1, SessionId=null], Granted Authorities=[ROLE_UTILIZADOR]]]
2026-07-07 13:26:48.220 [http-nio-8080-exec-10] DEBUG o.s.security.web.FilterChainProxy - Secured POST /api/tickets
2026-07-07 13:26:48.220 [http-nio-8080-exec-10] INFO  c.i.i.config.LoggingInterceptor - 📥 Requisição recebida: POST /api/tickets | IP: 0:0:0:0:0:0:0:1
2026-07-07 13:26:48.222 [http-nio-8080-exec-10] INFO  c.i.i.service.TicketService - AUDIT - Criação de ticket: Falha de rede no servidor principal
2026-07-07 13:26:48.222 [http-nio-8080-exec-10] INFO  AUDIT - TICKET_CREATE | TicketId: 0 | Titulo: Falha de rede no servidor principal | UserId: 17 | Status: INICIADO
2026-07-07 13:26:48.222 [http-nio-8080-exec-10] INFO  c.i.i.s.TicketAssignmentService - ========================================
2026-07-07 13:26:48.222 [http-nio-8080-exec-10] INFO  c.i.i.s.TicketAssignmentService - A atribuir técnico para ticket: Falha de rede no servidor principal
2026-07-07 13:26:48.222 [http-nio-8080-exec-10] INFO  c.i.i.s.TicketAssignmentService - ========================================
2026-07-07 13:26:48.222 [http-nio-8080-exec-10] DEBUG c.i.i.s.TicketAssignmentService - Total de técnicos na cache: 2
2026-07-07 13:26:48.222 [http-nio-8080-exec-10] DEBUG c.i.i.s.TicketAssignmentService - Palavras-chave extraídas: [principal, com, falha, rede, servidor, apresenta, intermitente, postgresql, dados, conectividade, base]
2026-07-07 13:26:48.222 [http-nio-8080-exec-10] DEBUG c.i.i.s.TicketAssignmentService -    Joao Tecnico | Competências: Git, Docker, Redes, Infraestrutura, DevOps, Kubernetes, Firewall, Internet | Carga: 19
2026-07-07 13:26:48.223 [http-nio-8080-exec-10] DEBUG c.i.i.s.TicketAssignmentService -    Carlos Soares | Competências: Spring Boot, SQL, Java, Angular, React, PostgreSQL, Python | Carga: 18
2026-07-07 13:26:48.223 [http-nio-8080-exec-10] DEBUG c.i.i.s.TicketAssignmentService - Técnicos com competências relevantes: 2
2026-07-07 13:26:48.223 [http-nio-8080-exec-10] DEBUG c.i.i.s.TicketAssignmentService - Dia atual: TUESDAY | Hora: 13:26:48.223911300
2026-07-07 13:26:48.223 [http-nio-8080-exec-10] DEBUG c.i.i.s.TicketAssignmentService - Técnicos disponíveis (horário): 2
2026-07-07 13:26:48.224 [http-nio-8080-exec-10] INFO  c.i.i.s.TicketAssignmentService - Técnico ESCOLHIDO: Carlos Soares (carga atual: 18)
2026-07-07 13:26:48.224 [http-nio-8080-exec-10] DEBUG org.hibernate.SQL - 
    insert 
    into
        ticket
        (aberto_por_id, ativo_id, data_abertura, data_fecho, descricao, estado, prioridade, tecnico_id, tipo, titulo) 
    values
        (?, ?, ?, ?, ?, ?, ?, ?, ?, ?)
2026-07-07 13:26:48.225 [http-nio-8080-exec-10] INFO  c.i.i.s.TicketAssignmentService - ========================================
2026-07-07 13:26:48.225 [http-nio-8080-exec-10] DEBUG org.hibernate.SQL - 
    select
        t1_0.id,
        t1_0.carga_trabalho_atual,
        c1_0.tecnico_id,
        c1_1.id,
        c1_1.nome,
        t1_0.disponibilidade,
        t1_0.utilizador_id,
        u1_0.id,
        u1_0.created_at,
        u1_0.email,
        u1_0.nome,
        u1_0.password_hash,
        u1_0.role,
        u1_0.username 
    from
        tecnico t1_0 
    left join
        tecnico_competencia c1_0 
            on t1_0.id=c1_0.tecnico_id 
    left join
        competencia c1_1 
            on c1_1.id=c1_0.competencia_id 
    join
        utilizador u1_0 
            on u1_0.id=t1_0.utilizador_id 
    where
        t1_0.id=?
2026-07-07 13:26:48.228 [http-nio-8080-exec-10] INFO  c.i.i.service.TicketService - ✅ AUDIT - Ticket 44 atribuído ao técnico 6 (carga: 20)
2026-07-07 13:26:48.229 [http-nio-8080-exec-10] INFO  AUDIT - TICKET_ASSIGN | TicketId: 44 | TecnicoId: 6 | AssignedBy: 17
2026-07-07 13:26:48.229 [http-nio-8080-exec-10] INFO  c.i.i.service.TicketService - AUDIT - Ticket criado com ID: 44
2026-07-07 13:26:48.229 [http-nio-8080-exec-10] INFO  AUDIT - TICKET_CREATE | TicketId: 44 | Titulo: Falha de rede no servidor principal | UserId: 17 | Status: ABERTO
2026-07-07 13:26:48.230 [http-nio-8080-exec-10] DEBUG org.hibernate.SQL - 
    update
        ticket 
    set
        aberto_por_id=?,
        ativo_id=?,
        data_abertura=?,
        data_fecho=?,
        descricao=?,
        estado=?,
        prioridade=?,
        tecnico_id=?,
        tipo=?,
        titulo=? 
    where
        id=?
2026-07-07 13:26:48.232 [http-nio-8080-exec-10] DEBUG org.hibernate.SQL - 
    update
        tecnico 
    set
        carga_trabalho_atual=?,
        disponibilidade=?,
        utilizador_id=? 
    where
        id=?
2026-07-07 13:26:48.239 [http-nio-8080-exec-10] INFO  c.i.i.config.LoggingInterceptor - 📤 Resposta enviada: POST /api/tickets | Status: 201
2026-07-07 13:26:50.287 [http-nio-8080-exec-1] DEBUG o.s.security.web.FilterChainProxy - Securing POST /api/tickets
2026-07-07 13:26:50.288 [http-nio-8080-exec-1] DEBUG c.i.i.s.f.JwtAuthenticationFilter - JWT Username: marcio_user
2026-07-07 13:26:50.288 [http-nio-8080-exec-1] DEBUG o.s.s.w.c.HttpSessionSecurityContextRepository - Retrieved SecurityContextImpl [Authentication=UsernamePasswordAuthenticationToken [Principal=com.itsm.incidentmanagement.security.service.CustomUserDetails@3964dbf1, Credentials=[PROTECTED], Authenticated=true, Details=WebAuthenticationDetails [RemoteIpAddress=0:0:0:0:0:0:0:1, SessionId=null], Granted Authorities=[ROLE_UTILIZADOR]]]
2026-07-07 13:26:50.289 [http-nio-8080-exec-1] DEBUG o.s.security.web.FilterChainProxy - Secured POST /api/tickets
2026-07-07 13:26:50.289 [http-nio-8080-exec-1] INFO  c.i.i.config.LoggingInterceptor - 📥 Requisição recebida: POST /api/tickets | IP: 0:0:0:0:0:0:0:1
2026-07-07 13:26:50.290 [http-nio-8080-exec-1] INFO  c.i.i.service.TicketService - AUDIT - Criação de ticket: Falha de rede no servidor principal
2026-07-07 13:26:50.290 [http-nio-8080-exec-1] INFO  AUDIT - TICKET_CREATE | TicketId: 0 | Titulo: Falha de rede no servidor principal | UserId: 17 | Status: INICIADO
2026-07-07 13:26:50.290 [http-nio-8080-exec-1] INFO  c.i.i.s.TicketAssignmentService - ========================================
2026-07-07 13:26:50.291 [http-nio-8080-exec-1] INFO  c.i.i.s.TicketAssignmentService - A atribuir técnico para ticket: Falha de rede no servidor principal
2026-07-07 13:26:50.291 [http-nio-8080-exec-1] INFO  c.i.i.s.TicketAssignmentService - ========================================
2026-07-07 13:26:50.291 [http-nio-8080-exec-1] DEBUG c.i.i.s.TicketAssignmentService - Total de técnicos na cache: 2
2026-07-07 13:26:50.291 [http-nio-8080-exec-1] DEBUG c.i.i.s.TicketAssignmentService - Palavras-chave extraídas: [principal, com, falha, rede, servidor, apresenta, intermitente, postgresql, dados, conectividade, base]
2026-07-07 13:26:50.291 [http-nio-8080-exec-1] DEBUG c.i.i.s.TicketAssignmentService -    Joao Tecnico | Competências: Git, Docker, Redes, Infraestrutura, DevOps, Kubernetes, Firewall, Internet | Carga: 19
2026-07-07 13:26:50.292 [http-nio-8080-exec-1] DEBUG c.i.i.s.TicketAssignmentService -    Carlos Soares | Competências: Spring Boot, SQL, Java, Angular, React, PostgreSQL, Python | Carga: 20
2026-07-07 13:26:50.292 [http-nio-8080-exec-1] DEBUG c.i.i.s.TicketAssignmentService - Técnicos com competências relevantes: 2
2026-07-07 13:26:50.292 [http-nio-8080-exec-1] DEBUG c.i.i.s.TicketAssignmentService - Dia atual: TUESDAY | Hora: 13:26:50.292971200
2026-07-07 13:26:50.293 [http-nio-8080-exec-1] DEBUG c.i.i.s.TicketAssignmentService - Técnicos disponíveis (horário): 2
2026-07-07 13:26:50.293 [http-nio-8080-exec-1] INFO  c.i.i.s.TicketAssignmentService - Técnico ESCOLHIDO: Joao Tecnico (carga atual: 19)
2026-07-07 13:26:50.293 [http-nio-8080-exec-1] DEBUG org.hibernate.SQL - 
    insert 
    into
        ticket
        (aberto_por_id, ativo_id, data_abertura, data_fecho, descricao, estado, prioridade, tecnico_id, tipo, titulo) 
    values
        (?, ?, ?, ?, ?, ?, ?, ?, ?, ?)
2026-07-07 13:26:50.296 [http-nio-8080-exec-1] INFO  c.i.i.s.TicketAssignmentService - ========================================
2026-07-07 13:26:50.296 [http-nio-8080-exec-1] DEBUG org.hibernate.SQL - 
    select
        t1_0.id,
        t1_0.carga_trabalho_atual,
        c1_0.tecnico_id,
        c1_1.id,
        c1_1.nome,
        t1_0.disponibilidade,
        t1_0.utilizador_id,
        u1_0.id,
        u1_0.created_at,
        u1_0.email,
        u1_0.nome,
        u1_0.password_hash,
        u1_0.role,
        u1_0.username 
    from
        tecnico t1_0 
    left join
        tecnico_competencia c1_0 
            on t1_0.id=c1_0.tecnico_id 
    left join
        competencia c1_1 
            on c1_1.id=c1_0.competencia_id 
    join
        utilizador u1_0 
            on u1_0.id=t1_0.utilizador_id 
    where
        t1_0.id=?
2026-07-07 13:26:50.299 [http-nio-8080-exec-1] INFO  c.i.i.service.TicketService - ✅ AUDIT - Ticket 45 atribuído ao técnico 5 (carga: 21)
2026-07-07 13:26:50.299 [http-nio-8080-exec-1] INFO  AUDIT - TICKET_ASSIGN | TicketId: 45 | TecnicoId: 5 | AssignedBy: 17
2026-07-07 13:26:50.299 [http-nio-8080-exec-1] INFO  c.i.i.service.TicketService - AUDIT - Ticket criado com ID: 45
2026-07-07 13:26:50.299 [http-nio-8080-exec-1] INFO  AUDIT - TICKET_CREATE | TicketId: 45 | Titulo: Falha de rede no servidor principal | UserId: 17 | Status: ABERTO
2026-07-07 13:26:50.301 [http-nio-8080-exec-1] DEBUG org.hibernate.SQL - 
    update
        ticket 
    set
        aberto_por_id=?,
        ativo_id=?,
        data_abertura=?,
        data_fecho=?,
        descricao=?,
        estado=?,
        prioridade=?,
        tecnico_id=?,
        tipo=?,
        titulo=? 
    where
        id=?
2026-07-07 13:26:50.301 [http-nio-8080-exec-1] DEBUG org.hibernate.SQL - 
    update
        tecnico 
    set
        carga_trabalho_atual=?,
        disponibilidade=?,
        utilizador_id=? 
    where
        id=?
2026-07-07 13:26:50.304 [http-nio-8080-exec-1] INFO  c.i.i.config.LoggingInterceptor - 📤 Resposta enviada: POST /api/tickets | Status: 201
2026-07-07 13:26:51.577 [http-nio-8080-exec-3] DEBUG o.s.security.web.FilterChainProxy - Securing POST /api/tickets
2026-07-07 13:26:51.578 [http-nio-8080-exec-3] DEBUG c.i.i.s.f.JwtAuthenticationFilter - JWT Username: marcio_user
2026-07-07 13:26:51.578 [http-nio-8080-exec-3] DEBUG o.s.s.w.c.HttpSessionSecurityContextRepository - Retrieved SecurityContextImpl [Authentication=UsernamePasswordAuthenticationToken [Principal=com.itsm.incidentmanagement.security.service.CustomUserDetails@3964dbf1, Credentials=[PROTECTED], Authenticated=true, Details=WebAuthenticationDetails [RemoteIpAddress=0:0:0:0:0:0:0:1, SessionId=null], Granted Authorities=[ROLE_UTILIZADOR]]]
2026-07-07 13:26:51.579 [http-nio-8080-exec-3] DEBUG o.s.security.web.FilterChainProxy - Secured POST /api/tickets
2026-07-07 13:26:51.579 [http-nio-8080-exec-3] INFO  c.i.i.config.LoggingInterceptor - 📥 Requisição recebida: POST /api/tickets | IP: 0:0:0:0:0:0:0:1
2026-07-07 13:26:51.580 [http-nio-8080-exec-3] INFO  c.i.i.service.TicketService - AUDIT - Criação de ticket: Falha de rede no servidor principal
2026-07-07 13:26:51.580 [http-nio-8080-exec-3] INFO  AUDIT - TICKET_CREATE | TicketId: 0 | Titulo: Falha de rede no servidor principal | UserId: 17 | Status: INICIADO
2026-07-07 13:26:51.580 [http-nio-8080-exec-3] INFO  c.i.i.s.TicketAssignmentService - ========================================
2026-07-07 13:26:51.580 [http-nio-8080-exec-3] INFO  c.i.i.s.TicketAssignmentService - A atribuir técnico para ticket: Falha de rede no servidor principal
2026-07-07 13:26:51.580 [http-nio-8080-exec-3] INFO  c.i.i.s.TicketAssignmentService - ========================================
2026-07-07 13:26:51.580 [http-nio-8080-exec-3] DEBUG c.i.i.s.TicketAssignmentService - Total de técnicos na cache: 2
2026-07-07 13:26:51.580 [http-nio-8080-exec-3] DEBUG c.i.i.s.TicketAssignmentService - Palavras-chave extraídas: [principal, com, falha, rede, servidor, apresenta, intermitente, postgresql, dados, conectividade, base]
2026-07-07 13:26:51.580 [http-nio-8080-exec-3] DEBUG c.i.i.s.TicketAssignmentService -    Joao Tecnico | Competências: Git, Docker, Redes, Infraestrutura, DevOps, Kubernetes, Firewall, Internet | Carga: 21
2026-07-07 13:26:51.581 [http-nio-8080-exec-3] DEBUG c.i.i.s.TicketAssignmentService -    Carlos Soares | Competências: Spring Boot, SQL, Java, Angular, React, PostgreSQL, Python | Carga: 20
2026-07-07 13:26:51.581 [http-nio-8080-exec-3] DEBUG c.i.i.s.TicketAssignmentService - Técnicos com competências relevantes: 2
2026-07-07 13:26:51.581 [http-nio-8080-exec-3] DEBUG c.i.i.s.TicketAssignmentService - Dia atual: TUESDAY | Hora: 13:26:51.581988700
2026-07-07 13:26:51.582 [http-nio-8080-exec-3] DEBUG c.i.i.s.TicketAssignmentService - Técnicos disponíveis (horário): 2
2026-07-07 13:26:51.582 [http-nio-8080-exec-3] INFO  c.i.i.s.TicketAssignmentService - Técnico ESCOLHIDO: Carlos Soares (carga atual: 20)
2026-07-07 13:26:51.582 [http-nio-8080-exec-3] DEBUG org.hibernate.SQL - 
    insert 
    into
        ticket
        (aberto_por_id, ativo_id, data_abertura, data_fecho, descricao, estado, prioridade, tecnico_id, tipo, titulo) 
    values
        (?, ?, ?, ?, ?, ?, ?, ?, ?, ?)
2026-07-07 13:26:51.585 [http-nio-8080-exec-3] INFO  c.i.i.s.TicketAssignmentService - ========================================
2026-07-07 13:26:51.586 [http-nio-8080-exec-3] DEBUG org.hibernate.SQL - 
    select
        t1_0.id,
        t1_0.carga_trabalho_atual,
        c1_0.tecnico_id,
        c1_1.id,
        c1_1.nome,
        t1_0.disponibilidade,
        t1_0.utilizador_id,
        u1_0.id,
        u1_0.created_at,
        u1_0.email,
        u1_0.nome,
        u1_0.password_hash,
        u1_0.role,
        u1_0.username 
    from
        tecnico t1_0 
    left join
        tecnico_competencia c1_0 
            on t1_0.id=c1_0.tecnico_id 
    left join
        competencia c1_1 
            on c1_1.id=c1_0.competencia_id 
    join
        utilizador u1_0 
            on u1_0.id=t1_0.utilizador_id 
    where
        t1_0.id=?
2026-07-07 13:26:51.586 [http-nio-8080-exec-3] INFO  c.i.i.service.TicketService - ✅ AUDIT - Ticket 46 atribuído ao técnico 6 (carga: 22)
2026-07-07 13:26:51.588 [http-nio-8080-exec-3] INFO  AUDIT - TICKET_ASSIGN | TicketId: 46 | TecnicoId: 6 | AssignedBy: 17
2026-07-07 13:26:51.588 [http-nio-8080-exec-3] INFO  c.i.i.service.TicketService - AUDIT - Ticket criado com ID: 46
2026-07-07 13:26:51.588 [http-nio-8080-exec-3] INFO  AUDIT - TICKET_CREATE | TicketId: 46 | Titulo: Falha de rede no servidor principal | UserId: 17 | Status: ABERTO
2026-07-07 13:26:51.589 [http-nio-8080-exec-3] DEBUG org.hibernate.SQL - 
    update
        ticket 
    set
        aberto_por_id=?,
        ativo_id=?,
        data_abertura=?,
        data_fecho=?,
        descricao=?,
        estado=?,
        prioridade=?,
        tecnico_id=?,
        tipo=?,
        titulo=? 
    where
        id=?
2026-07-07 13:26:51.591 [http-nio-8080-exec-3] DEBUG org.hibernate.SQL - 
    update
        tecnico 
    set
        carga_trabalho_atual=?,
        disponibilidade=?,
        utilizador_id=? 
    where
        id=?
2026-07-07 13:26:51.599 [http-nio-8080-exec-3] INFO  c.i.i.config.LoggingInterceptor - 📤 Resposta enviada: POST /api/tickets | Status: 201
2026-07-07 13:26:53.051 [http-nio-8080-exec-2] DEBUG o.s.security.web.FilterChainProxy - Securing POST /api/tickets
2026-07-07 13:26:53.053 [http-nio-8080-exec-2] DEBUG c.i.i.s.f.JwtAuthenticationFilter - JWT Username: marcio_user
2026-07-07 13:26:53.053 [http-nio-8080-exec-2] DEBUG o.s.s.w.c.HttpSessionSecurityContextRepository - Retrieved SecurityContextImpl [Authentication=UsernamePasswordAuthenticationToken [Principal=com.itsm.incidentmanagement.security.service.CustomUserDetails@3964dbf1, Credentials=[PROTECTED], Authenticated=true, Details=WebAuthenticationDetails [RemoteIpAddress=0:0:0:0:0:0:0:1, SessionId=null], Granted Authorities=[ROLE_UTILIZADOR]]]
2026-07-07 13:26:53.054 [http-nio-8080-exec-2] DEBUG o.s.security.web.FilterChainProxy - Secured POST /api/tickets
2026-07-07 13:26:53.055 [http-nio-8080-exec-2] INFO  c.i.i.config.LoggingInterceptor - 📥 Requisição recebida: POST /api/tickets | IP: 0:0:0:0:0:0:0:1
2026-07-07 13:26:53.056 [http-nio-8080-exec-2] INFO  c.i.i.service.TicketService - AUDIT - Criação de ticket: Falha de rede no servidor principal
2026-07-07 13:26:53.056 [http-nio-8080-exec-2] INFO  AUDIT - TICKET_CREATE | TicketId: 0 | Titulo: Falha de rede no servidor principal | UserId: 17 | Status: INICIADO
2026-07-07 13:26:53.056 [http-nio-8080-exec-2] INFO  c.i.i.s.TicketAssignmentService - ========================================
2026-07-07 13:26:53.056 [http-nio-8080-exec-2] INFO  c.i.i.s.TicketAssignmentService - A atribuir técnico para ticket: Falha de rede no servidor principal
2026-07-07 13:26:53.056 [http-nio-8080-exec-2] INFO  c.i.i.s.TicketAssignmentService - ========================================
2026-07-07 13:26:53.056 [http-nio-8080-exec-2] DEBUG c.i.i.s.TicketAssignmentService - Total de técnicos na cache: 2
2026-07-07 13:26:53.057 [http-nio-8080-exec-2] DEBUG c.i.i.s.TicketAssignmentService - Palavras-chave extraídas: [principal, com, falha, rede, servidor, apresenta, intermitente, postgresql, dados, conectividade, base]
2026-07-07 13:26:53.057 [http-nio-8080-exec-2] DEBUG c.i.i.s.TicketAssignmentService -    Joao Tecnico | Competências: Git, Docker, Redes, Infraestrutura, DevOps, Kubernetes, Firewall, Internet | Carga: 21
2026-07-07 13:26:53.057 [http-nio-8080-exec-2] DEBUG c.i.i.s.TicketAssignmentService -    Carlos Soares | Competências: Spring Boot, SQL, Java, Angular, React, PostgreSQL, Python | Carga: 22
2026-07-07 13:26:53.057 [http-nio-8080-exec-2] DEBUG c.i.i.s.TicketAssignmentService - Técnicos com competências relevantes: 2
2026-07-07 13:26:53.057 [http-nio-8080-exec-2] DEBUG c.i.i.s.TicketAssignmentService - Dia atual: TUESDAY | Hora: 13:26:53.057377900
2026-07-07 13:26:53.058 [http-nio-8080-exec-2] DEBUG c.i.i.s.TicketAssignmentService - Técnicos disponíveis (horário): 2
2026-07-07 13:26:53.058 [http-nio-8080-exec-2] INFO  c.i.i.s.TicketAssignmentService - Técnico ESCOLHIDO: Joao Tecnico (carga atual: 21)
2026-07-07 13:26:53.058 [http-nio-8080-exec-2] DEBUG org.hibernate.SQL - 
    insert 
    into
        ticket
        (aberto_por_id, ativo_id, data_abertura, data_fecho, descricao, estado, prioridade, tecnico_id, tipo, titulo) 
    values
        (?, ?, ?, ?, ?, ?, ?, ?, ?, ?)
2026-07-07 13:26:53.060 [http-nio-8080-exec-2] INFO  c.i.i.s.TicketAssignmentService - ========================================
2026-07-07 13:26:53.061 [http-nio-8080-exec-2] DEBUG org.hibernate.SQL - 
    select
        t1_0.id,
        t1_0.carga_trabalho_atual,
        c1_0.tecnico_id,
        c1_1.id,
        c1_1.nome,
        t1_0.disponibilidade,
        t1_0.utilizador_id,
        u1_0.id,
        u1_0.created_at,
        u1_0.email,
        u1_0.nome,
        u1_0.password_hash,
        u1_0.role,
        u1_0.username 
    from
        tecnico t1_0 
    left join
        tecnico_competencia c1_0 
            on t1_0.id=c1_0.tecnico_id 
    left join
        competencia c1_1 
            on c1_1.id=c1_0.competencia_id 
    join
        utilizador u1_0 
            on u1_0.id=t1_0.utilizador_id 
    where
        t1_0.id=?
2026-07-07 13:26:53.062 [http-nio-8080-exec-2] INFO  c.i.i.service.TicketService - ✅ AUDIT - Ticket 47 atribuído ao técnico 5 (carga: 23)
2026-07-07 13:26:53.064 [http-nio-8080-exec-2] INFO  AUDIT - TICKET_ASSIGN | TicketId: 47 | TecnicoId: 5 | AssignedBy: 17
2026-07-07 13:26:53.064 [http-nio-8080-exec-2] INFO  c.i.i.service.TicketService - AUDIT - Ticket criado com ID: 47
2026-07-07 13:26:53.064 [http-nio-8080-exec-2] INFO  AUDIT - TICKET_CREATE | TicketId: 47 | Titulo: Falha de rede no servidor principal | UserId: 17 | Status: ABERTO
2026-07-07 13:26:53.065 [http-nio-8080-exec-2] DEBUG org.hibernate.SQL - 
    update
        ticket 
    set
        aberto_por_id=?,
        ativo_id=?,
        data_abertura=?,
        data_fecho=?,
        descricao=?,
        estado=?,
        prioridade=?,
        tecnico_id=?,
        tipo=?,
        titulo=? 
    where
        id=?
2026-07-07 13:26:53.067 [http-nio-8080-exec-2] DEBUG org.hibernate.SQL - 
    update
        tecnico 
    set
        carga_trabalho_atual=?,
        disponibilidade=?,
        utilizador_id=? 
    where
        id=?
2026-07-07 13:26:53.073 [http-nio-8080-exec-2] INFO  c.i.i.config.LoggingInterceptor - 📤 Resposta enviada: POST /api/tickets | Status: 201
2026-07-07 13:26:58.407 [http-nio-8080-exec-4] DEBUG o.s.security.web.FilterChainProxy - Securing GET /admin/tickets
2026-07-07 13:26:58.408 [http-nio-8080-exec-4] DEBUG o.s.s.w.c.HttpSessionSecurityContextRepository - Retrieved SecurityContextImpl [Authentication=UsernamePasswordAuthenticationToken [Principal=com.itsm.incidentmanagement.security.service.CustomUserDetails@6ccbc8d1, Credentials=[PROTECTED], Authenticated=true, Details=WebAuthenticationDetails [RemoteIpAddress=127.0.0.1, SessionId=4770B86AF2AD6BA83226C9E6BC1298B2], Granted Authorities=[ROLE_ADMIN]]]
2026-07-07 13:26:58.409 [http-nio-8080-exec-4] DEBUG o.s.security.web.FilterChainProxy - Secured GET /admin/tickets
2026-07-07 13:26:58.411 [http-nio-8080-exec-4] DEBUG org.hibernate.SQL - 
    select
        t1_0.id,
        t1_0.aberto_por_id,
        t1_0.ativo_id,
        t1_0.data_abertura,
        t1_0.data_fecho,
        t1_0.descricao,
        t1_0.estado,
        t1_0.prioridade,
        t1_0.tecnico_id,
        t1_0.tipo,
        t1_0.titulo 
    from
        ticket t1_0
2026-07-07 13:26:58.412 [http-nio-8080-exec-4] DEBUG org.hibernate.SQL - 
    select
        u1_0.id,
        u1_0.created_at,
        u1_0.email,
        u1_0.nome,
        u1_0.password_hash,
        u1_0.role,
        u1_0.username 
    from
        utilizador u1_0 
    where
        u1_0.id=?
2026-07-07 13:26:58.413 [http-nio-8080-exec-4] DEBUG org.hibernate.SQL - 
    select
        t1_0.id,
        t1_0.carga_trabalho_atual,
        c1_0.tecnico_id,
        c1_1.id,
        c1_1.nome,
        t1_0.disponibilidade,
        t1_0.utilizador_id,
        u1_0.id,
        u1_0.created_at,
        u1_0.email,
        u1_0.nome,
        u1_0.password_hash,
        u1_0.role,
        u1_0.username 
    from
        tecnico t1_0 
    left join
        tecnico_competencia c1_0 
            on t1_0.id=c1_0.tecnico_id 
    left join
        competencia c1_1 
            on c1_1.id=c1_0.competencia_id 
    join
        utilizador u1_0 
            on u1_0.id=t1_0.utilizador_id 
    where
        t1_0.id=?
2026-07-07 13:26:58.415 [http-nio-8080-exec-4] DEBUG org.hibernate.SQL - 
    select
        u1_0.id,
        u1_0.created_at,
        u1_0.email,
        u1_0.nome,
        u1_0.password_hash,
        u1_0.role,
        u1_0.username 
    from
        utilizador u1_0 
    where
        u1_0.id=?
2026-07-07 13:26:58.416 [http-nio-8080-exec-4] DEBUG org.hibernate.SQL - 
    select
        t1_0.id,
        t1_0.carga_trabalho_atual,
        c1_0.tecnico_id,
        c1_1.id,
        c1_1.nome,
        t1_0.disponibilidade,
        t1_0.utilizador_id,
        u1_0.id,
        u1_0.created_at,
        u1_0.email,
        u1_0.nome,
        u1_0.password_hash,
        u1_0.role,
        u1_0.username 
    from
        tecnico t1_0 
    left join
        tecnico_competencia c1_0 
            on t1_0.id=c1_0.tecnico_id 
    left join
        competencia c1_1 
            on c1_1.id=c1_0.competencia_id 
    join
        utilizador u1_0 
            on u1_0.id=t1_0.utilizador_id 
    where
        t1_0.id=?
2026-07-07 13:26:58.419 [http-nio-8080-exec-4] DEBUG org.hibernate.SQL - 
    select
        t1_0.id,
        t1_0.aberto_por_id,
        t1_0.ativo_id,
        t1_0.data_abertura,
        t1_0.data_fecho,
        t1_0.descricao,
        t1_0.estado,
        t1_0.prioridade,
        t1_0.tecnico_id,
        t1_0.tipo,
        t1_0.titulo 
    from
        ticket t1_0 
    where
        t1_0.estado=?
2026-07-07 13:26:58.423 [http-nio-8080-exec-4] DEBUG org.hibernate.SQL - 
    select
        t1_0.id,
        t1_0.aberto_por_id,
        t1_0.ativo_id,
        t1_0.data_abertura,
        t1_0.data_fecho,
        t1_0.descricao,
        t1_0.estado,
        t1_0.prioridade,
        t1_0.tecnico_id,
        t1_0.tipo,
        t1_0.titulo 
    from
        ticket t1_0 
    where
        t1_0.estado=?
2026-07-07 13:26:58.425 [http-nio-8080-exec-4] DEBUG org.hibernate.SQL - 
    select
        t1_0.id,
        t1_0.aberto_por_id,
        t1_0.ativo_id,
        t1_0.data_abertura,
        t1_0.data_fecho,
        t1_0.descricao,
        t1_0.estado,
        t1_0.prioridade,
        t1_0.tecnico_id,
        t1_0.tipo,
        t1_0.titulo 
    from
        ticket t1_0 
    where
        t1_0.estado=?
2026-07-07 13:26:58.454 [http-nio-8080-exec-5] DEBUG o.s.security.web.FilterChainProxy - Securing GET /favicon.ico
2026-07-07 13:26:58.455 [http-nio-8080-exec-5] DEBUG o.s.security.web.FilterChainProxy - Secured GET /favicon.ico
2026-07-07 13:26:58.458 [http-nio-8080-exec-5] DEBUG o.s.s.w.c.HttpSessionSecurityContextRepository - Retrieved SecurityContextImpl [Authentication=UsernamePasswordAuthenticationToken [Principal=com.itsm.incidentmanagement.security.service.CustomUserDetails@6ccbc8d1, Credentials=[PROTECTED], Authenticated=true, Details=WebAuthenticationDetails [RemoteIpAddress=127.0.0.1, SessionId=4770B86AF2AD6BA83226C9E6BC1298B2], Granted Authorities=[ROLE_ADMIN]]]
2026-07-07 13:27:50.155 [http-nio-8080-exec-8] DEBUG o.s.security.web.FilterChainProxy - Securing GET /logout
2026-07-07 13:27:50.156 [http-nio-8080-exec-8] DEBUG o.s.security.web.FilterChainProxy - Secured GET /logout
2026-07-07 13:27:50.161 [http-nio-8080-exec-8] DEBUG o.s.s.w.c.HttpSessionSecurityContextRepository - Retrieved SecurityContextImpl [Authentication=UsernamePasswordAuthenticationToken [Principal=com.itsm.incidentmanagement.security.service.CustomUserDetails@6ccbc8d1, Credentials=[PROTECTED], Authenticated=true, Details=WebAuthenticationDetails [RemoteIpAddress=127.0.0.1, SessionId=4770B86AF2AD6BA83226C9E6BC1298B2], Granted Authorities=[ROLE_ADMIN]]]
2026-07-07 13:27:50.190 [http-nio-8080-exec-6] DEBUG o.s.security.web.FilterChainProxy - Securing GET /favicon.ico
2026-07-07 13:27:50.192 [http-nio-8080-exec-6] DEBUG o.s.s.w.a.AnonymousAuthenticationFilter - Set SecurityContextHolder to anonymous SecurityContext
2026-07-07 13:27:50.192 [http-nio-8080-exec-6] DEBUG o.s.security.web.FilterChainProxy - Secured GET /favicon.ico
2026-07-07 13:29:48.039 [background-preinit] INFO  o.h.validator.internal.util.Version - HV000001: Hibernate Validator 8.0.3.Final
2026-07-07 13:29:48.139 [main] INFO  c.i.i.c.DashboardControllerTest - Starting DashboardControllerTest using Java 21.0.10 with PID 23244 (started by Usuario in C:\Users\Usuario\Documents\Tecnisign\UFCD 10790 – Projeto de Programação\incident-management)
2026-07-07 13:29:48.140 [main] DEBUG c.i.i.c.DashboardControllerTest - Running with Spring Boot v3.5.14, Spring v6.2.18
2026-07-07 13:29:48.141 [main] INFO  c.i.i.c.DashboardControllerTest - No active profile set, falling back to 1 default profile: "default"
2026-07-07 13:29:51.177 [main] INFO  c.i.i.s.f.JwtAuthenticationFilter - JwtAuthenticationFilter inicializado!
2026-07-07 13:29:51.333 [main] INFO  o.s.b.a.w.s.WelcomePageHandlerMapping - Adding welcome page: class path resource [static/index.html]
2026-07-07 13:29:51.692 [main] INFO  c.i.i.security.config.SecurityConfig - SecurityConfig inicializado!
2026-07-07 13:29:51.721 [main] INFO  o.s.s.c.a.a.c.InitializeUserDetailsBeanManagerConfigurer$InitializeUserDetailsManagerConfigurer - Global AuthenticationManager configured with UserDetailsService bean with name com.itsm.incidentmanagement.security.service.CustomUserDetailsService#0
2026-07-07 13:29:51.851 [main] INFO  c.i.i.security.config.SecurityConfig - Modo seguranÃ§a ativado (JWT + Web)
2026-07-07 13:29:52.007 [main] DEBUG o.s.s.web.DefaultSecurityFilterChain - Will secure any request with filters: DisableEncodeUrlFilter, WebAsyncManagerIntegrationFilter, SecurityContextHolderFilter, HeaderWriterFilter, CorsFilter, CsrfFilter, LogoutFilter, JwtAuthenticationFilter, UsernamePasswordAuthenticationFilter, RequestCacheAwareFilter, SecurityContextHolderAwareRequestFilter, AnonymousAuthenticationFilter, SessionManagementFilter, ExceptionTranslationFilter, AuthorizationFilter
2026-07-07 13:29:52.498 [main] DEBUG c.i.i.s.f.JwtAuthenticationFilter - Filter 'jwtAuthenticationFilter' configured for use
2026-07-07 13:29:52.509 [main] INFO  o.s.b.t.m.w.SpringBootMockServletContext - Initializing Spring TestDispatcherServlet ''
2026-07-07 13:29:52.510 [main] INFO  o.s.t.w.s.TestDispatcherServlet - Initializing Servlet ''
2026-07-07 13:29:52.512 [main] INFO  o.s.t.w.s.TestDispatcherServlet - Completed initialization in 2 ms
2026-07-07 13:29:52.557 [main] INFO  c.i.i.c.DashboardControllerTest - Started DashboardControllerTest in 5.355 seconds (process running for 7.372)
2026-07-07 13:29:52.684 [main] DEBUG o.s.s.w.c.HttpSessionSecurityContextRepository - Created HttpSession as SecurityContext is non-default
2026-07-07 13:29:52.685 [main] DEBUG o.s.s.w.c.HttpSessionSecurityContextRepository - Stored SecurityContextImpl [Authentication=UsernamePasswordAuthenticationToken [Principal=org.springframework.security.core.userdetails.User [Username=user, Password=[PROTECTED], Enabled=true, AccountNonExpired=true, CredentialsNonExpired=true, AccountNonLocked=true, Granted Authorities=[ROLE_ADMIN]], Credentials=[PROTECTED], Authenticated=true, Details=null, Granted Authorities=[ROLE_ADMIN]]] to HttpSession [org.springframework.mock.web.MockHttpSession@6c5abd8f]
2026-07-07 13:29:52.714 [main] DEBUG o.s.security.web.FilterChainProxy - Securing GET /admin/tickets
2026-07-07 13:29:52.734 [main] DEBUG o.s.s.w.c.HttpSessionSecurityContextRepository - Retrieved SecurityContextImpl [Authentication=UsernamePasswordAuthenticationToken [Principal=org.springframework.security.core.userdetails.User [Username=user, Password=[PROTECTED], Enabled=true, AccountNonExpired=true, CredentialsNonExpired=true, AccountNonLocked=true, Granted Authorities=[ROLE_ADMIN]], Credentials=[PROTECTED], Authenticated=true, Details=null, Granted Authorities=[ROLE_ADMIN]]]
2026-07-07 13:29:52.735 [main] DEBUG o.s.security.web.FilterChainProxy - Secured GET /admin/tickets
2026-07-07 13:29:53.430 [main] DEBUG o.s.s.w.c.HttpSessionSecurityContextRepository - Created HttpSession as SecurityContext is non-default
2026-07-07 13:29:53.430 [main] DEBUG o.s.s.w.c.HttpSessionSecurityContextRepository - Stored SecurityContextImpl [Authentication=UsernamePasswordAuthenticationToken [Principal=org.springframework.security.core.userdetails.User [Username=user, Password=[PROTECTED], Enabled=true, AccountNonExpired=true, CredentialsNonExpired=true, AccountNonLocked=true, Granted Authorities=[ROLE_ADMIN]], Credentials=[PROTECTED], Authenticated=true, Details=null, Granted Authorities=[ROLE_ADMIN]]] to HttpSession [org.springframework.mock.web.MockHttpSession@6b0090ca]
2026-07-07 13:29:53.430 [main] DEBUG o.s.security.web.FilterChainProxy - Securing GET /admin/dashboard
2026-07-07 13:29:53.430 [main] DEBUG o.s.s.w.c.HttpSessionSecurityContextRepository - Retrieved SecurityContextImpl [Authentication=UsernamePasswordAuthenticationToken [Principal=org.springframework.security.core.userdetails.User [Username=user, Password=[PROTECTED], Enabled=true, AccountNonExpired=true, CredentialsNonExpired=true, AccountNonLocked=true, Granted Authorities=[ROLE_ADMIN]], Credentials=[PROTECTED], Authenticated=true, Details=null, Granted Authorities=[ROLE_ADMIN]]]
2026-07-07 13:29:53.431 [main] DEBUG o.s.security.web.FilterChainProxy - Secured GET /admin/dashboard
2026-07-07 13:29:53.481 [main] INFO  o.s.t.c.s.AnnotationConfigContextLoaderUtils - Could not detect default configuration classes for test class [com.itsm.incidentmanagement.controller.WebControllerTest]: WebControllerTest does not declare any static, non-private, non-final, nested classes annotated with @Configuration.
2026-07-07 13:29:53.509 [main] INFO  o.s.b.t.c.SpringBootTestContextBootstrapper - Found @SpringBootConfiguration com.itsm.incidentmanagement.IncidentManagementApplication for test class com.itsm.incidentmanagement.controller.WebControllerTest
2026-07-07 13:29:53.557 [main] INFO  c.i.i.controller.WebControllerTest - Starting WebControllerTest using Java 21.0.10 with PID 23244 (started by Usuario in C:\Users\Usuario\Documents\Tecnisign\UFCD 10790 – Projeto de Programação\incident-management)
2026-07-07 13:29:53.559 [main] DEBUG c.i.i.controller.WebControllerTest - Running with Spring Boot v3.5.14, Spring v6.2.18
2026-07-07 13:29:53.559 [main] INFO  c.i.i.controller.WebControllerTest - No active profile set, falling back to 1 default profile: "default"
2026-07-07 13:29:53.881 [main] INFO  c.i.i.controller.WebController - WebController carregado com sucesso
2026-07-07 13:29:53.884 [main] INFO  c.i.i.s.f.JwtAuthenticationFilter - JwtAuthenticationFilter inicializado!
2026-07-07 13:29:53.910 [main] INFO  o.s.b.a.w.s.WelcomePageHandlerMapping - Adding welcome page: class path resource [static/index.html]
2026-07-07 13:29:53.989 [main] INFO  c.i.i.security.config.SecurityConfig - SecurityConfig inicializado!
2026-07-07 13:29:53.995 [main] INFO  o.s.s.c.a.a.c.InitializeUserDetailsBeanManagerConfigurer$InitializeUserDetailsManagerConfigurer - Global AuthenticationManager configured with UserDetailsService bean with name com.itsm.incidentmanagement.security.service.CustomUserDetailsService#0
2026-07-07 13:29:53.996 [main] INFO  c.i.i.security.config.SecurityConfig - Modo seguranÃ§a ativado (JWT + Web)
2026-07-07 13:29:54.016 [main] DEBUG o.s.s.web.DefaultSecurityFilterChain - Will secure any request with filters: DisableEncodeUrlFilter, WebAsyncManagerIntegrationFilter, SecurityContextHolderFilter, HeaderWriterFilter, CorsFilter, CsrfFilter, LogoutFilter, JwtAuthenticationFilter, UsernamePasswordAuthenticationFilter, RequestCacheAwareFilter, SecurityContextHolderAwareRequestFilter, AnonymousAuthenticationFilter, SessionManagementFilter, ExceptionTranslationFilter, AuthorizationFilter
2026-07-07 13:29:54.102 [main] DEBUG c.i.i.s.f.JwtAuthenticationFilter - Filter 'jwtAuthenticationFilter' configured for use
2026-07-07 13:29:54.102 [main] INFO  o.s.b.t.m.w.SpringBootMockServletContext - Initializing Spring TestDispatcherServlet ''
2026-07-07 13:29:54.102 [main] INFO  o.s.t.w.s.TestDispatcherServlet - Initializing Servlet ''
2026-07-07 13:29:54.103 [main] INFO  o.s.t.w.s.TestDispatcherServlet - Completed initialization in 1 ms
2026-07-07 13:29:54.116 [main] INFO  c.i.i.controller.WebControllerTest - Started WebControllerTest in 0.597 seconds (process running for 8.93)
2026-07-07 13:29:54.127 [main] DEBUG o.s.s.w.c.HttpSessionSecurityContextRepository - Created HttpSession as SecurityContext is non-default
2026-07-07 13:29:54.128 [main] DEBUG o.s.s.w.c.HttpSessionSecurityContextRepository - Stored SecurityContextImpl [Authentication=UsernamePasswordAuthenticationToken [Principal=org.springframework.security.core.userdetails.User [Username=user, Password=[PROTECTED], Enabled=true, AccountNonExpired=true, CredentialsNonExpired=true, AccountNonLocked=true, Granted Authorities=[ROLE_ADMIN]], Credentials=[PROTECTED], Authenticated=true, Details=null, Granted Authorities=[ROLE_ADMIN]]] to HttpSession [org.springframework.mock.web.MockHttpSession@332fac2e]
2026-07-07 13:29:54.129 [main] DEBUG o.s.security.web.FilterChainProxy - Securing GET /admin/users/new
2026-07-07 13:29:54.130 [main] DEBUG o.s.s.w.c.HttpSessionSecurityContextRepository - Retrieved SecurityContextImpl [Authentication=UsernamePasswordAuthenticationToken [Principal=org.springframework.security.core.userdetails.User [Username=user, Password=[PROTECTED], Enabled=true, AccountNonExpired=true, CredentialsNonExpired=true, AccountNonLocked=true, Granted Authorities=[ROLE_ADMIN]], Credentials=[PROTECTED], Authenticated=true, Details=null, Granted Authorities=[ROLE_ADMIN]]]
2026-07-07 13:29:54.130 [main] DEBUG o.s.security.web.FilterChainProxy - Secured GET /admin/users/new
2026-07-07 13:29:54.252 [main] DEBUG o.s.s.w.c.HttpSessionSecurityContextRepository - Created HttpSession as SecurityContext is non-default
2026-07-07 13:29:54.253 [main] DEBUG o.s.s.w.c.HttpSessionSecurityContextRepository - Stored SecurityContextImpl [Authentication=UsernamePasswordAuthenticationToken [Principal=org.springframework.security.core.userdetails.User [Username=user, Password=[PROTECTED], Enabled=true, AccountNonExpired=true, CredentialsNonExpired=true, AccountNonLocked=true, Granted Authorities=[ROLE_ADMIN]], Credentials=[PROTECTED], Authenticated=true, Details=null, Granted Authorities=[ROLE_ADMIN]]] to HttpSession [org.springframework.mock.web.MockHttpSession@7071a0b9]
2026-07-07 13:29:54.253 [main] DEBUG o.s.security.web.FilterChainProxy - Securing GET /admin/users/edit/1
2026-07-07 13:29:54.254 [main] DEBUG o.s.s.w.c.HttpSessionSecurityContextRepository - Retrieved SecurityContextImpl [Authentication=UsernamePasswordAuthenticationToken [Principal=org.springframework.security.core.userdetails.User [Username=user, Password=[PROTECTED], Enabled=true, AccountNonExpired=true, CredentialsNonExpired=true, AccountNonLocked=true, Granted Authorities=[ROLE_ADMIN]], Credentials=[PROTECTED], Authenticated=true, Details=null, Granted Authorities=[ROLE_ADMIN]]]
2026-07-07 13:29:54.254 [main] DEBUG o.s.security.web.FilterChainProxy - Secured GET /admin/users/edit/1
2026-07-07 13:29:54.286 [main] DEBUG o.s.s.w.c.HttpSessionSecurityContextRepository - Created HttpSession as SecurityContext is non-default
2026-07-07 13:29:54.287 [main] DEBUG o.s.s.w.c.HttpSessionSecurityContextRepository - Stored SecurityContextImpl [Authentication=UsernamePasswordAuthenticationToken [Principal=org.springframework.security.core.userdetails.User [Username=user, Password=[PROTECTED], Enabled=true, AccountNonExpired=true, CredentialsNonExpired=true, AccountNonLocked=true, Granted Authorities=[ROLE_ADMIN]], Credentials=[PROTECTED], Authenticated=true, Details=null, Granted Authorities=[ROLE_ADMIN]]] to HttpSession [org.springframework.mock.web.MockHttpSession@295c834b]
2026-07-07 13:29:54.288 [main] DEBUG o.s.security.web.FilterChainProxy - Securing GET /admin/tickets/new
2026-07-07 13:29:54.289 [main] DEBUG o.s.s.w.c.HttpSessionSecurityContextRepository - Retrieved SecurityContextImpl [Authentication=UsernamePasswordAuthenticationToken [Principal=org.springframework.security.core.userdetails.User [Username=user, Password=[PROTECTED], Enabled=true, AccountNonExpired=true, CredentialsNonExpired=true, AccountNonLocked=true, Granted Authorities=[ROLE_ADMIN]], Credentials=[PROTECTED], Authenticated=true, Details=null, Granted Authorities=[ROLE_ADMIN]]]
2026-07-07 13:29:54.289 [main] DEBUG o.s.security.web.FilterChainProxy - Secured GET /admin/tickets/new
2026-07-07 13:29:54.316 [main] DEBUG o.s.s.w.c.HttpSessionSecurityContextRepository - Created HttpSession as SecurityContext is non-default
2026-07-07 13:29:54.316 [main] DEBUG o.s.s.w.c.HttpSessionSecurityContextRepository - Stored SecurityContextImpl [Authentication=UsernamePasswordAuthenticationToken [Principal=org.springframework.security.core.userdetails.User [Username=user, Password=[PROTECTED], Enabled=true, AccountNonExpired=true, CredentialsNonExpired=true, AccountNonLocked=true, Granted Authorities=[ROLE_ADMIN]], Credentials=[PROTECTED], Authenticated=true, Details=null, Granted Authorities=[ROLE_ADMIN]]] to HttpSession [org.springframework.mock.web.MockHttpSession@63e64235]
2026-07-07 13:29:54.317 [main] DEBUG o.s.security.web.FilterChainProxy - Securing GET /admin/tickets/edit/1
2026-07-07 13:29:54.317 [main] DEBUG o.s.s.w.c.HttpSessionSecurityContextRepository - Retrieved SecurityContextImpl [Authentication=UsernamePasswordAuthenticationToken [Principal=org.springframework.security.core.userdetails.User [Username=user, Password=[PROTECTED], Enabled=true, AccountNonExpired=true, CredentialsNonExpired=true, AccountNonLocked=true, Granted Authorities=[ROLE_ADMIN]], Credentials=[PROTECTED], Authenticated=true, Details=null, Granted Authorities=[ROLE_ADMIN]]]
2026-07-07 13:29:54.318 [main] DEBUG o.s.security.web.FilterChainProxy - Secured GET /admin/tickets/edit/1
2026-07-07 13:29:54.352 [main] DEBUG o.s.s.w.c.HttpSessionSecurityContextRepository - Created HttpSession as SecurityContext is non-default
2026-07-07 13:29:54.352 [main] DEBUG o.s.s.w.c.HttpSessionSecurityContextRepository - Stored SecurityContextImpl [Authentication=UsernamePasswordAuthenticationToken [Principal=org.springframework.security.core.userdetails.User [Username=user, Password=[PROTECTED], Enabled=true, AccountNonExpired=true, CredentialsNonExpired=true, AccountNonLocked=true, Granted Authorities=[ROLE_ADMIN]], Credentials=[PROTECTED], Authenticated=true, Details=null, Granted Authorities=[ROLE_ADMIN]]] to HttpSession [org.springframework.mock.web.MockHttpSession@7e82a5fb]
2026-07-07 13:29:54.353 [main] DEBUG o.s.security.web.FilterChainProxy - Securing GET /admin/users/delete/1
2026-07-07 13:29:54.353 [main] DEBUG o.s.s.w.c.HttpSessionSecurityContextRepository - Retrieved SecurityContextImpl [Authentication=UsernamePasswordAuthenticationToken [Principal=org.springframework.security.core.userdetails.User [Username=user, Password=[PROTECTED], Enabled=true, AccountNonExpired=true, CredentialsNonExpired=true, AccountNonLocked=true, Granted Authorities=[ROLE_ADMIN]], Credentials=[PROTECTED], Authenticated=true, Details=null, Granted Authorities=[ROLE_ADMIN]]]
2026-07-07 13:29:54.353 [main] DEBUG o.s.security.web.FilterChainProxy - Secured GET /admin/users/delete/1
2026-07-07 13:29:54.367 [main] DEBUG o.s.s.w.c.HttpSessionSecurityContextRepository - Created HttpSession as SecurityContext is non-default
2026-07-07 13:29:54.368 [main] DEBUG o.s.s.w.c.HttpSessionSecurityContextRepository - Stored SecurityContextImpl [Authentication=UsernamePasswordAuthenticationToken [Principal=org.springframework.security.core.userdetails.User [Username=user, Password=[PROTECTED], Enabled=true, AccountNonExpired=true, CredentialsNonExpired=true, AccountNonLocked=true, Granted Authorities=[ROLE_ADMIN]], Credentials=[PROTECTED], Authenticated=true, Details=null, Granted Authorities=[ROLE_ADMIN]]] to HttpSession [org.springframework.mock.web.MockHttpSession@20a0eb1d]
2026-07-07 13:29:54.368 [main] DEBUG o.s.security.web.FilterChainProxy - Securing GET /admin/technicians/new
2026-07-07 13:29:54.369 [main] DEBUG o.s.s.w.c.HttpSessionSecurityContextRepository - Retrieved SecurityContextImpl [Authentication=UsernamePasswordAuthenticationToken [Principal=org.springframework.security.core.userdetails.User [Username=user, Password=[PROTECTED], Enabled=true, AccountNonExpired=true, CredentialsNonExpired=true, AccountNonLocked=true, Granted Authorities=[ROLE_ADMIN]], Credentials=[PROTECTED], Authenticated=true, Details=null, Granted Authorities=[ROLE_ADMIN]]]
2026-07-07 13:29:54.369 [main] DEBUG o.s.security.web.FilterChainProxy - Secured GET /admin/technicians/new
2026-07-07 13:29:54.387 [main] DEBUG o.s.s.w.c.HttpSessionSecurityContextRepository - Created HttpSession as SecurityContext is non-default
2026-07-07 13:29:54.387 [main] DEBUG o.s.s.w.c.HttpSessionSecurityContextRepository - Stored SecurityContextImpl [Authentication=UsernamePasswordAuthenticationToken [Principal=org.springframework.security.core.userdetails.User [Username=user, Password=[PROTECTED], Enabled=true, AccountNonExpired=true, CredentialsNonExpired=true, AccountNonLocked=true, Granted Authorities=[ROLE_ADMIN]], Credentials=[PROTECTED], Authenticated=true, Details=null, Granted Authorities=[ROLE_ADMIN]]] to HttpSession [org.springframework.mock.web.MockHttpSession@10874b79]
2026-07-07 13:29:54.387 [main] DEBUG o.s.security.web.FilterChainProxy - Securing GET /admin/technicians
2026-07-07 13:29:54.388 [main] DEBUG o.s.s.w.c.HttpSessionSecurityContextRepository - Retrieved SecurityContextImpl [Authentication=UsernamePasswordAuthenticationToken [Principal=org.springframework.security.core.userdetails.User [Username=user, Password=[PROTECTED], Enabled=true, AccountNonExpired=true, CredentialsNonExpired=true, AccountNonLocked=true, Granted Authorities=[ROLE_ADMIN]], Credentials=[PROTECTED], Authenticated=true, Details=null, Granted Authorities=[ROLE_ADMIN]]]
2026-07-07 13:29:54.388 [main] DEBUG o.s.security.web.FilterChainProxy - Secured GET /admin/technicians
2026-07-07 13:29:54.412 [main] DEBUG o.s.security.web.FilterChainProxy - Securing GET /
2026-07-07 13:29:54.413 [main] DEBUG o.s.s.w.a.AnonymousAuthenticationFilter - Set SecurityContextHolder to anonymous SecurityContext
2026-07-07 13:29:54.414 [main] DEBUG o.s.security.web.FilterChainProxy - Secured GET /
2026-07-07 13:29:54.423 [main] DEBUG o.s.s.w.c.HttpSessionSecurityContextRepository - Created HttpSession as SecurityContext is non-default
2026-07-07 13:29:54.424 [main] DEBUG o.s.s.w.c.HttpSessionSecurityContextRepository - Stored SecurityContextImpl [Authentication=UsernamePasswordAuthenticationToken [Principal=org.springframework.security.core.userdetails.User [Username=user, Password=[PROTECTED], Enabled=true, AccountNonExpired=true, CredentialsNonExpired=true, AccountNonLocked=true, Granted Authorities=[ROLE_ADMIN]], Credentials=[PROTECTED], Authenticated=true, Details=null, Granted Authorities=[ROLE_ADMIN]]] to HttpSession [org.springframework.mock.web.MockHttpSession@484bd339]
2026-07-07 13:29:54.424 [main] DEBUG o.s.security.web.FilterChainProxy - Securing GET /admin/technicians/delete/1
2026-07-07 13:29:54.425 [main] DEBUG o.s.s.w.c.HttpSessionSecurityContextRepository - Retrieved SecurityContextImpl [Authentication=UsernamePasswordAuthenticationToken [Principal=org.springframework.security.core.userdetails.User [Username=user, Password=[PROTECTED], Enabled=true, AccountNonExpired=true, CredentialsNonExpired=true, AccountNonLocked=true, Granted Authorities=[ROLE_ADMIN]], Credentials=[PROTECTED], Authenticated=true, Details=null, Granted Authorities=[ROLE_ADMIN]]]
2026-07-07 13:29:54.425 [main] DEBUG o.s.security.web.FilterChainProxy - Secured GET /admin/technicians/delete/1
2026-07-07 13:29:54.434 [main] DEBUG o.s.s.w.c.HttpSessionSecurityContextRepository - Created HttpSession as SecurityContext is non-default
2026-07-07 13:29:54.434 [main] DEBUG o.s.s.w.c.HttpSessionSecurityContextRepository - Stored SecurityContextImpl [Authentication=UsernamePasswordAuthenticationToken [Principal=org.springframework.security.core.userdetails.User [Username=user, Password=[PROTECTED], Enabled=true, AccountNonExpired=true, CredentialsNonExpired=true, AccountNonLocked=true, Granted Authorities=[ROLE_ADMIN]], Credentials=[PROTECTED], Authenticated=true, Details=null, Granted Authorities=[ROLE_ADMIN]]] to HttpSession [org.springframework.mock.web.MockHttpSession@55f02b32]
2026-07-07 13:29:54.436 [main] DEBUG o.s.security.web.FilterChainProxy - Securing GET /admin/users
2026-07-07 13:29:54.436 [main] DEBUG o.s.s.w.c.HttpSessionSecurityContextRepository - Retrieved SecurityContextImpl [Authentication=UsernamePasswordAuthenticationToken [Principal=org.springframework.security.core.userdetails.User [Username=user, Password=[PROTECTED], Enabled=true, AccountNonExpired=true, CredentialsNonExpired=true, AccountNonLocked=true, Granted Authorities=[ROLE_ADMIN]], Credentials=[PROTECTED], Authenticated=true, Details=null, Granted Authorities=[ROLE_ADMIN]]]
2026-07-07 13:29:54.436 [main] DEBUG o.s.security.web.FilterChainProxy - Secured GET /admin/users
2026-07-07 13:29:54.462 [main] INFO  o.s.t.c.s.AnnotationConfigContextLoaderUtils - Could not detect default configuration classes for test class [com.itsm.incidentmanagement.IncidentManagementApplicationTests]: IncidentManagementApplicationTests does not declare any static, non-private, non-final, nested classes annotated with @Configuration.
2026-07-07 13:29:54.481 [main] INFO  o.s.b.t.c.SpringBootTestContextBootstrapper - Found @SpringBootConfiguration com.itsm.incidentmanagement.IncidentManagementApplication for test class com.itsm.incidentmanagement.IncidentManagementApplicationTests
2026-07-07 13:29:54.515 [main] INFO  c.i.i.IncidentManagementApplicationTests - Starting IncidentManagementApplicationTests using Java 21.0.10 with PID 23244 (started by Usuario in C:\Users\Usuario\Documents\Tecnisign\UFCD 10790 – Projeto de Programação\incident-management)
2026-07-07 13:29:54.516 [main] DEBUG c.i.i.IncidentManagementApplicationTests - Running with Spring Boot v3.5.14, Spring v6.2.18
2026-07-07 13:29:54.516 [main] INFO  c.i.i.IncidentManagementApplicationTests - No active profile set, falling back to 1 default profile: "default"
2026-07-07 13:29:55.442 [main] INFO  o.s.d.r.c.RepositoryConfigurationDelegate - Bootstrapping Spring Data JPA repositories in DEFAULT mode.
2026-07-07 13:29:55.514 [main] INFO  o.s.d.r.c.RepositoryConfigurationDelegate - Finished Spring Data repository scanning in 60 ms. Found 5 JPA repository interfaces.
2026-07-07 13:29:55.891 [main] INFO  o.h.jpa.internal.util.LogHelper - HHH000204: Processing PersistenceUnitInfo [name: default]
2026-07-07 13:29:55.990 [main] INFO  org.hibernate.Version - HHH000412: Hibernate ORM core version 6.6.49.Final
2026-07-07 13:29:56.049 [main] INFO  o.h.c.i.RegionFactoryInitiator - HHH000026: Second-level cache disabled
2026-07-07 13:29:56.379 [main] INFO  o.s.o.j.p.SpringPersistenceUnitInfo - No LoadTimeWeaver setup: ignoring JPA class transformer
2026-07-07 13:29:56.434 [main] INFO  com.zaxxer.hikari.HikariDataSource - HikariPool-1 - Starting...
2026-07-07 13:29:56.625 [main] INFO  com.zaxxer.hikari.pool.HikariPool - HikariPool-1 - Added connection org.postgresql.jdbc.PgConnection@7532c8a8
2026-07-07 13:29:56.628 [main] INFO  com.zaxxer.hikari.HikariDataSource - HikariPool-1 - Start completed.
2026-07-07 13:29:56.682 [main] WARN  org.hibernate.orm.deprecation - HHH90000025: PostgreSQLDialect does not need to be specified explicitly using 'hibernate.dialect' (remove the property setting and it will be selected by default)
2026-07-07 13:29:56.715 [main] INFO  o.hibernate.orm.connections.pooling - HHH10001005: Database info:
	Database JDBC URL [Connecting through datasource 'HikariDataSource (HikariPool-1)']
	Database driver: undefined/unknown
	Database version: 15.18
	Autocommit mode: undefined/unknown
	Isolation level: undefined/unknown
	Minimum pool size: undefined/unknown
	Maximum pool size: undefined/unknown
2026-07-07 13:29:58.127 [main] INFO  o.h.e.t.j.p.i.JtaPlatformInitiator - HHH000489: No JTA platform available (set 'hibernate.transaction.jta.platform' to enable JTA platform integration)
2026-07-07 13:29:58.283 [main] INFO  o.s.o.j.LocalContainerEntityManagerFactoryBean - Initialized JPA EntityManagerFactory for persistence unit 'default'
2026-07-07 13:29:58.734 [main] INFO  c.i.i.s.s.CustomUserDetailsService - CustomUserDetailsService inicializado!
2026-07-07 13:29:58.734 [main] INFO  c.i.i.s.f.JwtAuthenticationFilter - JwtAuthenticationFilter inicializado!
2026-07-07 13:29:58.735 [main] INFO  c.i.i.security.config.SecurityConfig - SecurityConfig inicializado!
2026-07-07 13:29:58.735 [main] DEBUG c.i.i.security.config.SecurityConfig - PasswordEncoder BCrypt criado
2026-07-07 13:29:58.737 [main] INFO  c.i.i.controller.ApiAuthController - ApiAuthController inicializado
2026-07-07 13:29:58.757 [main] INFO  c.i.i.c.CompetenciaWebController - CompetenciaWebController inicializado
2026-07-07 13:29:58.910 [main] DEBUG org.hibernate.SQL - 
    select
        t1_0.id,
        t1_0.carga_trabalho_atual,
        t1_0.disponibilidade,
        t1_0.utilizador_id 
    from
        tecnico t1_0
2026-07-07 13:29:58.959 [main] DEBUG org.hibernate.SQL - 
    select
        u1_0.id,
        u1_0.created_at,
        u1_0.email,
        u1_0.nome,
        u1_0.password_hash,
        u1_0.role,
        u1_0.username 
    from
        utilizador u1_0 
    where
        u1_0.id=?
2026-07-07 13:29:58.970 [main] DEBUG org.hibernate.SQL - 
    select
        u1_0.id,
        u1_0.created_at,
        u1_0.email,
        u1_0.nome,
        u1_0.password_hash,
        u1_0.role,
        u1_0.username 
    from
        utilizador u1_0 
    where
        u1_0.id=?
2026-07-07 13:29:58.974 [main] DEBUG org.hibernate.SQL - 
    select
        c1_0.tecnico_id,
        c1_1.id,
        c1_1.nome 
    from
        tecnico_competencia c1_0 
    join
        competencia c1_1 
            on c1_1.id=c1_0.competencia_id 
    where
        c1_0.tecnico_id=?
2026-07-07 13:29:58.980 [main] DEBUG org.hibernate.SQL - 
    select
        c1_0.tecnico_id,
        c1_1.id,
        c1_1.nome 
    from
        tecnico_competencia c1_0 
    join
        competencia c1_1 
            on c1_1.id=c1_0.competencia_id 
    where
        c1_0.tecnico_id=?
2026-07-07 13:29:59.051 [main] INFO  c.i.i.service.CacheService -    Técnico carregado: Carlos Soares | Competências: 7
2026-07-07 13:29:59.051 [main] INFO  c.i.i.service.CacheService -    Técnico carregado: Joao Tecnico | Competências: 8
2026-07-07 13:29:59.053 [main] DEBUG org.hibernate.SQL - 
    select
        t1_0.id,
        t1_0.aberto_por_id,
        t1_0.ativo_id,
        t1_0.data_abertura,
        t1_0.data_fecho,
        t1_0.descricao,
        t1_0.estado,
        t1_0.prioridade,
        t1_0.tecnico_id,
        t1_0.tipo,
        t1_0.titulo 
    from
        ticket t1_0
2026-07-07 13:29:59.055 [main] DEBUG org.hibernate.SQL - 
    select
        u1_0.id,
        u1_0.created_at,
        u1_0.email,
        u1_0.nome,
        u1_0.password_hash,
        u1_0.role,
        u1_0.username 
    from
        utilizador u1_0 
    where
        u1_0.id=?
2026-07-07 13:29:59.057 [main] DEBUG org.hibernate.SQL - 
    select
        t1_0.id,
        t1_0.carga_trabalho_atual,
        c1_0.tecnico_id,
        c1_1.id,
        c1_1.nome,
        t1_0.disponibilidade,
        t1_0.utilizador_id,
        u1_0.id,
        u1_0.created_at,
        u1_0.email,
        u1_0.nome,
        u1_0.password_hash,
        u1_0.role,
        u1_0.username 
    from
        tecnico t1_0 
    left join
        tecnico_competencia c1_0 
            on t1_0.id=c1_0.tecnico_id 
    left join
        competencia c1_1 
            on c1_1.id=c1_0.competencia_id 
    join
        utilizador u1_0 
            on u1_0.id=t1_0.utilizador_id 
    where
        t1_0.id=?
2026-07-07 13:29:59.062 [main] DEBUG org.hibernate.SQL - 
    select
        u1_0.id,
        u1_0.created_at,
        u1_0.email,
        u1_0.nome,
        u1_0.password_hash,
        u1_0.role,
        u1_0.username 
    from
        utilizador u1_0 
    where
        u1_0.id=?
2026-07-07 13:29:59.064 [main] DEBUG org.hibernate.SQL - 
    select
        t1_0.id,
        t1_0.carga_trabalho_atual,
        c1_0.tecnico_id,
        c1_1.id,
        c1_1.nome,
        t1_0.disponibilidade,
        t1_0.utilizador_id,
        u1_0.id,
        u1_0.created_at,
        u1_0.email,
        u1_0.nome,
        u1_0.password_hash,
        u1_0.role,
        u1_0.username 
    from
        tecnico t1_0 
    left join
        tecnico_competencia c1_0 
            on t1_0.id=c1_0.tecnico_id 
    left join
        competencia c1_1 
            on c1_1.id=c1_0.competencia_id 
    join
        utilizador u1_0 
            on u1_0.id=t1_0.utilizador_id 
    where
        t1_0.id=?
2026-07-07 13:29:59.069 [main] INFO  c.i.i.service.CacheService - Cache carregado: 2 técnicos, 12 tickets
2026-07-07 13:29:59.094 [main] INFO  c.i.i.controller.WebController - WebController carregado com sucesso
2026-07-07 13:29:59.390 [main] INFO  o.s.b.a.e.web.EndpointLinksResolver - Exposing 3 endpoints beneath base path '/actuator'
2026-07-07 13:29:59.415 [main] WARN  o.s.b.a.o.j.JpaBaseConfiguration$JpaWebConfiguration - spring.jpa.open-in-view is enabled by default. Therefore, database queries may be performed during view rendering. Explicitly configure spring.jpa.open-in-view to disable this warning
2026-07-07 13:29:59.425 [main] INFO  o.s.b.a.w.s.WelcomePageHandlerMapping - Adding welcome page: class path resource [static/index.html]
2026-07-07 13:29:59.518 [main] INFO  o.s.s.c.a.a.c.InitializeUserDetailsBeanManagerConfigurer$InitializeUserDetailsManagerConfigurer - Global AuthenticationManager configured with UserDetailsService bean with name customUserDetailsService
2026-07-07 13:29:59.520 [main] INFO  c.i.i.security.config.SecurityConfig - Modo seguranÃ§a ativado (JWT + Web)
2026-07-07 13:29:59.555 [main] DEBUG o.s.s.web.DefaultSecurityFilterChain - Will secure any request with filters: DisableEncodeUrlFilter, WebAsyncManagerIntegrationFilter, SecurityContextHolderFilter, HeaderWriterFilter, CorsFilter, CsrfFilter, LogoutFilter, JwtAuthenticationFilter, UsernamePasswordAuthenticationFilter, RequestCacheAwareFilter, SecurityContextHolderAwareRequestFilter, AnonymousAuthenticationFilter, SessionManagementFilter, ExceptionTranslationFilter, AuthorizationFilter
2026-07-07 13:29:59.964 [main] INFO  c.i.i.IncidentManagementApplicationTests - Started IncidentManagementApplicationTests in 5.475 seconds (process running for 14.778)
2026-07-07 13:30:00.116 [main] INFO  AUDIT - TICKET_CREATE | TicketId: 1 | Titulo: Problema de rede | UserId: 9 | Status: ABERTO
2026-07-07 13:30:00.125 [main] ERROR AUDIT - ERROR | Operation: ATRIBUICAO | Message: Erro ao atribuir | Details: Detalhes do erro
2026-07-07 13:30:00.128 [main] INFO  AUDIT - LOGIN | Username: admin | Success: true | IP: 127.0.0.1
2026-07-07 13:30:00.134 [main] INFO  AUDIT - TICKET_STATE_CHANGE | TicketId: 1 | OldState: ABERTO | NewState: EM_CURSO | UserId: 9
2026-07-07 13:30:00.138 [main] INFO  AUDIT - TICKET_ASSIGN | TicketId: 1 | TecnicoId: 1 | AssignedBy: 9
2026-07-07 13:30:00.624 [main] INFO  c.i.i.s.TicketAssignmentService - ========================================
2026-07-07 13:30:00.624 [main] INFO  c.i.i.s.TicketAssignmentService - A atribuir técnico para ticket: Problema de rede
2026-07-07 13:30:00.624 [main] INFO  c.i.i.s.TicketAssignmentService - ========================================
2026-07-07 13:30:00.624 [main] DEBUG c.i.i.s.TicketAssignmentService - Total de técnicos na cache: 2
2026-07-07 13:30:00.625 [main] DEBUG c.i.i.s.TicketAssignmentService - Palavras-chave extraídas: [rede, intermitente, acesso, problema, internet]
2026-07-07 13:30:00.625 [main] DEBUG c.i.i.s.TicketAssignmentService -    Joao Tecnico | Competências: Servidores, PostgreSQL | Carga: 1
2026-07-07 13:30:00.625 [main] DEBUG c.i.i.s.TicketAssignmentService -    Maria Tecnico | Competências: Redes, Linux | Carga: 0
2026-07-07 13:30:00.627 [main] DEBUG c.i.i.s.TicketAssignmentService - Técnicos com competências relevantes: 1
2026-07-07 13:30:00.627 [main] DEBUG c.i.i.s.TicketAssignmentService - Dia atual: TUESDAY | Hora: 13:30:00.627485400
2026-07-07 13:30:00.648 [main] DEBUG c.i.i.s.TicketAssignmentService - Técnicos disponíveis (horário): 1
2026-07-07 13:30:00.649 [main] INFO  c.i.i.s.TicketAssignmentService - Técnico ESCOLHIDO: Maria Tecnico (carga atual: 0)
2026-07-07 13:30:00.650 [main] INFO  c.i.i.s.TicketAssignmentService - ========================================
2026-07-07 13:30:00.652 [main] INFO  c.i.i.s.TicketAssignmentService - ========================================
2026-07-07 13:30:00.653 [main] INFO  c.i.i.s.TicketAssignmentService - A atribuir técnico para ticket: Problema de impressora
2026-07-07 13:30:00.653 [main] INFO  c.i.i.s.TicketAssignmentService - ========================================
2026-07-07 13:30:00.653 [main] DEBUG c.i.i.s.TicketAssignmentService - Total de técnicos na cache: 2
2026-07-07 13:30:00.653 [main] DEBUG c.i.i.s.TicketAssignmentService - Palavras-chave extraídas: [imprime, problema, nao, impressora]
2026-07-07 13:30:00.654 [main] DEBUG c.i.i.s.TicketAssignmentService -    Joao Tecnico | Competências: Servidores, PostgreSQL | Carga: 0
2026-07-07 13:30:00.654 [main] DEBUG c.i.i.s.TicketAssignmentService -    Maria Tecnico | Competências: Redes, Linux | Carga: 0
2026-07-07 13:30:00.654 [main] DEBUG c.i.i.s.TicketAssignmentService - Técnicos com competências relevantes: 0
2026-07-07 13:30:00.654 [main] DEBUG c.i.i.s.TicketAssignmentService - Nenhum técnico com competências relevantes!
2026-07-07 13:30:00.658 [main] INFO  c.i.i.s.TicketAssignmentService - ========================================
2026-07-07 13:30:00.658 [main] INFO  c.i.i.s.TicketAssignmentService - A atribuir técnico para ticket: Problema de rede
2026-07-07 13:30:00.658 [main] INFO  c.i.i.s.TicketAssignmentService - ========================================
2026-07-07 13:30:00.658 [main] DEBUG c.i.i.s.TicketAssignmentService - Total de técnicos na cache: 0
2026-07-07 13:30:00.658 [main] DEBUG c.i.i.s.TicketAssignmentService - Nenhum técnico encontrado na cache! A recarregar...
2026-07-07 13:30:00.659 [main] DEBUG c.i.i.s.TicketAssignmentService - Após recarregar: 0 técnicos
2026-07-07 13:30:00.659 [main] DEBUG c.i.i.s.TicketAssignmentService - Continua sem técnicos! Verificar base de dados.
2026-07-07 13:30:00.661 [main] INFO  c.i.i.s.TicketAssignmentService - ========================================
2026-07-07 13:30:00.662 [main] INFO  c.i.i.s.TicketAssignmentService - A atribuir técnico para ticket: Problema de rede
2026-07-07 13:30:00.662 [main] INFO  c.i.i.s.TicketAssignmentService - ========================================
2026-07-07 13:30:00.663 [main] DEBUG c.i.i.s.TicketAssignmentService - Total de técnicos na cache: 2
2026-07-07 13:30:00.663 [main] DEBUG c.i.i.s.TicketAssignmentService - Palavras-chave extraídas: [rede, intermitente, acesso, problema, internet]
2026-07-07 13:30:00.663 [main] DEBUG c.i.i.s.TicketAssignmentService -    Joao Tecnico | Competências: Servidores, PostgreSQL | Carga: 0
2026-07-07 13:30:00.663 [main] DEBUG c.i.i.s.TicketAssignmentService -    Maria Tecnico | Competências: Linux, Redes | Carga: 0
2026-07-07 13:30:00.663 [main] DEBUG c.i.i.s.TicketAssignmentService - Técnicos com competências relevantes: 1
2026-07-07 13:30:00.663 [main] DEBUG c.i.i.s.TicketAssignmentService - Dia atual: TUESDAY | Hora: 13:30:00.663873100
2026-07-07 13:30:00.664 [main] DEBUG c.i.i.s.TicketAssignmentService - Técnicos disponíveis (horário): 1
2026-07-07 13:30:00.664 [main] INFO  c.i.i.s.TicketAssignmentService - Técnico ESCOLHIDO: Maria Tecnico (carga atual: 0)
2026-07-07 13:30:00.665 [main] INFO  c.i.i.s.TicketAssignmentService - ========================================
2026-07-07 13:30:00.720 [main] INFO  c.i.i.service.TicketService - AUDIT - Criação de ticket: Teste
2026-07-07 13:30:00.721 [main] INFO  c.i.i.service.TicketService - ✅ AUDIT - Ticket 1 atribuído ao técnico 1 (carga: 1)
2026-07-07 13:30:00.722 [main] INFO  c.i.i.service.TicketService - AUDIT - Ticket criado com ID: 1
2026-07-07 13:30:00.727 [main] INFO  c.i.i.service.TicketService - AUDIT - Criação de ticket: Teste
2026-07-07 13:30:00.727 [main] INFO  c.i.i.service.TicketService - ✅ AUDIT - Ticket 1 atribuído ao técnico 1 (carga: 1)
2026-07-07 13:30:00.728 [main] INFO  c.i.i.service.TicketService - AUDIT - Ticket criado com ID: 1
2026-07-07 13:30:00.733 [main] INFO  c.i.i.service.TicketService - AUDIT - Atualizando estado do ticket 1 para RESOLVIDO
2026-07-07 13:30:00.734 [main] INFO  c.i.i.service.TicketService - AUDIT - Carga do técnico 1 reduzida para 0
2026-07-07 13:30:00.734 [main] INFO  c.i.i.service.TicketService - AUDIT - Ticket 1 resolvido em 2026-07-07T13:30:00.734887600
2026-07-07 13:30:00.757 [main] INFO  c.i.i.service.UtilizadorService - Utilizador 9 removido com sucesso!
2026-07-07 13:30:00.797 [SpringApplicationShutdownHook] INFO  o.s.o.j.LocalContainerEntityManagerFactoryBean - Closing JPA EntityManagerFactory for persistence unit 'default'
2026-07-07 13:30:01.006 [SpringApplicationShutdownHook] INFO  com.zaxxer.hikari.HikariDataSource - HikariPool-1 - Shutdown initiated...
2026-07-07 13:30:01.008 [SpringApplicationShutdownHook] INFO  com.zaxxer.hikari.HikariDataSource - HikariPool-1 - Shutdown completed.
2026-07-07 13:30:30.266 [main] INFO  o.s.b.a.l.ConditionEvaluationReportLogger - 

Error starting ApplicationContext. To display the condition evaluation report re-run your application with 'debug' enabled.
2026-07-07 13:30:30.267 [SpringApplicationShutdownHook] INFO  o.s.b.w.e.tomcat.GracefulShutdown - Commencing graceful shutdown. Waiting for active requests to complete
2026-07-07 13:30:30.273 [tomcat-shutdown] INFO  o.s.b.w.e.tomcat.GracefulShutdown - Graceful shutdown complete
2026-07-07 13:30:30.280 [SpringApplicationShutdownHook] INFO  o.s.o.j.LocalContainerEntityManagerFactoryBean - Closing JPA EntityManagerFactory for persistence unit 'default'
2026-07-07 13:30:30.282 [SpringApplicationShutdownHook] INFO  com.zaxxer.hikari.HikariDataSource - HikariPool-1 - Shutdown initiated...
2026-07-07 13:30:30.285 [SpringApplicationShutdownHook] INFO  com.zaxxer.hikari.HikariDataSource - HikariPool-1 - Shutdown completed.
2026-07-07 13:30:40.520 [background-preinit] INFO  o.h.validator.internal.util.Version - HV000001: Hibernate Validator 8.0.3.Final
2026-07-07 13:30:40.571 [main] INFO  c.i.i.IncidentManagementApplication - Starting IncidentManagementApplication using Java 21.0.10 with PID 5612 (C:\Users\Usuario\Documents\Tecnisign\UFCD 10790 – Projeto de Programação\incident-management\target\classes started by Usuario in C:\Users\Usuario\Documents\Tecnisign\UFCD 10790 – Projeto de Programação\incident-management)
2026-07-07 13:30:40.572 [main] DEBUG c.i.i.IncidentManagementApplication - Running with Spring Boot v3.5.14, Spring v6.2.18
2026-07-07 13:30:40.573 [main] INFO  c.i.i.IncidentManagementApplication - The following 1 profile is active: "console"
2026-07-07 13:30:41.634 [main] INFO  o.s.d.r.c.RepositoryConfigurationDelegate - Bootstrapping Spring Data JPA repositories in DEFAULT mode.
2026-07-07 13:30:41.695 [main] INFO  o.s.d.r.c.RepositoryConfigurationDelegate - Finished Spring Data repository scanning in 52 ms. Found 5 JPA repository interfaces.
2026-07-07 13:30:42.147 [main] INFO  o.s.b.w.e.tomcat.TomcatWebServer - Tomcat initialized with port 8080 (http)
2026-07-07 13:30:42.158 [main] INFO  o.a.coyote.http11.Http11NioProtocol - Initializing ProtocolHandler ["http-nio-8080"]
2026-07-07 13:30:42.160 [main] INFO  o.a.catalina.core.StandardService - Starting service [Tomcat]
2026-07-07 13:30:42.160 [main] INFO  o.a.catalina.core.StandardEngine - Starting Servlet engine: [Apache Tomcat/10.1.54]
2026-07-07 13:30:42.213 [main] INFO  o.a.c.c.C.[Tomcat].[localhost].[/] - Initializing Spring embedded WebApplicationContext
2026-07-07 13:30:42.214 [main] INFO  o.s.b.w.s.c.ServletWebServerApplicationContext - Root WebApplicationContext: initialization completed in 1604 ms
2026-07-07 13:30:42.409 [main] INFO  o.h.jpa.internal.util.LogHelper - HHH000204: Processing PersistenceUnitInfo [name: default]
2026-07-07 13:30:42.451 [main] INFO  org.hibernate.Version - HHH000412: Hibernate ORM core version 6.6.49.Final
2026-07-07 13:30:42.482 [main] INFO  o.h.c.i.RegionFactoryInitiator - HHH000026: Second-level cache disabled
2026-07-07 13:30:42.717 [main] INFO  o.s.o.j.p.SpringPersistenceUnitInfo - No LoadTimeWeaver setup: ignoring JPA class transformer
2026-07-07 13:30:42.748 [main] INFO  com.zaxxer.hikari.HikariDataSource - HikariPool-1 - Starting...
2026-07-07 13:30:42.866 [main] INFO  com.zaxxer.hikari.pool.HikariPool - HikariPool-1 - Added connection org.postgresql.jdbc.PgConnection@7a021f49
2026-07-07 13:30:42.869 [main] INFO  com.zaxxer.hikari.HikariDataSource - HikariPool-1 - Start completed.
2026-07-07 13:30:42.905 [main] WARN  org.hibernate.orm.deprecation - HHH90000025: PostgreSQLDialect does not need to be specified explicitly using 'hibernate.dialect' (remove the property setting and it will be selected by default)
2026-07-07 13:30:42.926 [main] INFO  o.hibernate.orm.connections.pooling - HHH10001005: Database info:
	Database JDBC URL [Connecting through datasource 'HikariDataSource (HikariPool-1)']
	Database driver: undefined/unknown
	Database version: 15.18
	Autocommit mode: undefined/unknown
	Isolation level: undefined/unknown
	Minimum pool size: undefined/unknown
	Maximum pool size: undefined/unknown
2026-07-07 13:30:43.918 [main] INFO  o.h.e.t.j.p.i.JtaPlatformInitiator - HHH000489: No JTA platform available (set 'hibernate.transaction.jta.platform' to enable JTA platform integration)
2026-07-07 13:30:44.063 [main] INFO  o.s.o.j.LocalContainerEntityManagerFactoryBean - Initialized JPA EntityManagerFactory for persistence unit 'default'
2026-07-07 13:30:44.306 [main] INFO  c.i.i.s.s.CustomUserDetailsService - CustomUserDetailsService inicializado!
2026-07-07 13:30:44.306 [main] INFO  c.i.i.s.f.JwtAuthenticationFilter - JwtAuthenticationFilter inicializado!
2026-07-07 13:30:44.346 [main] DEBUG c.i.i.s.f.JwtAuthenticationFilter - Filter 'jwtAuthenticationFilter' configured for use
2026-07-07 13:30:44.531 [main] DEBUG org.hibernate.SQL - 
    select
        t1_0.id,
        t1_0.carga_trabalho_atual,
        t1_0.disponibilidade,
        t1_0.utilizador_id 
    from
        tecnico t1_0
2026-07-07 13:30:44.568 [main] DEBUG org.hibernate.SQL - 
    select
        u1_0.id,
        u1_0.created_at,
        u1_0.email,
        u1_0.nome,
        u1_0.password_hash,
        u1_0.role,
        u1_0.username 
    from
        utilizador u1_0 
    where
        u1_0.id=?
2026-07-07 13:30:44.577 [main] DEBUG org.hibernate.SQL - 
    select
        u1_0.id,
        u1_0.created_at,
        u1_0.email,
        u1_0.nome,
        u1_0.password_hash,
        u1_0.role,
        u1_0.username 
    from
        utilizador u1_0 
    where
        u1_0.id=?
2026-07-07 13:30:44.580 [main] DEBUG org.hibernate.SQL - 
    select
        c1_0.tecnico_id,
        c1_1.id,
        c1_1.nome 
    from
        tecnico_competencia c1_0 
    join
        competencia c1_1 
            on c1_1.id=c1_0.competencia_id 
    where
        c1_0.tecnico_id=?
2026-07-07 13:30:44.584 [main] DEBUG org.hibernate.SQL - 
    select
        c1_0.tecnico_id,
        c1_1.id,
        c1_1.nome 
    from
        tecnico_competencia c1_0 
    join
        competencia c1_1 
            on c1_1.id=c1_0.competencia_id 
    where
        c1_0.tecnico_id=?
2026-07-07 13:30:44.604 [main] INFO  c.i.i.service.CacheService -    Técnico carregado: Carlos Soares | Competências: 7
2026-07-07 13:30:44.604 [main] INFO  c.i.i.service.CacheService -    Técnico carregado: Joao Tecnico | Competências: 8
2026-07-07 13:30:44.607 [main] DEBUG org.hibernate.SQL - 
    select
        t1_0.id,
        t1_0.aberto_por_id,
        t1_0.ativo_id,
        t1_0.data_abertura,
        t1_0.data_fecho,
        t1_0.descricao,
        t1_0.estado,
        t1_0.prioridade,
        t1_0.tecnico_id,
        t1_0.tipo,
        t1_0.titulo 
    from
        ticket t1_0
2026-07-07 13:30:44.610 [main] DEBUG org.hibernate.SQL - 
    select
        u1_0.id,
        u1_0.created_at,
        u1_0.email,
        u1_0.nome,
        u1_0.password_hash,
        u1_0.role,
        u1_0.username 
    from
        utilizador u1_0 
    where
        u1_0.id=?
2026-07-07 13:30:44.612 [main] DEBUG org.hibernate.SQL - 
    select
        t1_0.id,
        t1_0.carga_trabalho_atual,
        c1_0.tecnico_id,
        c1_1.id,
        c1_1.nome,
        t1_0.disponibilidade,
        t1_0.utilizador_id,
        u1_0.id,
        u1_0.created_at,
        u1_0.email,
        u1_0.nome,
        u1_0.password_hash,
        u1_0.role,
        u1_0.username 
    from
        tecnico t1_0 
    left join
        tecnico_competencia c1_0 
            on t1_0.id=c1_0.tecnico_id 
    left join
        competencia c1_1 
            on c1_1.id=c1_0.competencia_id 
    join
        utilizador u1_0 
            on u1_0.id=t1_0.utilizador_id 
    where
        t1_0.id=?
2026-07-07 13:30:44.618 [main] DEBUG org.hibernate.SQL - 
    select
        u1_0.id,
        u1_0.created_at,
        u1_0.email,
        u1_0.nome,
        u1_0.password_hash,
        u1_0.role,
        u1_0.username 
    from
        utilizador u1_0 
    where
        u1_0.id=?
2026-07-07 13:30:44.620 [main] DEBUG org.hibernate.SQL - 
    select
        t1_0.id,
        t1_0.carga_trabalho_atual,
        c1_0.tecnico_id,
        c1_1.id,
        c1_1.nome,
        t1_0.disponibilidade,
        t1_0.utilizador_id,
        u1_0.id,
        u1_0.created_at,
        u1_0.email,
        u1_0.nome,
        u1_0.password_hash,
        u1_0.role,
        u1_0.username 
    from
        tecnico t1_0 
    left join
        tecnico_competencia c1_0 
            on t1_0.id=c1_0.tecnico_id 
    left join
        competencia c1_1 
            on c1_1.id=c1_0.competencia_id 
    join
        utilizador u1_0 
            on u1_0.id=t1_0.utilizador_id 
    where
        t1_0.id=?
2026-07-07 13:30:44.626 [main] INFO  c.i.i.service.CacheService - Cache carregado: 2 técnicos, 12 tickets
2026-07-07 13:30:44.710 [main] INFO  c.i.i.security.config.SecurityConfig - SecurityConfig inicializado!
2026-07-07 13:30:44.711 [main] DEBUG c.i.i.security.config.SecurityConfig - PasswordEncoder BCrypt criado
2026-07-07 13:30:44.713 [main] INFO  c.i.i.controller.ApiAuthController - ApiAuthController inicializado
2026-07-07 13:30:44.720 [main] INFO  c.i.i.c.CompetenciaWebController - CompetenciaWebController inicializado
2026-07-07 13:30:44.727 [main] INFO  c.i.i.controller.WebController - WebController carregado com sucesso
2026-07-07 13:30:44.932 [main] INFO  o.s.b.a.e.web.EndpointLinksResolver - Exposing 3 endpoints beneath base path '/actuator'
2026-07-07 13:30:44.980 [main] WARN  o.s.b.a.o.j.JpaBaseConfiguration$JpaWebConfiguration - spring.jpa.open-in-view is enabled by default. Therefore, database queries may be performed during view rendering. Explicitly configure spring.jpa.open-in-view to disable this warning
2026-07-07 13:30:45.003 [main] INFO  o.s.b.a.w.s.WelcomePageHandlerMapping - Adding welcome page: class path resource [static/index.html]
2026-07-07 13:30:45.169 [main] INFO  o.s.s.c.a.a.c.InitializeUserDetailsBeanManagerConfigurer$InitializeUserDetailsManagerConfigurer - Global AuthenticationManager configured with UserDetailsService bean with name customUserDetailsService
2026-07-07 13:30:45.211 [main] INFO  c.i.i.security.config.SecurityConfig - Modo seguranÃ§a ativado (JWT + Web)
2026-07-07 13:30:45.280 [main] DEBUG o.s.s.web.DefaultSecurityFilterChain - Will secure any request with filters: DisableEncodeUrlFilter, WebAsyncManagerIntegrationFilter, SecurityContextHolderFilter, HeaderWriterFilter, CorsFilter, CsrfFilter, LogoutFilter, JwtAuthenticationFilter, UsernamePasswordAuthenticationFilter, RequestCacheAwareFilter, SecurityContextHolderAwareRequestFilter, AnonymousAuthenticationFilter, SessionManagementFilter, ExceptionTranslationFilter, AuthorizationFilter
2026-07-07 13:30:45.592 [main] INFO  o.a.coyote.http11.Http11NioProtocol - Starting ProtocolHandler ["http-nio-8080"]
2026-07-07 13:30:45.612 [main] INFO  o.s.b.w.e.tomcat.TomcatWebServer - Tomcat started on port 8080 (http) with context path '/'
2026-07-07 13:30:45.629 [main] INFO  c.i.i.IncidentManagementApplication - Started IncidentManagementApplication in 5.59 seconds (process running for 5.921)
2026-07-07 13:31:14.447 [http-nio-8080-exec-1] INFO  o.a.c.c.C.[Tomcat].[localhost].[/] - Initializing Spring DispatcherServlet 'dispatcherServlet'
2026-07-07 13:31:14.449 [http-nio-8080-exec-1] INFO  o.s.web.servlet.DispatcherServlet - Initializing Servlet 'dispatcherServlet'
2026-07-07 13:31:14.450 [http-nio-8080-exec-1] INFO  o.s.web.servlet.DispatcherServlet - Completed initialization in 1 ms
2026-07-07 13:31:14.475 [http-nio-8080-exec-1] DEBUG o.s.security.web.FilterChainProxy - Securing GET /admin/tickets
2026-07-07 13:31:14.490 [http-nio-8080-exec-1] DEBUG o.s.s.w.a.AnonymousAuthenticationFilter - Set SecurityContextHolder to anonymous SecurityContext
2026-07-07 13:31:14.492 [http-nio-8080-exec-1] DEBUG o.s.s.w.s.SessionManagementFilter - Request requested invalid session id D3B73738607DD48C4CDCB969513525DE
2026-07-07 13:31:14.518 [http-nio-8080-exec-1] DEBUG o.s.s.w.s.HttpSessionRequestCache - Saved request http://localhost:8080/admin/tickets?continue to session
2026-07-07 13:31:14.519 [http-nio-8080-exec-1] DEBUG o.s.s.web.DefaultRedirectStrategy - Redirecting to http://localhost:8080/login
2026-07-07 13:31:14.526 [http-nio-8080-exec-3] DEBUG o.s.security.web.FilterChainProxy - Securing GET /login
2026-07-07 13:31:14.528 [http-nio-8080-exec-3] DEBUG o.s.s.w.a.AnonymousAuthenticationFilter - Set SecurityContextHolder to anonymous SecurityContext
2026-07-07 13:31:14.530 [http-nio-8080-exec-3] DEBUG o.s.security.web.FilterChainProxy - Secured GET /login
2026-07-07 13:31:14.541 [http-nio-8080-exec-3] DEBUG c.i.i.controller.AuthController - Página de login acessada
2026-07-07 13:31:14.820 [http-nio-8080-exec-4] DEBUG o.s.security.web.FilterChainProxy - Securing GET /favicon.ico
2026-07-07 13:31:14.822 [http-nio-8080-exec-4] DEBUG o.s.s.w.a.AnonymousAuthenticationFilter - Set SecurityContextHolder to anonymous SecurityContext
2026-07-07 13:31:14.823 [http-nio-8080-exec-4] DEBUG o.s.security.web.FilterChainProxy - Secured GET /favicon.ico
2026-07-07 13:31:17.572 [http-nio-8080-exec-2] DEBUG o.s.security.web.FilterChainProxy - Securing POST /login
2026-07-07 13:31:17.657 [http-nio-8080-exec-2] DEBUG c.i.i.s.s.CustomUserDetailsService - Buscando utilizador: marcio_user
2026-07-07 13:31:17.701 [http-nio-8080-exec-2] DEBUG org.hibernate.SQL - 
    select
        u1_0.id,
        u1_0.created_at,
        u1_0.email,
        u1_0.nome,
        u1_0.password_hash,
        u1_0.role,
        u1_0.username 
    from
        utilizador u1_0 
    where
        u1_0.username=?
2026-07-07 13:31:17.706 [http-nio-8080-exec-2] DEBUG c.i.i.s.s.CustomUserDetailsService - Utilizador encontrado: marcio_user | Role: UTILIZADOR
2026-07-07 13:31:17.706 [http-nio-8080-exec-2] DEBUG c.i.i.s.s.CustomUserDetailsService - Password hash limpo para utilizador: marcio_user
2026-07-07 13:31:17.708 [http-nio-8080-exec-2] DEBUG c.i.i.s.service.CustomUserDetails - CustomUserDetails criado para: marcio_user
2026-07-07 13:31:17.708 [http-nio-8080-exec-2] DEBUG c.i.i.s.service.CustomUserDetails - Password hash retrieved
2026-07-07 13:31:17.777 [http-nio-8080-exec-2] DEBUG c.i.i.s.service.CustomUserDetails - GrantedAuthority: ROLE_UTILIZADOR
2026-07-07 13:31:17.777 [http-nio-8080-exec-2] DEBUG o.s.s.a.d.DaoAuthenticationProvider - Authenticated user
2026-07-07 13:31:17.777 [http-nio-8080-exec-2] DEBUG o.s.s.w.a.s.ChangeSessionIdAuthenticationStrategy - Changed session id from 0F8F2C4CC4F29634692619AF8712D6C3
2026-07-07 13:31:17.777 [http-nio-8080-exec-2] DEBUG o.s.s.w.c.CsrfAuthenticationStrategy - Replaced CSRF Token
2026-07-07 13:31:17.779 [http-nio-8080-exec-2] DEBUG o.s.s.w.c.HttpSessionSecurityContextRepository - Stored SecurityContextImpl [Authentication=UsernamePasswordAuthenticationToken [Principal=com.itsm.incidentmanagement.security.service.CustomUserDetails@f4fdb52, Credentials=[PROTECTED], Authenticated=true, Details=WebAuthenticationDetails [RemoteIpAddress=127.0.0.1, SessionId=0F8F2C4CC4F29634692619AF8712D6C3], Granted Authorities=[ROLE_UTILIZADOR]]] to HttpSession [org.apache.catalina.session.StandardSessionFacade@3b874937]
2026-07-07 13:31:17.779 [http-nio-8080-exec-2] DEBUG o.s.s.w.a.UsernamePasswordAuthenticationFilter - Set SecurityContextHolder to UsernamePasswordAuthenticationToken [Principal=com.itsm.incidentmanagement.security.service.CustomUserDetails@f4fdb52, Credentials=[PROTECTED], Authenticated=true, Details=WebAuthenticationDetails [RemoteIpAddress=127.0.0.1, SessionId=0F8F2C4CC4F29634692619AF8712D6C3], Granted Authorities=[ROLE_UTILIZADOR]]
2026-07-07 13:31:17.780 [http-nio-8080-exec-2] INFO  c.i.i.security.config.SecurityConfig - Redirecionando por role: ROLE_UTILIZADOR
2026-07-07 13:31:17.784 [http-nio-8080-exec-5] DEBUG o.s.security.web.FilterChainProxy - Securing GET /utilizador/dashboard
2026-07-07 13:31:17.784 [http-nio-8080-exec-5] DEBUG o.s.s.w.c.HttpSessionSecurityContextRepository - Retrieved SecurityContextImpl [Authentication=UsernamePasswordAuthenticationToken [Principal=com.itsm.incidentmanagement.security.service.CustomUserDetails@f4fdb52, Credentials=[PROTECTED], Authenticated=true, Details=WebAuthenticationDetails [RemoteIpAddress=127.0.0.1, SessionId=0F8F2C4CC4F29634692619AF8712D6C3], Granted Authorities=[ROLE_UTILIZADOR]]]
2026-07-07 13:31:17.786 [http-nio-8080-exec-5] DEBUG o.s.security.web.FilterChainProxy - Secured GET /utilizador/dashboard
2026-07-07 13:31:17.789 [http-nio-8080-exec-5] DEBUG org.hibernate.SQL - 
    select
        u1_0.id,
        u1_0.created_at,
        u1_0.email,
        u1_0.nome,
        u1_0.password_hash,
        u1_0.role,
        u1_0.username 
    from
        utilizador u1_0 
    where
        u1_0.username=?
2026-07-07 13:31:17.794 [http-nio-8080-exec-5] DEBUG org.hibernate.SQL - 
    select
        t1_0.id,
        t1_0.aberto_por_id,
        t1_0.ativo_id,
        t1_0.data_abertura,
        t1_0.data_fecho,
        t1_0.descricao,
        t1_0.estado,
        t1_0.prioridade,
        t1_0.tecnico_id,
        t1_0.tipo,
        t1_0.titulo 
    from
        ticket t1_0 
    left join
        utilizador ap1_0 
            on ap1_0.id=t1_0.aberto_por_id 
    where
        ap1_0.id=?
2026-07-07 13:31:17.797 [http-nio-8080-exec-5] DEBUG org.hibernate.SQL - 
    select
        t1_0.id,
        t1_0.carga_trabalho_atual,
        c1_0.tecnico_id,
        c1_1.id,
        c1_1.nome,
        t1_0.disponibilidade,
        t1_0.utilizador_id,
        u1_0.id,
        u1_0.created_at,
        u1_0.email,
        u1_0.nome,
        u1_0.password_hash,
        u1_0.role,
        u1_0.username 
    from
        tecnico t1_0 
    left join
        tecnico_competencia c1_0 
            on t1_0.id=c1_0.tecnico_id 
    left join
        competencia c1_1 
            on c1_1.id=c1_0.competencia_id 
    join
        utilizador u1_0 
            on u1_0.id=t1_0.utilizador_id 
    where
        t1_0.id=?
2026-07-07 13:31:17.800 [http-nio-8080-exec-5] DEBUG org.hibernate.SQL - 
    select
        t1_0.id,
        t1_0.carga_trabalho_atual,
        c1_0.tecnico_id,
        c1_1.id,
        c1_1.nome,
        t1_0.disponibilidade,
        t1_0.utilizador_id,
        u1_0.id,
        u1_0.created_at,
        u1_0.email,
        u1_0.nome,
        u1_0.password_hash,
        u1_0.role,
        u1_0.username 
    from
        tecnico t1_0 
    left join
        tecnico_competencia c1_0 
            on t1_0.id=c1_0.tecnico_id 
    left join
        competencia c1_1 
            on c1_1.id=c1_0.competencia_id 
    join
        utilizador u1_0 
            on u1_0.id=t1_0.utilizador_id 
    where
        t1_0.id=?
2026-07-07 13:31:17.858 [http-nio-8080-exec-9] DEBUG o.s.security.web.FilterChainProxy - Securing GET /favicon.ico
2026-07-07 13:31:17.859 [http-nio-8080-exec-9] DEBUG o.s.security.web.FilterChainProxy - Secured GET /favicon.ico
2026-07-07 13:31:17.865 [http-nio-8080-exec-9] DEBUG o.s.s.w.c.HttpSessionSecurityContextRepository - Retrieved SecurityContextImpl [Authentication=UsernamePasswordAuthenticationToken [Principal=com.itsm.incidentmanagement.security.service.CustomUserDetails@f4fdb52, Credentials=[PROTECTED], Authenticated=true, Details=WebAuthenticationDetails [RemoteIpAddress=127.0.0.1, SessionId=0F8F2C4CC4F29634692619AF8712D6C3], Granted Authorities=[ROLE_UTILIZADOR]]]
2026-07-07 13:31:19.128 [http-nio-8080-exec-10] DEBUG o.s.security.web.FilterChainProxy - Securing GET /utilizador/tickets
2026-07-07 13:31:19.130 [http-nio-8080-exec-10] DEBUG o.s.s.w.c.HttpSessionSecurityContextRepository - Retrieved SecurityContextImpl [Authentication=UsernamePasswordAuthenticationToken [Principal=com.itsm.incidentmanagement.security.service.CustomUserDetails@f4fdb52, Credentials=[PROTECTED], Authenticated=true, Details=WebAuthenticationDetails [RemoteIpAddress=127.0.0.1, SessionId=0F8F2C4CC4F29634692619AF8712D6C3], Granted Authorities=[ROLE_UTILIZADOR]]]
2026-07-07 13:31:19.131 [http-nio-8080-exec-10] DEBUG o.s.security.web.FilterChainProxy - Secured GET /utilizador/tickets
2026-07-07 13:31:19.132 [http-nio-8080-exec-10] DEBUG c.i.i.controller.DashboardController - A carregar tickets do utilizador: marcio_user
2026-07-07 13:31:19.134 [http-nio-8080-exec-10] DEBUG org.hibernate.SQL - 
    select
        u1_0.id,
        u1_0.created_at,
        u1_0.email,
        u1_0.nome,
        u1_0.password_hash,
        u1_0.role,
        u1_0.username 
    from
        utilizador u1_0 
    where
        u1_0.username=?
2026-07-07 13:31:19.137 [http-nio-8080-exec-10] DEBUG org.hibernate.SQL - 
    select
        t1_0.id,
        t1_0.aberto_por_id,
        t1_0.ativo_id,
        t1_0.data_abertura,
        t1_0.data_fecho,
        t1_0.descricao,
        t1_0.estado,
        t1_0.prioridade,
        t1_0.tecnico_id,
        t1_0.tipo,
        t1_0.titulo 
    from
        ticket t1_0 
    left join
        utilizador ap1_0 
            on ap1_0.id=t1_0.aberto_por_id 
    where
        ap1_0.id=?
2026-07-07 13:31:19.139 [http-nio-8080-exec-10] DEBUG org.hibernate.SQL - 
    select
        t1_0.id,
        t1_0.carga_trabalho_atual,
        c1_0.tecnico_id,
        c1_1.id,
        c1_1.nome,
        t1_0.disponibilidade,
        t1_0.utilizador_id,
        u1_0.id,
        u1_0.created_at,
        u1_0.email,
        u1_0.nome,
        u1_0.password_hash,
        u1_0.role,
        u1_0.username 
    from
        tecnico t1_0 
    left join
        tecnico_competencia c1_0 
            on t1_0.id=c1_0.tecnico_id 
    left join
        competencia c1_1 
            on c1_1.id=c1_0.competencia_id 
    join
        utilizador u1_0 
            on u1_0.id=t1_0.utilizador_id 
    where
        t1_0.id=?
2026-07-07 13:31:19.142 [http-nio-8080-exec-10] DEBUG org.hibernate.SQL - 
    select
        t1_0.id,
        t1_0.carga_trabalho_atual,
        c1_0.tecnico_id,
        c1_1.id,
        c1_1.nome,
        t1_0.disponibilidade,
        t1_0.utilizador_id,
        u1_0.id,
        u1_0.created_at,
        u1_0.email,
        u1_0.nome,
        u1_0.password_hash,
        u1_0.role,
        u1_0.username 
    from
        tecnico t1_0 
    left join
        tecnico_competencia c1_0 
            on t1_0.id=c1_0.tecnico_id 
    left join
        competencia c1_1 
            on c1_1.id=c1_0.competencia_id 
    join
        utilizador u1_0 
            on u1_0.id=t1_0.utilizador_id 
    where
        t1_0.id=?
2026-07-07 13:31:19.146 [http-nio-8080-exec-10] DEBUG c.i.i.controller.DashboardController - Total de tickets: 9
2026-07-07 13:31:25.904 [http-nio-8080-exec-8] DEBUG o.s.security.web.FilterChainProxy - Securing GET /logout
2026-07-07 13:31:25.906 [http-nio-8080-exec-8] DEBUG o.s.s.w.c.HttpSessionSecurityContextRepository - Retrieved SecurityContextImpl [Authentication=UsernamePasswordAuthenticationToken [Principal=com.itsm.incidentmanagement.security.service.CustomUserDetails@f4fdb52, Credentials=[PROTECTED], Authenticated=true, Details=WebAuthenticationDetails [RemoteIpAddress=127.0.0.1, SessionId=0F8F2C4CC4F29634692619AF8712D6C3], Granted Authorities=[ROLE_UTILIZADOR]]]
2026-07-07 13:31:25.906 [http-nio-8080-exec-8] DEBUG o.s.s.w.a.logout.LogoutFilter - Logging out [UsernamePasswordAuthenticationToken [Principal=com.itsm.incidentmanagement.security.service.CustomUserDetails@f4fdb52, Credentials=[PROTECTED], Authenticated=true, Details=WebAuthenticationDetails [RemoteIpAddress=127.0.0.1, SessionId=0F8F2C4CC4F29634692619AF8712D6C3], Granted Authorities=[ROLE_UTILIZADOR]]]
2026-07-07 13:31:25.907 [http-nio-8080-exec-8] DEBUG o.s.s.w.a.l.SecurityContextLogoutHandler - Invalidated session C59C0F4D75F9788396B2A9306D7C8451
2026-07-07 13:31:25.908 [http-nio-8080-exec-8] DEBUG o.s.s.web.DefaultRedirectStrategy - Redirecting to /login?logout=true
2026-07-07 13:31:25.912 [http-nio-8080-exec-6] DEBUG o.s.security.web.FilterChainProxy - Securing GET /login?logout=true
2026-07-07 13:31:25.913 [http-nio-8080-exec-6] DEBUG o.s.s.w.a.AnonymousAuthenticationFilter - Set SecurityContextHolder to anonymous SecurityContext
2026-07-07 13:31:25.913 [http-nio-8080-exec-6] DEBUG o.s.security.web.FilterChainProxy - Secured GET /login?logout=true
2026-07-07 13:31:25.915 [http-nio-8080-exec-6] DEBUG c.i.i.controller.AuthController - Página de login acessada
2026-07-07 13:31:25.958 [http-nio-8080-exec-7] DEBUG o.s.security.web.FilterChainProxy - Securing GET /favicon.ico
2026-07-07 13:31:25.959 [http-nio-8080-exec-7] DEBUG o.s.s.w.a.AnonymousAuthenticationFilter - Set SecurityContextHolder to anonymous SecurityContext
2026-07-07 13:31:25.959 [http-nio-8080-exec-7] DEBUG o.s.security.web.FilterChainProxy - Secured GET /favicon.ico
2026-07-07 13:31:28.857 [http-nio-8080-exec-1] DEBUG o.s.security.web.FilterChainProxy - Securing POST /login
2026-07-07 13:31:28.858 [http-nio-8080-exec-1] DEBUG c.i.i.s.s.CustomUserDetailsService - Buscando utilizador: admin
2026-07-07 13:31:28.860 [http-nio-8080-exec-1] DEBUG org.hibernate.SQL - 
    select
        u1_0.id,
        u1_0.created_at,
        u1_0.email,
        u1_0.nome,
        u1_0.password_hash,
        u1_0.role,
        u1_0.username 
    from
        utilizador u1_0 
    where
        u1_0.username=?
2026-07-07 13:31:28.862 [http-nio-8080-exec-1] DEBUG c.i.i.s.s.CustomUserDetailsService - Utilizador encontrado: admin | Role: ADMIN
2026-07-07 13:31:28.862 [http-nio-8080-exec-1] DEBUG c.i.i.s.s.CustomUserDetailsService - Password hash limpo para utilizador: admin
2026-07-07 13:31:28.863 [http-nio-8080-exec-1] DEBUG c.i.i.s.service.CustomUserDetails - CustomUserDetails criado para: admin
2026-07-07 13:31:28.863 [http-nio-8080-exec-1] DEBUG c.i.i.s.service.CustomUserDetails - Password hash retrieved
2026-07-07 13:31:28.930 [http-nio-8080-exec-1] DEBUG c.i.i.s.service.CustomUserDetails - GrantedAuthority: ROLE_ADMIN
2026-07-07 13:31:28.930 [http-nio-8080-exec-1] DEBUG o.s.s.a.d.DaoAuthenticationProvider - Authenticated user
2026-07-07 13:31:28.931 [http-nio-8080-exec-1] DEBUG o.s.s.w.a.s.ChangeSessionIdAuthenticationStrategy - Changed session id from 129CC3EB961A37196ECF44DAE93633C0
2026-07-07 13:31:28.931 [http-nio-8080-exec-1] DEBUG o.s.s.w.c.CsrfAuthenticationStrategy - Replaced CSRF Token
2026-07-07 13:31:28.931 [http-nio-8080-exec-1] DEBUG o.s.s.w.c.HttpSessionSecurityContextRepository - Stored SecurityContextImpl [Authentication=UsernamePasswordAuthenticationToken [Principal=com.itsm.incidentmanagement.security.service.CustomUserDetails@72072ba7, Credentials=[PROTECTED], Authenticated=true, Details=WebAuthenticationDetails [RemoteIpAddress=127.0.0.1, SessionId=129CC3EB961A37196ECF44DAE93633C0], Granted Authorities=[ROLE_ADMIN]]] to HttpSession [org.apache.catalina.session.StandardSessionFacade@5756d9c9]
2026-07-07 13:31:28.931 [http-nio-8080-exec-1] DEBUG o.s.s.w.a.UsernamePasswordAuthenticationFilter - Set SecurityContextHolder to UsernamePasswordAuthenticationToken [Principal=com.itsm.incidentmanagement.security.service.CustomUserDetails@72072ba7, Credentials=[PROTECTED], Authenticated=true, Details=WebAuthenticationDetails [RemoteIpAddress=127.0.0.1, SessionId=129CC3EB961A37196ECF44DAE93633C0], Granted Authorities=[ROLE_ADMIN]]
2026-07-07 13:31:28.931 [http-nio-8080-exec-1] INFO  c.i.i.security.config.SecurityConfig - Redirecionando por role: ROLE_ADMIN
2026-07-07 13:31:28.936 [http-nio-8080-exec-3] DEBUG o.s.security.web.FilterChainProxy - Securing GET /admin/dashboard
2026-07-07 13:31:28.938 [http-nio-8080-exec-3] DEBUG o.s.s.w.c.HttpSessionSecurityContextRepository - Retrieved SecurityContextImpl [Authentication=UsernamePasswordAuthenticationToken [Principal=com.itsm.incidentmanagement.security.service.CustomUserDetails@72072ba7, Credentials=[PROTECTED], Authenticated=true, Details=WebAuthenticationDetails [RemoteIpAddress=127.0.0.1, SessionId=129CC3EB961A37196ECF44DAE93633C0], Granted Authorities=[ROLE_ADMIN]]]
2026-07-07 13:31:28.939 [http-nio-8080-exec-3] DEBUG o.s.security.web.FilterChainProxy - Secured GET /admin/dashboard
2026-07-07 13:31:28.941 [http-nio-8080-exec-3] DEBUG org.hibernate.SQL - 
    select
        t1_0.id,
        t1_0.aberto_por_id,
        t1_0.ativo_id,
        t1_0.data_abertura,
        t1_0.data_fecho,
        t1_0.descricao,
        t1_0.estado,
        t1_0.prioridade,
        t1_0.tecnico_id,
        t1_0.tipo,
        t1_0.titulo 
    from
        ticket t1_0
2026-07-07 13:31:28.943 [http-nio-8080-exec-3] DEBUG org.hibernate.SQL - 
    select
        u1_0.id,
        u1_0.created_at,
        u1_0.email,
        u1_0.nome,
        u1_0.password_hash,
        u1_0.role,
        u1_0.username 
    from
        utilizador u1_0 
    where
        u1_0.id=?
2026-07-07 13:31:28.944 [http-nio-8080-exec-3] DEBUG org.hibernate.SQL - 
    select
        t1_0.id,
        t1_0.carga_trabalho_atual,
        c1_0.tecnico_id,
        c1_1.id,
        c1_1.nome,
        t1_0.disponibilidade,
        t1_0.utilizador_id,
        u1_0.id,
        u1_0.created_at,
        u1_0.email,
        u1_0.nome,
        u1_0.password_hash,
        u1_0.role,
        u1_0.username 
    from
        tecnico t1_0 
    left join
        tecnico_competencia c1_0 
            on t1_0.id=c1_0.tecnico_id 
    left join
        competencia c1_1 
            on c1_1.id=c1_0.competencia_id 
    join
        utilizador u1_0 
            on u1_0.id=t1_0.utilizador_id 
    where
        t1_0.id=?
2026-07-07 13:31:28.947 [http-nio-8080-exec-3] DEBUG org.hibernate.SQL - 
    select
        u1_0.id,
        u1_0.created_at,
        u1_0.email,
        u1_0.nome,
        u1_0.password_hash,
        u1_0.role,
        u1_0.username 
    from
        utilizador u1_0 
    where
        u1_0.id=?
2026-07-07 13:31:28.949 [http-nio-8080-exec-3] DEBUG org.hibernate.SQL - 
    select
        t1_0.id,
        t1_0.carga_trabalho_atual,
        c1_0.tecnico_id,
        c1_1.id,
        c1_1.nome,
        t1_0.disponibilidade,
        t1_0.utilizador_id,
        u1_0.id,
        u1_0.created_at,
        u1_0.email,
        u1_0.nome,
        u1_0.password_hash,
        u1_0.role,
        u1_0.username 
    from
        tecnico t1_0 
    left join
        tecnico_competencia c1_0 
            on t1_0.id=c1_0.tecnico_id 
    left join
        competencia c1_1 
            on c1_1.id=c1_0.competencia_id 
    join
        utilizador u1_0 
            on u1_0.id=t1_0.utilizador_id 
    where
        t1_0.id=?
2026-07-07 13:31:28.954 [http-nio-8080-exec-3] DEBUG org.hibernate.SQL - 
    select
        t1_0.id,
        t1_0.aberto_por_id,
        t1_0.ativo_id,
        t1_0.data_abertura,
        t1_0.data_fecho,
        t1_0.descricao,
        t1_0.estado,
        t1_0.prioridade,
        t1_0.tecnico_id,
        t1_0.tipo,
        t1_0.titulo 
    from
        ticket t1_0 
    where
        t1_0.estado=?
2026-07-07 13:31:28.958 [http-nio-8080-exec-3] DEBUG org.hibernate.SQL - 
    select
        t1_0.id,
        t1_0.carga_trabalho_atual,
        t1_0.disponibilidade,
        t1_0.utilizador_id 
    from
        tecnico t1_0
2026-07-07 13:31:28.960 [http-nio-8080-exec-3] DEBUG org.hibernate.SQL - 
    select
        u1_0.id,
        u1_0.created_at,
        u1_0.email,
        u1_0.nome,
        u1_0.password_hash,
        u1_0.role,
        u1_0.username 
    from
        utilizador u1_0
2026-07-07 13:31:28.964 [http-nio-8080-exec-3] DEBUG org.hibernate.SQL - 
    select
        t1_0.id,
        t1_0.aberto_por_id,
        t1_0.ativo_id,
        t1_0.data_abertura,
        t1_0.data_fecho,
        t1_0.descricao,
        t1_0.estado,
        t1_0.prioridade,
        t1_0.tecnico_id,
        t1_0.tipo,
        t1_0.titulo 
    from
        ticket t1_0
2026-07-07 13:31:29.014 [http-nio-8080-exec-4] DEBUG o.s.security.web.FilterChainProxy - Securing GET /favicon.ico
2026-07-07 13:31:29.015 [http-nio-8080-exec-4] DEBUG o.s.security.web.FilterChainProxy - Secured GET /favicon.ico
2026-07-07 13:31:29.018 [http-nio-8080-exec-4] DEBUG o.s.s.w.c.HttpSessionSecurityContextRepository - Retrieved SecurityContextImpl [Authentication=UsernamePasswordAuthenticationToken [Principal=com.itsm.incidentmanagement.security.service.CustomUserDetails@72072ba7, Credentials=[PROTECTED], Authenticated=true, Details=WebAuthenticationDetails [RemoteIpAddress=127.0.0.1, SessionId=129CC3EB961A37196ECF44DAE93633C0], Granted Authorities=[ROLE_ADMIN]]]
2026-07-07 13:31:31.113 [http-nio-8080-exec-2] DEBUG o.s.security.web.FilterChainProxy - Securing GET /admin/users
2026-07-07 13:31:31.113 [http-nio-8080-exec-2] DEBUG o.s.s.w.c.HttpSessionSecurityContextRepository - Retrieved SecurityContextImpl [Authentication=UsernamePasswordAuthenticationToken [Principal=com.itsm.incidentmanagement.security.service.CustomUserDetails@72072ba7, Credentials=[PROTECTED], Authenticated=true, Details=WebAuthenticationDetails [RemoteIpAddress=127.0.0.1, SessionId=129CC3EB961A37196ECF44DAE93633C0], Granted Authorities=[ROLE_ADMIN]]]
2026-07-07 13:31:31.114 [http-nio-8080-exec-2] DEBUG o.s.security.web.FilterChainProxy - Secured GET /admin/users
2026-07-07 13:31:31.116 [http-nio-8080-exec-2] DEBUG org.hibernate.SQL - 
    select
        u1_0.id,
        u1_0.created_at,
        u1_0.email,
        u1_0.nome,
        u1_0.password_hash,
        u1_0.role,
        u1_0.username 
    from
        utilizador u1_0
2026-07-07 13:31:33.537 [http-nio-8080-exec-5] DEBUG o.s.security.web.FilterChainProxy - Securing GET /admin/tickets
2026-07-07 13:31:33.538 [http-nio-8080-exec-5] DEBUG o.s.s.w.c.HttpSessionSecurityContextRepository - Retrieved SecurityContextImpl [Authentication=UsernamePasswordAuthenticationToken [Principal=com.itsm.incidentmanagement.security.service.CustomUserDetails@72072ba7, Credentials=[PROTECTED], Authenticated=true, Details=WebAuthenticationDetails [RemoteIpAddress=127.0.0.1, SessionId=129CC3EB961A37196ECF44DAE93633C0], Granted Authorities=[ROLE_ADMIN]]]
2026-07-07 13:31:33.539 [http-nio-8080-exec-5] DEBUG o.s.security.web.FilterChainProxy - Secured GET /admin/tickets
2026-07-07 13:31:33.541 [http-nio-8080-exec-5] DEBUG org.hibernate.SQL - 
    select
        t1_0.id,
        t1_0.aberto_por_id,
        t1_0.ativo_id,
        t1_0.data_abertura,
        t1_0.data_fecho,
        t1_0.descricao,
        t1_0.estado,
        t1_0.prioridade,
        t1_0.tecnico_id,
        t1_0.tipo,
        t1_0.titulo 
    from
        ticket t1_0
2026-07-07 13:31:33.543 [http-nio-8080-exec-5] DEBUG org.hibernate.SQL - 
    select
        u1_0.id,
        u1_0.created_at,
        u1_0.email,
        u1_0.nome,
        u1_0.password_hash,
        u1_0.role,
        u1_0.username 
    from
        utilizador u1_0 
    where
        u1_0.id=?
2026-07-07 13:31:33.543 [http-nio-8080-exec-5] DEBUG org.hibernate.SQL - 
    select
        t1_0.id,
        t1_0.carga_trabalho_atual,
        c1_0.tecnico_id,
        c1_1.id,
        c1_1.nome,
        t1_0.disponibilidade,
        t1_0.utilizador_id,
        u1_0.id,
        u1_0.created_at,
        u1_0.email,
        u1_0.nome,
        u1_0.password_hash,
        u1_0.role,
        u1_0.username 
    from
        tecnico t1_0 
    left join
        tecnico_competencia c1_0 
            on t1_0.id=c1_0.tecnico_id 
    left join
        competencia c1_1 
            on c1_1.id=c1_0.competencia_id 
    join
        utilizador u1_0 
            on u1_0.id=t1_0.utilizador_id 
    where
        t1_0.id=?
2026-07-07 13:31:33.547 [http-nio-8080-exec-5] DEBUG org.hibernate.SQL - 
    select
        u1_0.id,
        u1_0.created_at,
        u1_0.email,
        u1_0.nome,
        u1_0.password_hash,
        u1_0.role,
        u1_0.username 
    from
        utilizador u1_0 
    where
        u1_0.id=?
2026-07-07 13:31:33.548 [http-nio-8080-exec-5] DEBUG org.hibernate.SQL - 
    select
        t1_0.id,
        t1_0.carga_trabalho_atual,
        c1_0.tecnico_id,
        c1_1.id,
        c1_1.nome,
        t1_0.disponibilidade,
        t1_0.utilizador_id,
        u1_0.id,
        u1_0.created_at,
        u1_0.email,
        u1_0.nome,
        u1_0.password_hash,
        u1_0.role,
        u1_0.username 
    from
        tecnico t1_0 
    left join
        tecnico_competencia c1_0 
            on t1_0.id=c1_0.tecnico_id 
    left join
        competencia c1_1 
            on c1_1.id=c1_0.competencia_id 
    join
        utilizador u1_0 
            on u1_0.id=t1_0.utilizador_id 
    where
        t1_0.id=?
2026-07-07 13:31:33.552 [http-nio-8080-exec-5] DEBUG org.hibernate.SQL - 
    select
        t1_0.id,
        t1_0.aberto_por_id,
        t1_0.ativo_id,
        t1_0.data_abertura,
        t1_0.data_fecho,
        t1_0.descricao,
        t1_0.estado,
        t1_0.prioridade,
        t1_0.tecnico_id,
        t1_0.tipo,
        t1_0.titulo 
    from
        ticket t1_0 
    where
        t1_0.estado=?
2026-07-07 13:31:33.556 [http-nio-8080-exec-5] DEBUG org.hibernate.SQL - 
    select
        t1_0.id,
        t1_0.aberto_por_id,
        t1_0.ativo_id,
        t1_0.data_abertura,
        t1_0.data_fecho,
        t1_0.descricao,
        t1_0.estado,
        t1_0.prioridade,
        t1_0.tecnico_id,
        t1_0.tipo,
        t1_0.titulo 
    from
        ticket t1_0 
    where
        t1_0.estado=?
2026-07-07 13:31:33.560 [http-nio-8080-exec-5] DEBUG org.hibernate.SQL - 
    select
        t1_0.id,
        t1_0.aberto_por_id,
        t1_0.ativo_id,
        t1_0.data_abertura,
        t1_0.data_fecho,
        t1_0.descricao,
        t1_0.estado,
        t1_0.prioridade,
        t1_0.tecnico_id,
        t1_0.tipo,
        t1_0.titulo 
    from
        ticket t1_0 
    where
        t1_0.estado=?
2026-07-07 13:31:33.601 [http-nio-8080-exec-9] DEBUG o.s.security.web.FilterChainProxy - Securing GET /favicon.ico
2026-07-07 13:31:33.612 [http-nio-8080-exec-9] DEBUG o.s.security.web.FilterChainProxy - Secured GET /favicon.ico
2026-07-07 13:31:33.615 [http-nio-8080-exec-9] DEBUG o.s.s.w.c.HttpSessionSecurityContextRepository - Retrieved SecurityContextImpl [Authentication=UsernamePasswordAuthenticationToken [Principal=com.itsm.incidentmanagement.security.service.CustomUserDetails@72072ba7, Credentials=[PROTECTED], Authenticated=true, Details=WebAuthenticationDetails [RemoteIpAddress=127.0.0.1, SessionId=129CC3EB961A37196ECF44DAE93633C0], Granted Authorities=[ROLE_ADMIN]]]
2026-07-07 13:31:45.225 [http-nio-8080-exec-8] DEBUG o.s.security.web.FilterChainProxy - Securing POST /admin/tickets/36/update-state
2026-07-07 13:31:45.228 [http-nio-8080-exec-8] DEBUG o.s.s.w.c.HttpSessionSecurityContextRepository - Retrieved SecurityContextImpl [Authentication=UsernamePasswordAuthenticationToken [Principal=com.itsm.incidentmanagement.security.service.CustomUserDetails@72072ba7, Credentials=[PROTECTED], Authenticated=true, Details=WebAuthenticationDetails [RemoteIpAddress=127.0.0.1, SessionId=129CC3EB961A37196ECF44DAE93633C0], Granted Authorities=[ROLE_ADMIN]]]
2026-07-07 13:31:45.229 [http-nio-8080-exec-8] DEBUG o.s.security.web.FilterChainProxy - Secured POST /admin/tickets/36/update-state
2026-07-07 13:31:45.236 [http-nio-8080-exec-8] INFO  c.i.i.service.TicketService - AUDIT - Atualizando estado do ticket 36 para EM_CURSO
2026-07-07 13:31:45.240 [http-nio-8080-exec-8] DEBUG org.hibernate.SQL - 
    select
        t1_0.id,
        t1_0.aberto_por_id,
        ap1_0.id,
        ap1_0.created_at,
        ap1_0.email,
        ap1_0.nome,
        ap1_0.password_hash,
        ap1_0.role,
        ap1_0.username,
        a1_0.id,
        a1_0.created_at,
        a1_0.data_aquisicao,
        a1_0.especificacoes,
        a1_0.estado,
        a1_0.nome,
        a1_0.tipo,
        t1_0.data_abertura,
        t1_0.data_fecho,
        t1_0.descricao,
        t1_0.estado,
        t1_0.prioridade,
        t2_0.id,
        t2_0.carga_trabalho_atual,
        c1_0.tecnico_id,
        c1_1.id,
        c1_1.nome,
        t2_0.disponibilidade,
        t2_0.utilizador_id,
        u1_0.id,
        u1_0.created_at,
        u1_0.email,
        u1_0.nome,
        u1_0.password_hash,
        u1_0.role,
        u1_0.username,
        t1_0.tipo,
        t1_0.titulo 
    from
        ticket t1_0 
    join
        utilizador ap1_0 
            on ap1_0.id=t1_0.aberto_por_id 
    left join
        ativo a1_0 
            on a1_0.id=t1_0.ativo_id 
    left join
        tecnico t2_0 
            on t2_0.id=t1_0.tecnico_id 
    left join
        tecnico_competencia c1_0 
            on t2_0.id=c1_0.tecnico_id 
    left join
        competencia c1_1 
            on c1_1.id=c1_0.competencia_id 
    left join
        utilizador u1_0 
            on u1_0.id=t2_0.utilizador_id 
    where
        t1_0.id=?
2026-07-07 13:31:45.244 [http-nio-8080-exec-8] INFO  AUDIT - TICKET_STATE_CHANGE | TicketId: 36 | OldState: ABERTO | NewState: EM_CURSO | UserId: 17
2026-07-07 13:31:45.278 [http-nio-8080-exec-8] DEBUG org.hibernate.SQL - 
    update
        ticket 
    set
        aberto_por_id=?,
        ativo_id=?,
        data_abertura=?,
        data_fecho=?,
        descricao=?,
        estado=?,
        prioridade=?,
        tecnico_id=?,
        tipo=?,
        titulo=? 
    where
        id=?
2026-07-07 13:31:45.293 [http-nio-8080-exec-6] DEBUG o.s.security.web.FilterChainProxy - Securing GET /admin/tickets
2026-07-07 13:31:45.293 [http-nio-8080-exec-6] DEBUG o.s.s.w.c.HttpSessionSecurityContextRepository - Retrieved SecurityContextImpl [Authentication=UsernamePasswordAuthenticationToken [Principal=com.itsm.incidentmanagement.security.service.CustomUserDetails@72072ba7, Credentials=[PROTECTED], Authenticated=true, Details=WebAuthenticationDetails [RemoteIpAddress=127.0.0.1, SessionId=129CC3EB961A37196ECF44DAE93633C0], Granted Authorities=[ROLE_ADMIN]]]
2026-07-07 13:31:45.294 [http-nio-8080-exec-6] DEBUG o.s.security.web.FilterChainProxy - Secured GET /admin/tickets
2026-07-07 13:31:45.296 [http-nio-8080-exec-6] DEBUG org.hibernate.SQL - 
    select
        t1_0.id,
        t1_0.aberto_por_id,
        t1_0.ativo_id,
        t1_0.data_abertura,
        t1_0.data_fecho,
        t1_0.descricao,
        t1_0.estado,
        t1_0.prioridade,
        t1_0.tecnico_id,
        t1_0.tipo,
        t1_0.titulo 
    from
        ticket t1_0
2026-07-07 13:31:45.298 [http-nio-8080-exec-6] DEBUG org.hibernate.SQL - 
    select
        u1_0.id,
        u1_0.created_at,
        u1_0.email,
        u1_0.nome,
        u1_0.password_hash,
        u1_0.role,
        u1_0.username 
    from
        utilizador u1_0 
    where
        u1_0.id=?
2026-07-07 13:31:45.299 [http-nio-8080-exec-6] DEBUG org.hibernate.SQL - 
    select
        t1_0.id,
        t1_0.carga_trabalho_atual,
        c1_0.tecnico_id,
        c1_1.id,
        c1_1.nome,
        t1_0.disponibilidade,
        t1_0.utilizador_id,
        u1_0.id,
        u1_0.created_at,
        u1_0.email,
        u1_0.nome,
        u1_0.password_hash,
        u1_0.role,
        u1_0.username 
    from
        tecnico t1_0 
    left join
        tecnico_competencia c1_0 
            on t1_0.id=c1_0.tecnico_id 
    left join
        competencia c1_1 
            on c1_1.id=c1_0.competencia_id 
    join
        utilizador u1_0 
            on u1_0.id=t1_0.utilizador_id 
    where
        t1_0.id=?
2026-07-07 13:31:45.300 [http-nio-8080-exec-6] DEBUG org.hibernate.SQL - 
    select
        u1_0.id,
        u1_0.created_at,
        u1_0.email,
        u1_0.nome,
        u1_0.password_hash,
        u1_0.role,
        u1_0.username 
    from
        utilizador u1_0 
    where
        u1_0.id=?
2026-07-07 13:31:45.303 [http-nio-8080-exec-6] DEBUG org.hibernate.SQL - 
    select
        t1_0.id,
        t1_0.carga_trabalho_atual,
        c1_0.tecnico_id,
        c1_1.id,
        c1_1.nome,
        t1_0.disponibilidade,
        t1_0.utilizador_id,
        u1_0.id,
        u1_0.created_at,
        u1_0.email,
        u1_0.nome,
        u1_0.password_hash,
        u1_0.role,
        u1_0.username 
    from
        tecnico t1_0 
    left join
        tecnico_competencia c1_0 
            on t1_0.id=c1_0.tecnico_id 
    left join
        competencia c1_1 
            on c1_1.id=c1_0.competencia_id 
    join
        utilizador u1_0 
            on u1_0.id=t1_0.utilizador_id 
    where
        t1_0.id=?
2026-07-07 13:31:45.307 [http-nio-8080-exec-6] DEBUG org.hibernate.SQL - 
    select
        t1_0.id,
        t1_0.aberto_por_id,
        t1_0.ativo_id,
        t1_0.data_abertura,
        t1_0.data_fecho,
        t1_0.descricao,
        t1_0.estado,
        t1_0.prioridade,
        t1_0.tecnico_id,
        t1_0.tipo,
        t1_0.titulo 
    from
        ticket t1_0 
    where
        t1_0.estado=?
2026-07-07 13:31:45.311 [http-nio-8080-exec-6] DEBUG org.hibernate.SQL - 
    select
        t1_0.id,
        t1_0.aberto_por_id,
        t1_0.ativo_id,
        t1_0.data_abertura,
        t1_0.data_fecho,
        t1_0.descricao,
        t1_0.estado,
        t1_0.prioridade,
        t1_0.tecnico_id,
        t1_0.tipo,
        t1_0.titulo 
    from
        ticket t1_0 
    where
        t1_0.estado=?
2026-07-07 13:31:45.313 [http-nio-8080-exec-6] DEBUG org.hibernate.SQL - 
    select
        t1_0.id,
        t1_0.aberto_por_id,
        t1_0.ativo_id,
        t1_0.data_abertura,
        t1_0.data_fecho,
        t1_0.descricao,
        t1_0.estado,
        t1_0.prioridade,
        t1_0.tecnico_id,
        t1_0.tipo,
        t1_0.titulo 
    from
        ticket t1_0 
    where
        t1_0.estado=?
2026-07-07 13:31:57.494 [http-nio-8080-exec-7] DEBUG o.s.security.web.FilterChainProxy - Securing POST /admin/tickets/36/update-state
2026-07-07 13:31:57.495 [http-nio-8080-exec-7] DEBUG o.s.s.w.c.HttpSessionSecurityContextRepository - Retrieved SecurityContextImpl [Authentication=UsernamePasswordAuthenticationToken [Principal=com.itsm.incidentmanagement.security.service.CustomUserDetails@72072ba7, Credentials=[PROTECTED], Authenticated=true, Details=WebAuthenticationDetails [RemoteIpAddress=127.0.0.1, SessionId=129CC3EB961A37196ECF44DAE93633C0], Granted Authorities=[ROLE_ADMIN]]]
2026-07-07 13:31:57.495 [http-nio-8080-exec-7] DEBUG o.s.security.web.FilterChainProxy - Secured POST /admin/tickets/36/update-state
2026-07-07 13:31:57.496 [http-nio-8080-exec-7] INFO  c.i.i.service.TicketService - AUDIT - Atualizando estado do ticket 36 para RESOLVIDO
2026-07-07 13:31:57.497 [http-nio-8080-exec-7] DEBUG org.hibernate.SQL - 
    select
        t1_0.id,
        t1_0.aberto_por_id,
        ap1_0.id,
        ap1_0.created_at,
        ap1_0.email,
        ap1_0.nome,
        ap1_0.password_hash,
        ap1_0.role,
        ap1_0.username,
        a1_0.id,
        a1_0.created_at,
        a1_0.data_aquisicao,
        a1_0.especificacoes,
        a1_0.estado,
        a1_0.nome,
        a1_0.tipo,
        t1_0.data_abertura,
        t1_0.data_fecho,
        t1_0.descricao,
        t1_0.estado,
        t1_0.prioridade,
        t2_0.id,
        t2_0.carga_trabalho_atual,
        c1_0.tecnico_id,
        c1_1.id,
        c1_1.nome,
        t2_0.disponibilidade,
        t2_0.utilizador_id,
        u1_0.id,
        u1_0.created_at,
        u1_0.email,
        u1_0.nome,
        u1_0.password_hash,
        u1_0.role,
        u1_0.username,
        t1_0.tipo,
        t1_0.titulo 
    from
        ticket t1_0 
    join
        utilizador ap1_0 
            on ap1_0.id=t1_0.aberto_por_id 
    left join
        ativo a1_0 
            on a1_0.id=t1_0.ativo_id 
    left join
        tecnico t2_0 
            on t2_0.id=t1_0.tecnico_id 
    left join
        tecnico_competencia c1_0 
            on t2_0.id=c1_0.tecnico_id 
    left join
        competencia c1_1 
            on c1_1.id=c1_0.competencia_id 
    left join
        utilizador u1_0 
            on u1_0.id=t2_0.utilizador_id 
    where
        t1_0.id=?
2026-07-07 13:31:57.503 [http-nio-8080-exec-7] INFO  c.i.i.service.TicketService - AUDIT - Carga do técnico 5 reduzida para 22
2026-07-07 13:31:57.503 [http-nio-8080-exec-7] INFO  c.i.i.service.TicketService - AUDIT - Ticket 36 resolvido em 2026-07-07T13:31:57.503389400
2026-07-07 13:31:57.503 [http-nio-8080-exec-7] INFO  AUDIT - TICKET_STATE_CHANGE | TicketId: 36 | OldState: EM_CURSO | NewState: RESOLVIDO | UserId: 17
2026-07-07 13:31:57.505 [http-nio-8080-exec-7] DEBUG org.hibernate.SQL - 
    update
        tecnico 
    set
        carga_trabalho_atual=?,
        disponibilidade=?,
        utilizador_id=? 
    where
        id=?
2026-07-07 13:31:57.507 [http-nio-8080-exec-7] DEBUG org.hibernate.SQL - 
    update
        ticket 
    set
        aberto_por_id=?,
        ativo_id=?,
        data_abertura=?,
        data_fecho=?,
        descricao=?,
        estado=?,
        prioridade=?,
        tecnico_id=?,
        tipo=?,
        titulo=? 
    where
        id=?
2026-07-07 13:31:57.520 [http-nio-8080-exec-1] DEBUG o.s.security.web.FilterChainProxy - Securing GET /admin/tickets
2026-07-07 13:31:57.521 [http-nio-8080-exec-1] DEBUG o.s.s.w.c.HttpSessionSecurityContextRepository - Retrieved SecurityContextImpl [Authentication=UsernamePasswordAuthenticationToken [Principal=com.itsm.incidentmanagement.security.service.CustomUserDetails@72072ba7, Credentials=[PROTECTED], Authenticated=true, Details=WebAuthenticationDetails [RemoteIpAddress=127.0.0.1, SessionId=129CC3EB961A37196ECF44DAE93633C0], Granted Authorities=[ROLE_ADMIN]]]
2026-07-07 13:31:57.521 [http-nio-8080-exec-1] DEBUG o.s.security.web.FilterChainProxy - Secured GET /admin/tickets
2026-07-07 13:31:57.524 [http-nio-8080-exec-1] DEBUG org.hibernate.SQL - 
    select
        t1_0.id,
        t1_0.aberto_por_id,
        t1_0.ativo_id,
        t1_0.data_abertura,
        t1_0.data_fecho,
        t1_0.descricao,
        t1_0.estado,
        t1_0.prioridade,
        t1_0.tecnico_id,
        t1_0.tipo,
        t1_0.titulo 
    from
        ticket t1_0
2026-07-07 13:31:57.525 [http-nio-8080-exec-1] DEBUG org.hibernate.SQL - 
    select
        u1_0.id,
        u1_0.created_at,
        u1_0.email,
        u1_0.nome,
        u1_0.password_hash,
        u1_0.role,
        u1_0.username 
    from
        utilizador u1_0 
    where
        u1_0.id=?
2026-07-07 13:31:57.526 [http-nio-8080-exec-1] DEBUG org.hibernate.SQL - 
    select
        t1_0.id,
        t1_0.carga_trabalho_atual,
        c1_0.tecnico_id,
        c1_1.id,
        c1_1.nome,
        t1_0.disponibilidade,
        t1_0.utilizador_id,
        u1_0.id,
        u1_0.created_at,
        u1_0.email,
        u1_0.nome,
        u1_0.password_hash,
        u1_0.role,
        u1_0.username 
    from
        tecnico t1_0 
    left join
        tecnico_competencia c1_0 
            on t1_0.id=c1_0.tecnico_id 
    left join
        competencia c1_1 
            on c1_1.id=c1_0.competencia_id 
    join
        utilizador u1_0 
            on u1_0.id=t1_0.utilizador_id 
    where
        t1_0.id=?
2026-07-07 13:31:57.529 [http-nio-8080-exec-1] DEBUG org.hibernate.SQL - 
    select
        u1_0.id,
        u1_0.created_at,
        u1_0.email,
        u1_0.nome,
        u1_0.password_hash,
        u1_0.role,
        u1_0.username 
    from
        utilizador u1_0 
    where
        u1_0.id=?
2026-07-07 13:31:57.529 [http-nio-8080-exec-1] DEBUG org.hibernate.SQL - 
    select
        t1_0.id,
        t1_0.carga_trabalho_atual,
        c1_0.tecnico_id,
        c1_1.id,
        c1_1.nome,
        t1_0.disponibilidade,
        t1_0.utilizador_id,
        u1_0.id,
        u1_0.created_at,
        u1_0.email,
        u1_0.nome,
        u1_0.password_hash,
        u1_0.role,
        u1_0.username 
    from
        tecnico t1_0 
    left join
        tecnico_competencia c1_0 
            on t1_0.id=c1_0.tecnico_id 
    left join
        competencia c1_1 
            on c1_1.id=c1_0.competencia_id 
    join
        utilizador u1_0 
            on u1_0.id=t1_0.utilizador_id 
    where
        t1_0.id=?
2026-07-07 13:31:57.536 [http-nio-8080-exec-1] DEBUG org.hibernate.SQL - 
    select
        t1_0.id,
        t1_0.aberto_por_id,
        t1_0.ativo_id,
        t1_0.data_abertura,
        t1_0.data_fecho,
        t1_0.descricao,
        t1_0.estado,
        t1_0.prioridade,
        t1_0.tecnico_id,
        t1_0.tipo,
        t1_0.titulo 
    from
        ticket t1_0 
    where
        t1_0.estado=?
2026-07-07 13:31:57.538 [http-nio-8080-exec-1] DEBUG org.hibernate.SQL - 
    select
        t1_0.id,
        t1_0.aberto_por_id,
        t1_0.ativo_id,
        t1_0.data_abertura,
        t1_0.data_fecho,
        t1_0.descricao,
        t1_0.estado,
        t1_0.prioridade,
        t1_0.tecnico_id,
        t1_0.tipo,
        t1_0.titulo 
    from
        ticket t1_0 
    where
        t1_0.estado=?
2026-07-07 13:31:57.541 [http-nio-8080-exec-1] DEBUG org.hibernate.SQL - 
    select
        t1_0.id,
        t1_0.aberto_por_id,
        t1_0.ativo_id,
        t1_0.data_abertura,
        t1_0.data_fecho,
        t1_0.descricao,
        t1_0.estado,
        t1_0.prioridade,
        t1_0.tecnico_id,
        t1_0.tipo,
        t1_0.titulo 
    from
        ticket t1_0 
    where
        t1_0.estado=?
2026-07-07 13:31:57.592 [http-nio-8080-exec-3] DEBUG o.s.security.web.FilterChainProxy - Securing GET /favicon.ico
2026-07-07 13:31:57.594 [http-nio-8080-exec-3] DEBUG o.s.security.web.FilterChainProxy - Secured GET /favicon.ico
2026-07-07 13:31:57.597 [http-nio-8080-exec-3] DEBUG o.s.s.w.c.HttpSessionSecurityContextRepository - Retrieved SecurityContextImpl [Authentication=UsernamePasswordAuthenticationToken [Principal=com.itsm.incidentmanagement.security.service.CustomUserDetails@72072ba7, Credentials=[PROTECTED], Authenticated=true, Details=WebAuthenticationDetails [RemoteIpAddress=127.0.0.1, SessionId=129CC3EB961A37196ECF44DAE93633C0], Granted Authorities=[ROLE_ADMIN]]]
2026-07-07 13:32:02.392 [http-nio-8080-exec-4] DEBUG o.s.security.web.FilterChainProxy - Securing GET /logout
2026-07-07 13:32:02.392 [http-nio-8080-exec-4] DEBUG o.s.s.w.c.HttpSessionSecurityContextRepository - Retrieved SecurityContextImpl [Authentication=UsernamePasswordAuthenticationToken [Principal=com.itsm.incidentmanagement.security.service.CustomUserDetails@72072ba7, Credentials=[PROTECTED], Authenticated=true, Details=WebAuthenticationDetails [RemoteIpAddress=127.0.0.1, SessionId=129CC3EB961A37196ECF44DAE93633C0], Granted Authorities=[ROLE_ADMIN]]]
2026-07-07 13:32:02.392 [http-nio-8080-exec-4] DEBUG o.s.s.w.a.logout.LogoutFilter - Logging out [UsernamePasswordAuthenticationToken [Principal=com.itsm.incidentmanagement.security.service.CustomUserDetails@72072ba7, Credentials=[PROTECTED], Authenticated=true, Details=WebAuthenticationDetails [RemoteIpAddress=127.0.0.1, SessionId=129CC3EB961A37196ECF44DAE93633C0], Granted Authorities=[ROLE_ADMIN]]]
2026-07-07 13:32:02.392 [http-nio-8080-exec-4] DEBUG o.s.s.w.a.l.SecurityContextLogoutHandler - Invalidated session BB55391C7ED31908FABDBB35859FDB5A
2026-07-07 13:32:02.392 [http-nio-8080-exec-4] DEBUG o.s.s.web.DefaultRedirectStrategy - Redirecting to /login?logout=true
2026-07-07 13:32:02.395 [http-nio-8080-exec-2] DEBUG o.s.security.web.FilterChainProxy - Securing GET /login?logout=true
2026-07-07 13:32:02.397 [http-nio-8080-exec-2] DEBUG o.s.s.w.a.AnonymousAuthenticationFilter - Set SecurityContextHolder to anonymous SecurityContext
2026-07-07 13:32:02.398 [http-nio-8080-exec-2] DEBUG o.s.security.web.FilterChainProxy - Secured GET /login?logout=true
2026-07-07 13:32:02.399 [http-nio-8080-exec-2] DEBUG c.i.i.controller.AuthController - Página de login acessada
2026-07-07 13:32:02.432 [http-nio-8080-exec-5] DEBUG o.s.security.web.FilterChainProxy - Securing GET /favicon.ico
2026-07-07 13:32:02.433 [http-nio-8080-exec-5] DEBUG o.s.s.w.a.AnonymousAuthenticationFilter - Set SecurityContextHolder to anonymous SecurityContext
2026-07-07 13:32:02.433 [http-nio-8080-exec-5] DEBUG o.s.security.web.FilterChainProxy - Secured GET /favicon.ico
2026-07-07 13:32:04.987 [http-nio-8080-exec-9] DEBUG o.s.security.web.FilterChainProxy - Securing POST /login
2026-07-07 13:32:04.988 [http-nio-8080-exec-9] DEBUG c.i.i.s.s.CustomUserDetailsService - Buscando utilizador: joao_tecnico
2026-07-07 13:32:04.990 [http-nio-8080-exec-9] DEBUG org.hibernate.SQL - 
    select
        u1_0.id,
        u1_0.created_at,
        u1_0.email,
        u1_0.nome,
        u1_0.password_hash,
        u1_0.role,
        u1_0.username 
    from
        utilizador u1_0 
    where
        u1_0.username=?
2026-07-07 13:32:04.993 [http-nio-8080-exec-9] DEBUG c.i.i.s.s.CustomUserDetailsService - Utilizador encontrado: joao_tecnico | Role: TECNICO
2026-07-07 13:32:04.994 [http-nio-8080-exec-9] DEBUG c.i.i.s.s.CustomUserDetailsService - Password hash limpo para utilizador: joao_tecnico
2026-07-07 13:32:04.994 [http-nio-8080-exec-9] DEBUG c.i.i.s.service.CustomUserDetails - CustomUserDetails criado para: joao_tecnico
2026-07-07 13:32:04.994 [http-nio-8080-exec-9] DEBUG c.i.i.s.service.CustomUserDetails - Password hash retrieved
2026-07-07 13:32:05.062 [http-nio-8080-exec-9] DEBUG c.i.i.s.service.CustomUserDetails - GrantedAuthority: ROLE_TECNICO
2026-07-07 13:32:05.062 [http-nio-8080-exec-9] DEBUG o.s.s.a.d.DaoAuthenticationProvider - Authenticated user
2026-07-07 13:32:05.062 [http-nio-8080-exec-9] DEBUG o.s.s.w.a.s.ChangeSessionIdAuthenticationStrategy - Changed session id from D0075C11C6309345E98BB87DB6E2C9D2
2026-07-07 13:32:05.064 [http-nio-8080-exec-9] DEBUG o.s.s.w.c.CsrfAuthenticationStrategy - Replaced CSRF Token
2026-07-07 13:32:05.064 [http-nio-8080-exec-9] DEBUG o.s.s.w.c.HttpSessionSecurityContextRepository - Stored SecurityContextImpl [Authentication=UsernamePasswordAuthenticationToken [Principal=com.itsm.incidentmanagement.security.service.CustomUserDetails@6ad75a85, Credentials=[PROTECTED], Authenticated=true, Details=WebAuthenticationDetails [RemoteIpAddress=127.0.0.1, SessionId=D0075C11C6309345E98BB87DB6E2C9D2], Granted Authorities=[ROLE_TECNICO]]] to HttpSession [org.apache.catalina.session.StandardSessionFacade@364a86a8]
2026-07-07 13:32:05.064 [http-nio-8080-exec-9] DEBUG o.s.s.w.a.UsernamePasswordAuthenticationFilter - Set SecurityContextHolder to UsernamePasswordAuthenticationToken [Principal=com.itsm.incidentmanagement.security.service.CustomUserDetails@6ad75a85, Credentials=[PROTECTED], Authenticated=true, Details=WebAuthenticationDetails [RemoteIpAddress=127.0.0.1, SessionId=D0075C11C6309345E98BB87DB6E2C9D2], Granted Authorities=[ROLE_TECNICO]]
2026-07-07 13:32:05.064 [http-nio-8080-exec-9] INFO  c.i.i.security.config.SecurityConfig - Redirecionando por role: ROLE_TECNICO
2026-07-07 13:32:05.068 [http-nio-8080-exec-10] DEBUG o.s.security.web.FilterChainProxy - Securing GET /tecnico/dashboard
2026-07-07 13:32:05.068 [http-nio-8080-exec-10] DEBUG o.s.s.w.c.HttpSessionSecurityContextRepository - Retrieved SecurityContextImpl [Authentication=UsernamePasswordAuthenticationToken [Principal=com.itsm.incidentmanagement.security.service.CustomUserDetails@6ad75a85, Credentials=[PROTECTED], Authenticated=true, Details=WebAuthenticationDetails [RemoteIpAddress=127.0.0.1, SessionId=D0075C11C6309345E98BB87DB6E2C9D2], Granted Authorities=[ROLE_TECNICO]]]
2026-07-07 13:32:05.069 [http-nio-8080-exec-10] DEBUG o.s.security.web.FilterChainProxy - Secured GET /tecnico/dashboard
2026-07-07 13:32:05.071 [http-nio-8080-exec-10] DEBUG org.hibernate.SQL - 
    select
        u1_0.id,
        u1_0.created_at,
        u1_0.email,
        u1_0.nome,
        u1_0.password_hash,
        u1_0.role,
        u1_0.username 
    from
        utilizador u1_0 
    where
        u1_0.username=?
2026-07-07 13:32:05.074 [http-nio-8080-exec-10] DEBUG org.hibernate.SQL - 
    select
        t1_0.id,
        t1_0.carga_trabalho_atual,
        t1_0.disponibilidade,
        t1_0.utilizador_id 
    from
        tecnico t1_0 
    left join
        utilizador u1_0 
            on u1_0.id=t1_0.utilizador_id 
    where
        u1_0.id=?
2026-07-07 13:32:05.076 [http-nio-8080-exec-10] DEBUG org.hibernate.SQL - 
    select
        c1_0.tecnico_id,
        c1_1.id,
        c1_1.nome 
    from
        tecnico_competencia c1_0 
    join
        competencia c1_1 
            on c1_1.id=c1_0.competencia_id 
    where
        c1_0.tecnico_id=?
2026-07-07 13:32:05.079 [http-nio-8080-exec-10] DEBUG org.hibernate.SQL - 
    select
        t1_0.id,
        t1_0.aberto_por_id,
        t1_0.ativo_id,
        t1_0.data_abertura,
        t1_0.data_fecho,
        t1_0.descricao,
        t1_0.estado,
        t1_0.prioridade,
        t1_0.tecnico_id,
        t1_0.tipo,
        t1_0.titulo 
    from
        ticket t1_0 
    left join
        tecnico t2_0 
            on t2_0.id=t1_0.tecnico_id 
    where
        t2_0.id=?
2026-07-07 13:32:05.081 [http-nio-8080-exec-10] DEBUG org.hibernate.SQL - 
    select
        u1_0.id,
        u1_0.created_at,
        u1_0.email,
        u1_0.nome,
        u1_0.password_hash,
        u1_0.role,
        u1_0.username 
    from
        utilizador u1_0 
    where
        u1_0.id=?
2026-07-07 13:32:05.082 [http-nio-8080-exec-10] DEBUG org.hibernate.SQL - 
    select
        u1_0.id,
        u1_0.created_at,
        u1_0.email,
        u1_0.nome,
        u1_0.password_hash,
        u1_0.role,
        u1_0.username 
    from
        utilizador u1_0 
    where
        u1_0.id=?
2026-07-07 13:32:05.119 [http-nio-8080-exec-8] DEBUG o.s.security.web.FilterChainProxy - Securing GET /favicon.ico
2026-07-07 13:32:05.120 [http-nio-8080-exec-8] DEBUG o.s.security.web.FilterChainProxy - Secured GET /favicon.ico
2026-07-07 13:32:05.122 [http-nio-8080-exec-8] DEBUG o.s.s.w.c.HttpSessionSecurityContextRepository - Retrieved SecurityContextImpl [Authentication=UsernamePasswordAuthenticationToken [Principal=com.itsm.incidentmanagement.security.service.CustomUserDetails@6ad75a85, Credentials=[PROTECTED], Authenticated=true, Details=WebAuthenticationDetails [RemoteIpAddress=127.0.0.1, SessionId=D0075C11C6309345E98BB87DB6E2C9D2], Granted Authorities=[ROLE_TECNICO]]]
2026-07-07 13:32:13.729 [http-nio-8080-exec-6] DEBUG o.s.security.web.FilterChainProxy - Securing POST /tecnico/tickets/update-state
2026-07-07 13:32:13.730 [http-nio-8080-exec-6] DEBUG o.s.s.w.c.HttpSessionSecurityContextRepository - Retrieved SecurityContextImpl [Authentication=UsernamePasswordAuthenticationToken [Principal=com.itsm.incidentmanagement.security.service.CustomUserDetails@6ad75a85, Credentials=[PROTECTED], Authenticated=true, Details=WebAuthenticationDetails [RemoteIpAddress=127.0.0.1, SessionId=D0075C11C6309345E98BB87DB6E2C9D2], Granted Authorities=[ROLE_TECNICO]]]
2026-07-07 13:32:13.731 [http-nio-8080-exec-6] DEBUG o.s.security.web.FilterChainProxy - Secured POST /tecnico/tickets/update-state
2026-07-07 13:32:13.732 [http-nio-8080-exec-6] DEBUG c.i.i.controller.DashboardController - Atualizando ticket 37 para estado: ATRIBUIDO
2026-07-07 13:32:13.733 [http-nio-8080-exec-6] INFO  c.i.i.service.TicketService - AUDIT - Atualizando estado do ticket 37 para ATRIBUIDO
2026-07-07 13:32:13.734 [http-nio-8080-exec-6] DEBUG org.hibernate.SQL - 
    select
        t1_0.id,
        t1_0.aberto_por_id,
        ap1_0.id,
        ap1_0.created_at,
        ap1_0.email,
        ap1_0.nome,
        ap1_0.password_hash,
        ap1_0.role,
        ap1_0.username,
        a1_0.id,
        a1_0.created_at,
        a1_0.data_aquisicao,
        a1_0.especificacoes,
        a1_0.estado,
        a1_0.nome,
        a1_0.tipo,
        t1_0.data_abertura,
        t1_0.data_fecho,
        t1_0.descricao,
        t1_0.estado,
        t1_0.prioridade,
        t2_0.id,
        t2_0.carga_trabalho_atual,
        c1_0.tecnico_id,
        c1_1.id,
        c1_1.nome,
        t2_0.disponibilidade,
        t2_0.utilizador_id,
        u1_0.id,
        u1_0.created_at,
        u1_0.email,
        u1_0.nome,
        u1_0.password_hash,
        u1_0.role,
        u1_0.username,
        t1_0.tipo,
        t1_0.titulo 
    from
        ticket t1_0 
    join
        utilizador ap1_0 
            on ap1_0.id=t1_0.aberto_por_id 
    left join
        ativo a1_0 
            on a1_0.id=t1_0.ativo_id 
    left join
        tecnico t2_0 
            on t2_0.id=t1_0.tecnico_id 
    left join
        tecnico_competencia c1_0 
            on t2_0.id=c1_0.tecnico_id 
    left join
        competencia c1_1 
            on c1_1.id=c1_0.competencia_id 
    left join
        utilizador u1_0 
            on u1_0.id=t2_0.utilizador_id 
    where
        t1_0.id=?
2026-07-07 13:32:13.738 [http-nio-8080-exec-6] INFO  AUDIT - TICKET_STATE_CHANGE | TicketId: 37 | OldState: ABERTO | NewState: ATRIBUIDO | UserId: 17
2026-07-07 13:32:13.739 [http-nio-8080-exec-6] DEBUG org.hibernate.SQL - 
    update
        ticket 
    set
        aberto_por_id=?,
        ativo_id=?,
        data_abertura=?,
        data_fecho=?,
        descricao=?,
        estado=?,
        prioridade=?,
        tecnico_id=?,
        tipo=?,
        titulo=? 
    where
        id=?
2026-07-07 13:32:13.745 [http-nio-8080-exec-7] DEBUG o.s.security.web.FilterChainProxy - Securing GET /tecnico/dashboard
2026-07-07 13:32:13.745 [http-nio-8080-exec-7] DEBUG o.s.s.w.c.HttpSessionSecurityContextRepository - Retrieved SecurityContextImpl [Authentication=UsernamePasswordAuthenticationToken [Principal=com.itsm.incidentmanagement.security.service.CustomUserDetails@6ad75a85, Credentials=[PROTECTED], Authenticated=true, Details=WebAuthenticationDetails [RemoteIpAddress=127.0.0.1, SessionId=D0075C11C6309345E98BB87DB6E2C9D2], Granted Authorities=[ROLE_TECNICO]]]
2026-07-07 13:32:13.747 [http-nio-8080-exec-7] DEBUG o.s.security.web.FilterChainProxy - Secured GET /tecnico/dashboard
2026-07-07 13:32:13.749 [http-nio-8080-exec-7] DEBUG org.hibernate.SQL - 
    select
        u1_0.id,
        u1_0.created_at,
        u1_0.email,
        u1_0.nome,
        u1_0.password_hash,
        u1_0.role,
        u1_0.username 
    from
        utilizador u1_0 
    where
        u1_0.username=?
2026-07-07 13:32:13.751 [http-nio-8080-exec-7] DEBUG org.hibernate.SQL - 
    select
        t1_0.id,
        t1_0.carga_trabalho_atual,
        t1_0.disponibilidade,
        t1_0.utilizador_id 
    from
        tecnico t1_0 
    left join
        utilizador u1_0 
            on u1_0.id=t1_0.utilizador_id 
    where
        u1_0.id=?
2026-07-07 13:32:13.753 [http-nio-8080-exec-7] DEBUG org.hibernate.SQL - 
    select
        c1_0.tecnico_id,
        c1_1.id,
        c1_1.nome 
    from
        tecnico_competencia c1_0 
    join
        competencia c1_1 
            on c1_1.id=c1_0.competencia_id 
    where
        c1_0.tecnico_id=?
2026-07-07 13:32:13.755 [http-nio-8080-exec-7] DEBUG org.hibernate.SQL - 
    select
        t1_0.id,
        t1_0.aberto_por_id,
        t1_0.ativo_id,
        t1_0.data_abertura,
        t1_0.data_fecho,
        t1_0.descricao,
        t1_0.estado,
        t1_0.prioridade,
        t1_0.tecnico_id,
        t1_0.tipo,
        t1_0.titulo 
    from
        ticket t1_0 
    left join
        tecnico t2_0 
            on t2_0.id=t1_0.tecnico_id 
    where
        t2_0.id=?
2026-07-07 13:32:13.757 [http-nio-8080-exec-7] DEBUG org.hibernate.SQL - 
    select
        u1_0.id,
        u1_0.created_at,
        u1_0.email,
        u1_0.nome,
        u1_0.password_hash,
        u1_0.role,
        u1_0.username 
    from
        utilizador u1_0 
    where
        u1_0.id=?
2026-07-07 13:32:13.758 [http-nio-8080-exec-7] DEBUG org.hibernate.SQL - 
    select
        u1_0.id,
        u1_0.created_at,
        u1_0.email,
        u1_0.nome,
        u1_0.password_hash,
        u1_0.role,
        u1_0.username 
    from
        utilizador u1_0 
    where
        u1_0.id=?
2026-07-07 13:32:17.653 [http-nio-8080-exec-1] DEBUG o.s.security.web.FilterChainProxy - Securing POST /tecnico/tickets/update-state
2026-07-07 13:32:17.654 [http-nio-8080-exec-1] DEBUG o.s.s.w.c.HttpSessionSecurityContextRepository - Retrieved SecurityContextImpl [Authentication=UsernamePasswordAuthenticationToken [Principal=com.itsm.incidentmanagement.security.service.CustomUserDetails@6ad75a85, Credentials=[PROTECTED], Authenticated=true, Details=WebAuthenticationDetails [RemoteIpAddress=127.0.0.1, SessionId=D0075C11C6309345E98BB87DB6E2C9D2], Granted Authorities=[ROLE_TECNICO]]]
2026-07-07 13:32:17.655 [http-nio-8080-exec-1] DEBUG o.s.security.web.FilterChainProxy - Secured POST /tecnico/tickets/update-state
2026-07-07 13:32:17.655 [http-nio-8080-exec-1] DEBUG c.i.i.controller.DashboardController - Atualizando ticket 41 para estado: EM_CURSO
2026-07-07 13:32:17.656 [http-nio-8080-exec-1] INFO  c.i.i.service.TicketService - AUDIT - Atualizando estado do ticket 41 para EM_CURSO
2026-07-07 13:32:17.656 [http-nio-8080-exec-1] DEBUG org.hibernate.SQL - 
    select
        t1_0.id,
        t1_0.aberto_por_id,
        ap1_0.id,
        ap1_0.created_at,
        ap1_0.email,
        ap1_0.nome,
        ap1_0.password_hash,
        ap1_0.role,
        ap1_0.username,
        a1_0.id,
        a1_0.created_at,
        a1_0.data_aquisicao,
        a1_0.especificacoes,
        a1_0.estado,
        a1_0.nome,
        a1_0.tipo,
        t1_0.data_abertura,
        t1_0.data_fecho,
        t1_0.descricao,
        t1_0.estado,
        t1_0.prioridade,
        t2_0.id,
        t2_0.carga_trabalho_atual,
        c1_0.tecnico_id,
        c1_1.id,
        c1_1.nome,
        t2_0.disponibilidade,
        t2_0.utilizador_id,
        u1_0.id,
        u1_0.created_at,
        u1_0.email,
        u1_0.nome,
        u1_0.password_hash,
        u1_0.role,
        u1_0.username,
        t1_0.tipo,
        t1_0.titulo 
    from
        ticket t1_0 
    join
        utilizador ap1_0 
            on ap1_0.id=t1_0.aberto_por_id 
    left join
        ativo a1_0 
            on a1_0.id=t1_0.ativo_id 
    left join
        tecnico t2_0 
            on t2_0.id=t1_0.tecnico_id 
    left join
        tecnico_competencia c1_0 
            on t2_0.id=c1_0.tecnico_id 
    left join
        competencia c1_1 
            on c1_1.id=c1_0.competencia_id 
    left join
        utilizador u1_0 
            on u1_0.id=t2_0.utilizador_id 
    where
        t1_0.id=?
2026-07-07 13:32:17.659 [http-nio-8080-exec-1] INFO  AUDIT - TICKET_STATE_CHANGE | TicketId: 41 | OldState: ABERTO | NewState: EM_CURSO | UserId: 20
2026-07-07 13:32:17.662 [http-nio-8080-exec-1] DEBUG org.hibernate.SQL - 
    update
        ticket 
    set
        aberto_por_id=?,
        ativo_id=?,
        data_abertura=?,
        data_fecho=?,
        descricao=?,
        estado=?,
        prioridade=?,
        tecnico_id=?,
        tipo=?,
        titulo=? 
    where
        id=?
2026-07-07 13:32:17.668 [http-nio-8080-exec-3] DEBUG o.s.security.web.FilterChainProxy - Securing GET /tecnico/dashboard
2026-07-07 13:32:17.669 [http-nio-8080-exec-3] DEBUG o.s.s.w.c.HttpSessionSecurityContextRepository - Retrieved SecurityContextImpl [Authentication=UsernamePasswordAuthenticationToken [Principal=com.itsm.incidentmanagement.security.service.CustomUserDetails@6ad75a85, Credentials=[PROTECTED], Authenticated=true, Details=WebAuthenticationDetails [RemoteIpAddress=127.0.0.1, SessionId=D0075C11C6309345E98BB87DB6E2C9D2], Granted Authorities=[ROLE_TECNICO]]]
2026-07-07 13:32:17.669 [http-nio-8080-exec-3] DEBUG o.s.security.web.FilterChainProxy - Secured GET /tecnico/dashboard
2026-07-07 13:32:17.672 [http-nio-8080-exec-3] DEBUG org.hibernate.SQL - 
    select
        u1_0.id,
        u1_0.created_at,
        u1_0.email,
        u1_0.nome,
        u1_0.password_hash,
        u1_0.role,
        u1_0.username 
    from
        utilizador u1_0 
    where
        u1_0.username=?
2026-07-07 13:32:17.675 [http-nio-8080-exec-3] DEBUG org.hibernate.SQL - 
    select
        t1_0.id,
        t1_0.carga_trabalho_atual,
        t1_0.disponibilidade,
        t1_0.utilizador_id 
    from
        tecnico t1_0 
    left join
        utilizador u1_0 
            on u1_0.id=t1_0.utilizador_id 
    where
        u1_0.id=?
2026-07-07 13:32:17.676 [http-nio-8080-exec-3] DEBUG org.hibernate.SQL - 
    select
        c1_0.tecnico_id,
        c1_1.id,
        c1_1.nome 
    from
        tecnico_competencia c1_0 
    join
        competencia c1_1 
            on c1_1.id=c1_0.competencia_id 
    where
        c1_0.tecnico_id=?
2026-07-07 13:32:17.679 [http-nio-8080-exec-3] DEBUG org.hibernate.SQL - 
    select
        t1_0.id,
        t1_0.aberto_por_id,
        t1_0.ativo_id,
        t1_0.data_abertura,
        t1_0.data_fecho,
        t1_0.descricao,
        t1_0.estado,
        t1_0.prioridade,
        t1_0.tecnico_id,
        t1_0.tipo,
        t1_0.titulo 
    from
        ticket t1_0 
    left join
        tecnico t2_0 
            on t2_0.id=t1_0.tecnico_id 
    where
        t2_0.id=?
2026-07-07 13:32:17.680 [http-nio-8080-exec-3] DEBUG org.hibernate.SQL - 
    select
        u1_0.id,
        u1_0.created_at,
        u1_0.email,
        u1_0.nome,
        u1_0.password_hash,
        u1_0.role,
        u1_0.username 
    from
        utilizador u1_0 
    where
        u1_0.id=?
2026-07-07 13:32:17.682 [http-nio-8080-exec-3] DEBUG org.hibernate.SQL - 
    select
        u1_0.id,
        u1_0.created_at,
        u1_0.email,
        u1_0.nome,
        u1_0.password_hash,
        u1_0.role,
        u1_0.username 
    from
        utilizador u1_0 
    where
        u1_0.id=?
2026-07-07 13:32:17.712 [http-nio-8080-exec-4] DEBUG o.s.security.web.FilterChainProxy - Securing GET /favicon.ico
2026-07-07 13:32:17.714 [http-nio-8080-exec-4] DEBUG o.s.security.web.FilterChainProxy - Secured GET /favicon.ico
2026-07-07 13:32:17.716 [http-nio-8080-exec-4] DEBUG o.s.s.w.c.HttpSessionSecurityContextRepository - Retrieved SecurityContextImpl [Authentication=UsernamePasswordAuthenticationToken [Principal=com.itsm.incidentmanagement.security.service.CustomUserDetails@6ad75a85, Credentials=[PROTECTED], Authenticated=true, Details=WebAuthenticationDetails [RemoteIpAddress=127.0.0.1, SessionId=D0075C11C6309345E98BB87DB6E2C9D2], Granted Authorities=[ROLE_TECNICO]]]
2026-07-07 13:32:23.285 [http-nio-8080-exec-2] DEBUG o.s.security.web.FilterChainProxy - Securing POST /tecnico/tickets/update-state
2026-07-07 13:32:23.285 [http-nio-8080-exec-2] DEBUG o.s.s.w.c.HttpSessionSecurityContextRepository - Retrieved SecurityContextImpl [Authentication=UsernamePasswordAuthenticationToken [Principal=com.itsm.incidentmanagement.security.service.CustomUserDetails@6ad75a85, Credentials=[PROTECTED], Authenticated=true, Details=WebAuthenticationDetails [RemoteIpAddress=127.0.0.1, SessionId=D0075C11C6309345E98BB87DB6E2C9D2], Granted Authorities=[ROLE_TECNICO]]]
2026-07-07 13:32:23.286 [http-nio-8080-exec-2] DEBUG o.s.security.web.FilterChainProxy - Secured POST /tecnico/tickets/update-state
2026-07-07 13:32:23.286 [http-nio-8080-exec-2] DEBUG c.i.i.controller.DashboardController - Atualizando ticket 42 para estado: EM_CURSO
2026-07-07 13:32:23.286 [http-nio-8080-exec-2] INFO  c.i.i.service.TicketService - AUDIT - Atualizando estado do ticket 42 para EM_CURSO
2026-07-07 13:32:23.287 [http-nio-8080-exec-2] DEBUG org.hibernate.SQL - 
    select
        t1_0.id,
        t1_0.aberto_por_id,
        ap1_0.id,
        ap1_0.created_at,
        ap1_0.email,
        ap1_0.nome,
        ap1_0.password_hash,
        ap1_0.role,
        ap1_0.username,
        a1_0.id,
        a1_0.created_at,
        a1_0.data_aquisicao,
        a1_0.especificacoes,
        a1_0.estado,
        a1_0.nome,
        a1_0.tipo,
        t1_0.data_abertura,
        t1_0.data_fecho,
        t1_0.descricao,
        t1_0.estado,
        t1_0.prioridade,
        t2_0.id,
        t2_0.carga_trabalho_atual,
        c1_0.tecnico_id,
        c1_1.id,
        c1_1.nome,
        t2_0.disponibilidade,
        t2_0.utilizador_id,
        u1_0.id,
        u1_0.created_at,
        u1_0.email,
        u1_0.nome,
        u1_0.password_hash,
        u1_0.role,
        u1_0.username,
        t1_0.tipo,
        t1_0.titulo 
    from
        ticket t1_0 
    join
        utilizador ap1_0 
            on ap1_0.id=t1_0.aberto_por_id 
    left join
        ativo a1_0 
            on a1_0.id=t1_0.ativo_id 
    left join
        tecnico t2_0 
            on t2_0.id=t1_0.tecnico_id 
    left join
        tecnico_competencia c1_0 
            on t2_0.id=c1_0.tecnico_id 
    left join
        competencia c1_1 
            on c1_1.id=c1_0.competencia_id 
    left join
        utilizador u1_0 
            on u1_0.id=t2_0.utilizador_id 
    where
        t1_0.id=?
2026-07-07 13:32:23.290 [http-nio-8080-exec-2] INFO  AUDIT - TICKET_STATE_CHANGE | TicketId: 42 | OldState: ABERTO | NewState: EM_CURSO | UserId: 17
2026-07-07 13:32:23.292 [http-nio-8080-exec-2] DEBUG org.hibernate.SQL - 
    update
        ticket 
    set
        aberto_por_id=?,
        ativo_id=?,
        data_abertura=?,
        data_fecho=?,
        descricao=?,
        estado=?,
        prioridade=?,
        tecnico_id=?,
        tipo=?,
        titulo=? 
    where
        id=?
2026-07-07 13:32:23.299 [http-nio-8080-exec-5] DEBUG o.s.security.web.FilterChainProxy - Securing GET /tecnico/dashboard
2026-07-07 13:32:23.300 [http-nio-8080-exec-5] DEBUG o.s.s.w.c.HttpSessionSecurityContextRepository - Retrieved SecurityContextImpl [Authentication=UsernamePasswordAuthenticationToken [Principal=com.itsm.incidentmanagement.security.service.CustomUserDetails@6ad75a85, Credentials=[PROTECTED], Authenticated=true, Details=WebAuthenticationDetails [RemoteIpAddress=127.0.0.1, SessionId=D0075C11C6309345E98BB87DB6E2C9D2], Granted Authorities=[ROLE_TECNICO]]]
2026-07-07 13:32:23.300 [http-nio-8080-exec-5] DEBUG o.s.security.web.FilterChainProxy - Secured GET /tecnico/dashboard
2026-07-07 13:32:23.303 [http-nio-8080-exec-5] DEBUG org.hibernate.SQL - 
    select
        u1_0.id,
        u1_0.created_at,
        u1_0.email,
        u1_0.nome,
        u1_0.password_hash,
        u1_0.role,
        u1_0.username 
    from
        utilizador u1_0 
    where
        u1_0.username=?
2026-07-07 13:32:23.305 [http-nio-8080-exec-5] DEBUG org.hibernate.SQL - 
    select
        t1_0.id,
        t1_0.carga_trabalho_atual,
        t1_0.disponibilidade,
        t1_0.utilizador_id 
    from
        tecnico t1_0 
    left join
        utilizador u1_0 
            on u1_0.id=t1_0.utilizador_id 
    where
        u1_0.id=?
2026-07-07 13:32:23.307 [http-nio-8080-exec-5] DEBUG org.hibernate.SQL - 
    select
        c1_0.tecnico_id,
        c1_1.id,
        c1_1.nome 
    from
        tecnico_competencia c1_0 
    join
        competencia c1_1 
            on c1_1.id=c1_0.competencia_id 
    where
        c1_0.tecnico_id=?
2026-07-07 13:32:23.309 [http-nio-8080-exec-5] DEBUG org.hibernate.SQL - 
    select
        t1_0.id,
        t1_0.aberto_por_id,
        t1_0.ativo_id,
        t1_0.data_abertura,
        t1_0.data_fecho,
        t1_0.descricao,
        t1_0.estado,
        t1_0.prioridade,
        t1_0.tecnico_id,
        t1_0.tipo,
        t1_0.titulo 
    from
        ticket t1_0 
    left join
        tecnico t2_0 
            on t2_0.id=t1_0.tecnico_id 
    where
        t2_0.id=?
2026-07-07 13:32:23.311 [http-nio-8080-exec-5] DEBUG org.hibernate.SQL - 
    select
        u1_0.id,
        u1_0.created_at,
        u1_0.email,
        u1_0.nome,
        u1_0.password_hash,
        u1_0.role,
        u1_0.username 
    from
        utilizador u1_0 
    where
        u1_0.id=?
2026-07-07 13:32:23.313 [http-nio-8080-exec-5] DEBUG org.hibernate.SQL - 
    select
        u1_0.id,
        u1_0.created_at,
        u1_0.email,
        u1_0.nome,
        u1_0.password_hash,
        u1_0.role,
        u1_0.username 
    from
        utilizador u1_0 
    where
        u1_0.id=?
2026-07-07 13:32:30.345 [http-nio-8080-exec-9] DEBUG o.s.security.web.FilterChainProxy - Securing GET /logout
2026-07-07 13:32:30.345 [http-nio-8080-exec-9] DEBUG o.s.s.w.c.HttpSessionSecurityContextRepository - Retrieved SecurityContextImpl [Authentication=UsernamePasswordAuthenticationToken [Principal=com.itsm.incidentmanagement.security.service.CustomUserDetails@6ad75a85, Credentials=[PROTECTED], Authenticated=true, Details=WebAuthenticationDetails [RemoteIpAddress=127.0.0.1, SessionId=D0075C11C6309345E98BB87DB6E2C9D2], Granted Authorities=[ROLE_TECNICO]]]
2026-07-07 13:32:30.345 [http-nio-8080-exec-9] DEBUG o.s.s.w.a.logout.LogoutFilter - Logging out [UsernamePasswordAuthenticationToken [Principal=com.itsm.incidentmanagement.security.service.CustomUserDetails@6ad75a85, Credentials=[PROTECTED], Authenticated=true, Details=WebAuthenticationDetails [RemoteIpAddress=127.0.0.1, SessionId=D0075C11C6309345E98BB87DB6E2C9D2], Granted Authorities=[ROLE_TECNICO]]]
2026-07-07 13:32:30.346 [http-nio-8080-exec-9] DEBUG o.s.s.w.a.l.SecurityContextLogoutHandler - Invalidated session 37B941754965DC596CE41A681660F9CC
2026-07-07 13:32:30.346 [http-nio-8080-exec-9] DEBUG o.s.s.web.DefaultRedirectStrategy - Redirecting to /login?logout=true
2026-07-07 13:32:30.349 [http-nio-8080-exec-10] DEBUG o.s.security.web.FilterChainProxy - Securing GET /login?logout=true
2026-07-07 13:32:30.351 [http-nio-8080-exec-10] DEBUG o.s.s.w.a.AnonymousAuthenticationFilter - Set SecurityContextHolder to anonymous SecurityContext
2026-07-07 13:32:30.351 [http-nio-8080-exec-10] DEBUG o.s.security.web.FilterChainProxy - Secured GET /login?logout=true
2026-07-07 13:32:30.351 [http-nio-8080-exec-10] DEBUG c.i.i.controller.AuthController - Página de login acessada
2026-07-07 13:32:30.386 [http-nio-8080-exec-8] DEBUG o.s.security.web.FilterChainProxy - Securing GET /favicon.ico
2026-07-07 13:32:30.386 [http-nio-8080-exec-8] DEBUG o.s.s.w.a.AnonymousAuthenticationFilter - Set SecurityContextHolder to anonymous SecurityContext
2026-07-07 13:32:30.387 [http-nio-8080-exec-8] DEBUG o.s.security.web.FilterChainProxy - Secured GET /favicon.ico
2026-07-07 13:32:33.040 [http-nio-8080-exec-6] DEBUG o.s.security.web.FilterChainProxy - Securing POST /login
2026-07-07 13:32:33.042 [http-nio-8080-exec-6] DEBUG c.i.i.s.s.CustomUserDetailsService - Buscando utilizador: carlos_tecnico
2026-07-07 13:32:33.043 [http-nio-8080-exec-6] DEBUG org.hibernate.SQL - 
    select
        u1_0.id,
        u1_0.created_at,
        u1_0.email,
        u1_0.nome,
        u1_0.password_hash,
        u1_0.role,
        u1_0.username 
    from
        utilizador u1_0 
    where
        u1_0.username=?
2026-07-07 13:32:33.044 [http-nio-8080-exec-6] DEBUG c.i.i.s.s.CustomUserDetailsService - Utilizador encontrado: carlos_tecnico | Role: TECNICO
2026-07-07 13:32:33.044 [http-nio-8080-exec-6] DEBUG c.i.i.s.s.CustomUserDetailsService - Password hash limpo para utilizador: carlos_tecnico
2026-07-07 13:32:33.044 [http-nio-8080-exec-6] DEBUG c.i.i.s.service.CustomUserDetails - CustomUserDetails criado para: carlos_tecnico
2026-07-07 13:32:33.045 [http-nio-8080-exec-6] DEBUG c.i.i.s.service.CustomUserDetails - Password hash retrieved
2026-07-07 13:32:33.112 [http-nio-8080-exec-6] DEBUG c.i.i.s.service.CustomUserDetails - GrantedAuthority: ROLE_TECNICO
2026-07-07 13:32:33.112 [http-nio-8080-exec-6] DEBUG o.s.s.a.d.DaoAuthenticationProvider - Authenticated user
2026-07-07 13:32:33.113 [http-nio-8080-exec-6] DEBUG o.s.s.w.a.s.ChangeSessionIdAuthenticationStrategy - Changed session id from 73BF388FA1AF8A53E75CA01FE4481795
2026-07-07 13:32:33.113 [http-nio-8080-exec-6] DEBUG o.s.s.w.c.CsrfAuthenticationStrategy - Replaced CSRF Token
2026-07-07 13:32:33.113 [http-nio-8080-exec-6] DEBUG o.s.s.w.c.HttpSessionSecurityContextRepository - Stored SecurityContextImpl [Authentication=UsernamePasswordAuthenticationToken [Principal=com.itsm.incidentmanagement.security.service.CustomUserDetails@64bff1d4, Credentials=[PROTECTED], Authenticated=true, Details=WebAuthenticationDetails [RemoteIpAddress=127.0.0.1, SessionId=73BF388FA1AF8A53E75CA01FE4481795], Granted Authorities=[ROLE_TECNICO]]] to HttpSession [org.apache.catalina.session.StandardSessionFacade@2526e7f7]
2026-07-07 13:32:33.114 [http-nio-8080-exec-6] DEBUG o.s.s.w.a.UsernamePasswordAuthenticationFilter - Set SecurityContextHolder to UsernamePasswordAuthenticationToken [Principal=com.itsm.incidentmanagement.security.service.CustomUserDetails@64bff1d4, Credentials=[PROTECTED], Authenticated=true, Details=WebAuthenticationDetails [RemoteIpAddress=127.0.0.1, SessionId=73BF388FA1AF8A53E75CA01FE4481795], Granted Authorities=[ROLE_TECNICO]]
2026-07-07 13:32:33.114 [http-nio-8080-exec-6] INFO  c.i.i.security.config.SecurityConfig - Redirecionando por role: ROLE_TECNICO
2026-07-07 13:32:33.118 [http-nio-8080-exec-7] DEBUG o.s.security.web.FilterChainProxy - Securing GET /tecnico/dashboard
2026-07-07 13:32:33.119 [http-nio-8080-exec-7] DEBUG o.s.s.w.c.HttpSessionSecurityContextRepository - Retrieved SecurityContextImpl [Authentication=UsernamePasswordAuthenticationToken [Principal=com.itsm.incidentmanagement.security.service.CustomUserDetails@64bff1d4, Credentials=[PROTECTED], Authenticated=true, Details=WebAuthenticationDetails [RemoteIpAddress=127.0.0.1, SessionId=73BF388FA1AF8A53E75CA01FE4481795], Granted Authorities=[ROLE_TECNICO]]]
2026-07-07 13:32:33.119 [http-nio-8080-exec-7] DEBUG o.s.security.web.FilterChainProxy - Secured GET /tecnico/dashboard
2026-07-07 13:32:33.121 [http-nio-8080-exec-7] DEBUG org.hibernate.SQL - 
    select
        u1_0.id,
        u1_0.created_at,
        u1_0.email,
        u1_0.nome,
        u1_0.password_hash,
        u1_0.role,
        u1_0.username 
    from
        utilizador u1_0 
    where
        u1_0.username=?
2026-07-07 13:32:33.123 [http-nio-8080-exec-7] DEBUG org.hibernate.SQL - 
    select
        t1_0.id,
        t1_0.carga_trabalho_atual,
        t1_0.disponibilidade,
        t1_0.utilizador_id 
    from
        tecnico t1_0 
    left join
        utilizador u1_0 
            on u1_0.id=t1_0.utilizador_id 
    where
        u1_0.id=?
2026-07-07 13:32:33.125 [http-nio-8080-exec-7] DEBUG org.hibernate.SQL - 
    select
        c1_0.tecnico_id,
        c1_1.id,
        c1_1.nome 
    from
        tecnico_competencia c1_0 
    join
        competencia c1_1 
            on c1_1.id=c1_0.competencia_id 
    where
        c1_0.tecnico_id=?
2026-07-07 13:32:33.128 [http-nio-8080-exec-7] DEBUG org.hibernate.SQL - 
    select
        t1_0.id,
        t1_0.aberto_por_id,
        t1_0.ativo_id,
        t1_0.data_abertura,
        t1_0.data_fecho,
        t1_0.descricao,
        t1_0.estado,
        t1_0.prioridade,
        t1_0.tecnico_id,
        t1_0.tipo,
        t1_0.titulo 
    from
        ticket t1_0 
    left join
        tecnico t2_0 
            on t2_0.id=t1_0.tecnico_id 
    where
        t2_0.id=?
2026-07-07 13:32:33.130 [http-nio-8080-exec-7] DEBUG org.hibernate.SQL - 
    select
        u1_0.id,
        u1_0.created_at,
        u1_0.email,
        u1_0.nome,
        u1_0.password_hash,
        u1_0.role,
        u1_0.username 
    from
        utilizador u1_0 
    where
        u1_0.id=?
2026-07-07 13:32:33.131 [http-nio-8080-exec-7] DEBUG org.hibernate.SQL - 
    select
        u1_0.id,
        u1_0.created_at,
        u1_0.email,
        u1_0.nome,
        u1_0.password_hash,
        u1_0.role,
        u1_0.username 
    from
        utilizador u1_0 
    where
        u1_0.id=?
2026-07-07 13:32:33.166 [http-nio-8080-exec-1] DEBUG o.s.security.web.FilterChainProxy - Securing GET /favicon.ico
2026-07-07 13:32:33.166 [http-nio-8080-exec-1] DEBUG o.s.security.web.FilterChainProxy - Secured GET /favicon.ico
2026-07-07 13:32:33.169 [http-nio-8080-exec-1] DEBUG o.s.s.w.c.HttpSessionSecurityContextRepository - Retrieved SecurityContextImpl [Authentication=UsernamePasswordAuthenticationToken [Principal=com.itsm.incidentmanagement.security.service.CustomUserDetails@64bff1d4, Credentials=[PROTECTED], Authenticated=true, Details=WebAuthenticationDetails [RemoteIpAddress=127.0.0.1, SessionId=73BF388FA1AF8A53E75CA01FE4481795], Granted Authorities=[ROLE_TECNICO]]]
2026-07-07 13:32:37.694 [http-nio-8080-exec-3] DEBUG o.s.security.web.FilterChainProxy - Securing POST /tecnico/tickets/update-state
2026-07-07 13:32:37.695 [http-nio-8080-exec-3] DEBUG o.s.s.w.c.HttpSessionSecurityContextRepository - Retrieved SecurityContextImpl [Authentication=UsernamePasswordAuthenticationToken [Principal=com.itsm.incidentmanagement.security.service.CustomUserDetails@64bff1d4, Credentials=[PROTECTED], Authenticated=true, Details=WebAuthenticationDetails [RemoteIpAddress=127.0.0.1, SessionId=73BF388FA1AF8A53E75CA01FE4481795], Granted Authorities=[ROLE_TECNICO]]]
2026-07-07 13:32:37.695 [http-nio-8080-exec-3] DEBUG o.s.security.web.FilterChainProxy - Secured POST /tecnico/tickets/update-state
2026-07-07 13:32:37.696 [http-nio-8080-exec-3] DEBUG c.i.i.controller.DashboardController - Atualizando ticket 38 para estado: EM_CURSO
2026-07-07 13:32:37.696 [http-nio-8080-exec-3] INFO  c.i.i.service.TicketService - AUDIT - Atualizando estado do ticket 38 para EM_CURSO
2026-07-07 13:32:37.697 [http-nio-8080-exec-3] DEBUG org.hibernate.SQL - 
    select
        t1_0.id,
        t1_0.aberto_por_id,
        ap1_0.id,
        ap1_0.created_at,
        ap1_0.email,
        ap1_0.nome,
        ap1_0.password_hash,
        ap1_0.role,
        ap1_0.username,
        a1_0.id,
        a1_0.created_at,
        a1_0.data_aquisicao,
        a1_0.especificacoes,
        a1_0.estado,
        a1_0.nome,
        a1_0.tipo,
        t1_0.data_abertura,
        t1_0.data_fecho,
        t1_0.descricao,
        t1_0.estado,
        t1_0.prioridade,
        t2_0.id,
        t2_0.carga_trabalho_atual,
        c1_0.tecnico_id,
        c1_1.id,
        c1_1.nome,
        t2_0.disponibilidade,
        t2_0.utilizador_id,
        u1_0.id,
        u1_0.created_at,
        u1_0.email,
        u1_0.nome,
        u1_0.password_hash,
        u1_0.role,
        u1_0.username,
        t1_0.tipo,
        t1_0.titulo 
    from
        ticket t1_0 
    join
        utilizador ap1_0 
            on ap1_0.id=t1_0.aberto_por_id 
    left join
        ativo a1_0 
            on a1_0.id=t1_0.ativo_id 
    left join
        tecnico t2_0 
            on t2_0.id=t1_0.tecnico_id 
    left join
        tecnico_competencia c1_0 
            on t2_0.id=c1_0.tecnico_id 
    left join
        competencia c1_1 
            on c1_1.id=c1_0.competencia_id 
    left join
        utilizador u1_0 
            on u1_0.id=t2_0.utilizador_id 
    where
        t1_0.id=?
2026-07-07 13:32:37.700 [http-nio-8080-exec-3] INFO  AUDIT - TICKET_STATE_CHANGE | TicketId: 38 | OldState: ABERTO | NewState: EM_CURSO | UserId: 20
2026-07-07 13:32:37.701 [http-nio-8080-exec-3] DEBUG org.hibernate.SQL - 
    update
        ticket 
    set
        aberto_por_id=?,
        ativo_id=?,
        data_abertura=?,
        data_fecho=?,
        descricao=?,
        estado=?,
        prioridade=?,
        tecnico_id=?,
        tipo=?,
        titulo=? 
    where
        id=?
2026-07-07 13:32:37.712 [http-nio-8080-exec-4] DEBUG o.s.security.web.FilterChainProxy - Securing GET /tecnico/dashboard
2026-07-07 13:32:37.712 [http-nio-8080-exec-4] DEBUG o.s.s.w.c.HttpSessionSecurityContextRepository - Retrieved SecurityContextImpl [Authentication=UsernamePasswordAuthenticationToken [Principal=com.itsm.incidentmanagement.security.service.CustomUserDetails@64bff1d4, Credentials=[PROTECTED], Authenticated=true, Details=WebAuthenticationDetails [RemoteIpAddress=127.0.0.1, SessionId=73BF388FA1AF8A53E75CA01FE4481795], Granted Authorities=[ROLE_TECNICO]]]
2026-07-07 13:32:37.713 [http-nio-8080-exec-4] DEBUG o.s.security.web.FilterChainProxy - Secured GET /tecnico/dashboard
2026-07-07 13:32:37.715 [http-nio-8080-exec-4] DEBUG org.hibernate.SQL - 
    select
        u1_0.id,
        u1_0.created_at,
        u1_0.email,
        u1_0.nome,
        u1_0.password_hash,
        u1_0.role,
        u1_0.username 
    from
        utilizador u1_0 
    where
        u1_0.username=?
2026-07-07 13:32:37.716 [http-nio-8080-exec-4] DEBUG org.hibernate.SQL - 
    select
        t1_0.id,
        t1_0.carga_trabalho_atual,
        t1_0.disponibilidade,
        t1_0.utilizador_id 
    from
        tecnico t1_0 
    left join
        utilizador u1_0 
            on u1_0.id=t1_0.utilizador_id 
    where
        u1_0.id=?
2026-07-07 13:32:37.718 [http-nio-8080-exec-4] DEBUG org.hibernate.SQL - 
    select
        c1_0.tecnico_id,
        c1_1.id,
        c1_1.nome 
    from
        tecnico_competencia c1_0 
    join
        competencia c1_1 
            on c1_1.id=c1_0.competencia_id 
    where
        c1_0.tecnico_id=?
2026-07-07 13:32:37.720 [http-nio-8080-exec-4] DEBUG org.hibernate.SQL - 
    select
        t1_0.id,
        t1_0.aberto_por_id,
        t1_0.ativo_id,
        t1_0.data_abertura,
        t1_0.data_fecho,
        t1_0.descricao,
        t1_0.estado,
        t1_0.prioridade,
        t1_0.tecnico_id,
        t1_0.tipo,
        t1_0.titulo 
    from
        ticket t1_0 
    left join
        tecnico t2_0 
            on t2_0.id=t1_0.tecnico_id 
    where
        t2_0.id=?
2026-07-07 13:32:37.722 [http-nio-8080-exec-4] DEBUG org.hibernate.SQL - 
    select
        u1_0.id,
        u1_0.created_at,
        u1_0.email,
        u1_0.nome,
        u1_0.password_hash,
        u1_0.role,
        u1_0.username 
    from
        utilizador u1_0 
    where
        u1_0.id=?
2026-07-07 13:32:37.723 [http-nio-8080-exec-4] DEBUG org.hibernate.SQL - 
    select
        u1_0.id,
        u1_0.created_at,
        u1_0.email,
        u1_0.nome,
        u1_0.password_hash,
        u1_0.role,
        u1_0.username 
    from
        utilizador u1_0 
    where
        u1_0.id=?
2026-07-07 13:33:06.153 [http-nio-8080-exec-2] DEBUG o.s.security.web.FilterChainProxy - Securing POST /tecnico/tickets/update-state
2026-07-07 13:33:06.154 [http-nio-8080-exec-2] DEBUG o.s.s.w.c.HttpSessionSecurityContextRepository - Retrieved SecurityContextImpl [Authentication=UsernamePasswordAuthenticationToken [Principal=com.itsm.incidentmanagement.security.service.CustomUserDetails@64bff1d4, Credentials=[PROTECTED], Authenticated=true, Details=WebAuthenticationDetails [RemoteIpAddress=127.0.0.1, SessionId=73BF388FA1AF8A53E75CA01FE4481795], Granted Authorities=[ROLE_TECNICO]]]
2026-07-07 13:33:06.154 [http-nio-8080-exec-2] DEBUG o.s.security.web.FilterChainProxy - Secured POST /tecnico/tickets/update-state
2026-07-07 13:33:06.155 [http-nio-8080-exec-2] DEBUG c.i.i.controller.DashboardController - Atualizando ticket 39 para estado: RESOLVIDO
2026-07-07 13:33:06.156 [http-nio-8080-exec-2] INFO  c.i.i.service.TicketService - AUDIT - Atualizando estado do ticket 39 para RESOLVIDO
2026-07-07 13:33:06.157 [http-nio-8080-exec-2] DEBUG org.hibernate.SQL - 
    select
        t1_0.id,
        t1_0.aberto_por_id,
        ap1_0.id,
        ap1_0.created_at,
        ap1_0.email,
        ap1_0.nome,
        ap1_0.password_hash,
        ap1_0.role,
        ap1_0.username,
        a1_0.id,
        a1_0.created_at,
        a1_0.data_aquisicao,
        a1_0.especificacoes,
        a1_0.estado,
        a1_0.nome,
        a1_0.tipo,
        t1_0.data_abertura,
        t1_0.data_fecho,
        t1_0.descricao,
        t1_0.estado,
        t1_0.prioridade,
        t2_0.id,
        t2_0.carga_trabalho_atual,
        c1_0.tecnico_id,
        c1_1.id,
        c1_1.nome,
        t2_0.disponibilidade,
        t2_0.utilizador_id,
        u1_0.id,
        u1_0.created_at,
        u1_0.email,
        u1_0.nome,
        u1_0.password_hash,
        u1_0.role,
        u1_0.username,
        t1_0.tipo,
        t1_0.titulo 
    from
        ticket t1_0 
    join
        utilizador ap1_0 
            on ap1_0.id=t1_0.aberto_por_id 
    left join
        ativo a1_0 
            on a1_0.id=t1_0.ativo_id 
    left join
        tecnico t2_0 
            on t2_0.id=t1_0.tecnico_id 
    left join
        tecnico_competencia c1_0 
            on t2_0.id=c1_0.tecnico_id 
    left join
        competencia c1_1 
            on c1_1.id=c1_0.competencia_id 
    left join
        utilizador u1_0 
            on u1_0.id=t2_0.utilizador_id 
    where
        t1_0.id=?
2026-07-07 13:33:06.160 [http-nio-8080-exec-2] INFO  c.i.i.service.TicketService - AUDIT - Carga do técnico 6 reduzida para 21
2026-07-07 13:33:06.161 [http-nio-8080-exec-2] INFO  c.i.i.service.TicketService - AUDIT - Ticket 39 resolvido em 2026-07-07T13:33:06.161372500
2026-07-07 13:33:06.161 [http-nio-8080-exec-2] INFO  AUDIT - TICKET_STATE_CHANGE | TicketId: 39 | OldState: ABERTO | NewState: RESOLVIDO | UserId: 20
2026-07-07 13:33:06.162 [http-nio-8080-exec-2] DEBUG org.hibernate.SQL - 
    update
        tecnico 
    set
        carga_trabalho_atual=?,
        disponibilidade=?,
        utilizador_id=? 
    where
        id=?
2026-07-07 13:33:06.163 [http-nio-8080-exec-2] DEBUG org.hibernate.SQL - 
    update
        ticket 
    set
        aberto_por_id=?,
        ativo_id=?,
        data_abertura=?,
        data_fecho=?,
        descricao=?,
        estado=?,
        prioridade=?,
        tecnico_id=?,
        tipo=?,
        titulo=? 
    where
        id=?
2026-07-07 13:33:06.169 [http-nio-8080-exec-5] DEBUG o.s.security.web.FilterChainProxy - Securing GET /tecnico/dashboard
2026-07-07 13:33:06.170 [http-nio-8080-exec-5] DEBUG o.s.s.w.c.HttpSessionSecurityContextRepository - Retrieved SecurityContextImpl [Authentication=UsernamePasswordAuthenticationToken [Principal=com.itsm.incidentmanagement.security.service.CustomUserDetails@64bff1d4, Credentials=[PROTECTED], Authenticated=true, Details=WebAuthenticationDetails [RemoteIpAddress=127.0.0.1, SessionId=73BF388FA1AF8A53E75CA01FE4481795], Granted Authorities=[ROLE_TECNICO]]]
2026-07-07 13:33:06.171 [http-nio-8080-exec-5] DEBUG o.s.security.web.FilterChainProxy - Secured GET /tecnico/dashboard
2026-07-07 13:33:06.174 [http-nio-8080-exec-5] DEBUG org.hibernate.SQL - 
    select
        u1_0.id,
        u1_0.created_at,
        u1_0.email,
        u1_0.nome,
        u1_0.password_hash,
        u1_0.role,
        u1_0.username 
    from
        utilizador u1_0 
    where
        u1_0.username=?
2026-07-07 13:33:06.176 [http-nio-8080-exec-5] DEBUG org.hibernate.SQL - 
    select
        t1_0.id,
        t1_0.carga_trabalho_atual,
        t1_0.disponibilidade,
        t1_0.utilizador_id 
    from
        tecnico t1_0 
    left join
        utilizador u1_0 
            on u1_0.id=t1_0.utilizador_id 
    where
        u1_0.id=?
2026-07-07 13:33:06.177 [http-nio-8080-exec-5] DEBUG org.hibernate.SQL - 
    select
        c1_0.tecnico_id,
        c1_1.id,
        c1_1.nome 
    from
        tecnico_competencia c1_0 
    join
        competencia c1_1 
            on c1_1.id=c1_0.competencia_id 
    where
        c1_0.tecnico_id=?
2026-07-07 13:33:06.179 [http-nio-8080-exec-5] DEBUG org.hibernate.SQL - 
    select
        t1_0.id,
        t1_0.aberto_por_id,
        t1_0.ativo_id,
        t1_0.data_abertura,
        t1_0.data_fecho,
        t1_0.descricao,
        t1_0.estado,
        t1_0.prioridade,
        t1_0.tecnico_id,
        t1_0.tipo,
        t1_0.titulo 
    from
        ticket t1_0 
    left join
        tecnico t2_0 
            on t2_0.id=t1_0.tecnico_id 
    where
        t2_0.id=?
2026-07-07 13:33:06.180 [http-nio-8080-exec-5] DEBUG org.hibernate.SQL - 
    select
        u1_0.id,
        u1_0.created_at,
        u1_0.email,
        u1_0.nome,
        u1_0.password_hash,
        u1_0.role,
        u1_0.username 
    from
        utilizador u1_0 
    where
        u1_0.id=?
2026-07-07 13:33:06.182 [http-nio-8080-exec-5] DEBUG org.hibernate.SQL - 
    select
        u1_0.id,
        u1_0.created_at,
        u1_0.email,
        u1_0.nome,
        u1_0.password_hash,
        u1_0.role,
        u1_0.username 
    from
        utilizador u1_0 
    where
        u1_0.id=?
2026-07-07 13:33:06.215 [http-nio-8080-exec-9] DEBUG o.s.security.web.FilterChainProxy - Securing GET /favicon.ico
2026-07-07 13:33:06.215 [http-nio-8080-exec-9] DEBUG o.s.security.web.FilterChainProxy - Secured GET /favicon.ico
2026-07-07 13:33:06.218 [http-nio-8080-exec-9] DEBUG o.s.s.w.c.HttpSessionSecurityContextRepository - Retrieved SecurityContextImpl [Authentication=UsernamePasswordAuthenticationToken [Principal=com.itsm.incidentmanagement.security.service.CustomUserDetails@64bff1d4, Credentials=[PROTECTED], Authenticated=true, Details=WebAuthenticationDetails [RemoteIpAddress=127.0.0.1, SessionId=73BF388FA1AF8A53E75CA01FE4481795], Granted Authorities=[ROLE_TECNICO]]]
2026-07-07 13:33:09.063 [http-nio-8080-exec-10] DEBUG o.s.security.web.FilterChainProxy - Securing GET /logout
2026-07-07 13:33:09.063 [http-nio-8080-exec-10] DEBUG o.s.s.w.c.HttpSessionSecurityContextRepository - Retrieved SecurityContextImpl [Authentication=UsernamePasswordAuthenticationToken [Principal=com.itsm.incidentmanagement.security.service.CustomUserDetails@64bff1d4, Credentials=[PROTECTED], Authenticated=true, Details=WebAuthenticationDetails [RemoteIpAddress=127.0.0.1, SessionId=73BF388FA1AF8A53E75CA01FE4481795], Granted Authorities=[ROLE_TECNICO]]]
2026-07-07 13:33:09.064 [http-nio-8080-exec-10] DEBUG o.s.s.w.a.logout.LogoutFilter - Logging out [UsernamePasswordAuthenticationToken [Principal=com.itsm.incidentmanagement.security.service.CustomUserDetails@64bff1d4, Credentials=[PROTECTED], Authenticated=true, Details=WebAuthenticationDetails [RemoteIpAddress=127.0.0.1, SessionId=73BF388FA1AF8A53E75CA01FE4481795], Granted Authorities=[ROLE_TECNICO]]]
2026-07-07 13:33:09.064 [http-nio-8080-exec-10] DEBUG o.s.s.w.a.l.SecurityContextLogoutHandler - Invalidated session C6F5FFEDBCC2E0B89A3A6A2EA8A96ED6
2026-07-07 13:33:09.064 [http-nio-8080-exec-10] DEBUG o.s.s.web.DefaultRedirectStrategy - Redirecting to /login?logout=true
2026-07-07 13:33:09.067 [http-nio-8080-exec-8] DEBUG o.s.security.web.FilterChainProxy - Securing GET /login?logout=true
2026-07-07 13:33:09.069 [http-nio-8080-exec-8] DEBUG o.s.s.w.a.AnonymousAuthenticationFilter - Set SecurityContextHolder to anonymous SecurityContext
2026-07-07 13:33:09.069 [http-nio-8080-exec-8] DEBUG o.s.security.web.FilterChainProxy - Secured GET /login?logout=true
2026-07-07 13:33:09.069 [http-nio-8080-exec-8] DEBUG c.i.i.controller.AuthController - Página de login acessada
2026-07-07 13:33:09.110 [http-nio-8080-exec-6] DEBUG o.s.security.web.FilterChainProxy - Securing GET /favicon.ico
2026-07-07 13:33:09.110 [http-nio-8080-exec-6] DEBUG o.s.s.w.a.AnonymousAuthenticationFilter - Set SecurityContextHolder to anonymous SecurityContext
2026-07-07 13:33:09.111 [http-nio-8080-exec-6] DEBUG o.s.security.web.FilterChainProxy - Secured GET /favicon.ico
2026-07-07 13:33:11.698 [http-nio-8080-exec-7] DEBUG o.s.security.web.FilterChainProxy - Securing POST /login
2026-07-07 13:33:11.699 [http-nio-8080-exec-7] DEBUG c.i.i.s.s.CustomUserDetailsService - Buscando utilizador: marcio_user
2026-07-07 13:33:11.701 [http-nio-8080-exec-7] DEBUG org.hibernate.SQL - 
    select
        u1_0.id,
        u1_0.created_at,
        u1_0.email,
        u1_0.nome,
        u1_0.password_hash,
        u1_0.role,
        u1_0.username 
    from
        utilizador u1_0 
    where
        u1_0.username=?
2026-07-07 13:33:11.702 [http-nio-8080-exec-7] DEBUG c.i.i.s.s.CustomUserDetailsService - Utilizador encontrado: marcio_user | Role: UTILIZADOR
2026-07-07 13:33:11.702 [http-nio-8080-exec-7] DEBUG c.i.i.s.s.CustomUserDetailsService - Password hash limpo para utilizador: marcio_user
2026-07-07 13:33:11.702 [http-nio-8080-exec-7] DEBUG c.i.i.s.service.CustomUserDetails - CustomUserDetails criado para: marcio_user
2026-07-07 13:33:11.702 [http-nio-8080-exec-7] DEBUG c.i.i.s.service.CustomUserDetails - Password hash retrieved
2026-07-07 13:33:11.771 [http-nio-8080-exec-7] DEBUG c.i.i.s.service.CustomUserDetails - GrantedAuthority: ROLE_UTILIZADOR
2026-07-07 13:33:11.771 [http-nio-8080-exec-7] DEBUG o.s.s.a.d.DaoAuthenticationProvider - Authenticated user
2026-07-07 13:33:11.771 [http-nio-8080-exec-7] DEBUG o.s.s.w.a.s.ChangeSessionIdAuthenticationStrategy - Changed session id from DC54C72C83EEE48EDBBB8B49DD1550DC
2026-07-07 13:33:11.771 [http-nio-8080-exec-7] DEBUG o.s.s.w.c.CsrfAuthenticationStrategy - Replaced CSRF Token
2026-07-07 13:33:11.772 [http-nio-8080-exec-7] DEBUG o.s.s.w.c.HttpSessionSecurityContextRepository - Stored SecurityContextImpl [Authentication=UsernamePasswordAuthenticationToken [Principal=com.itsm.incidentmanagement.security.service.CustomUserDetails@6d1f0531, Credentials=[PROTECTED], Authenticated=true, Details=WebAuthenticationDetails [RemoteIpAddress=127.0.0.1, SessionId=DC54C72C83EEE48EDBBB8B49DD1550DC], Granted Authorities=[ROLE_UTILIZADOR]]] to HttpSession [org.apache.catalina.session.StandardSessionFacade@3b385605]
2026-07-07 13:33:11.772 [http-nio-8080-exec-7] DEBUG o.s.s.w.a.UsernamePasswordAuthenticationFilter - Set SecurityContextHolder to UsernamePasswordAuthenticationToken [Principal=com.itsm.incidentmanagement.security.service.CustomUserDetails@6d1f0531, Credentials=[PROTECTED], Authenticated=true, Details=WebAuthenticationDetails [RemoteIpAddress=127.0.0.1, SessionId=DC54C72C83EEE48EDBBB8B49DD1550DC], Granted Authorities=[ROLE_UTILIZADOR]]
2026-07-07 13:33:11.772 [http-nio-8080-exec-7] INFO  c.i.i.security.config.SecurityConfig - Redirecionando por role: ROLE_UTILIZADOR
2026-07-07 13:33:11.776 [http-nio-8080-exec-1] DEBUG o.s.security.web.FilterChainProxy - Securing GET /utilizador/dashboard
2026-07-07 13:33:11.777 [http-nio-8080-exec-1] DEBUG o.s.s.w.c.HttpSessionSecurityContextRepository - Retrieved SecurityContextImpl [Authentication=UsernamePasswordAuthenticationToken [Principal=com.itsm.incidentmanagement.security.service.CustomUserDetails@6d1f0531, Credentials=[PROTECTED], Authenticated=true, Details=WebAuthenticationDetails [RemoteIpAddress=127.0.0.1, SessionId=DC54C72C83EEE48EDBBB8B49DD1550DC], Granted Authorities=[ROLE_UTILIZADOR]]]
2026-07-07 13:33:11.777 [http-nio-8080-exec-1] DEBUG o.s.security.web.FilterChainProxy - Secured GET /utilizador/dashboard
2026-07-07 13:33:11.779 [http-nio-8080-exec-1] DEBUG org.hibernate.SQL - 
    select
        u1_0.id,
        u1_0.created_at,
        u1_0.email,
        u1_0.nome,
        u1_0.password_hash,
        u1_0.role,
        u1_0.username 
    from
        utilizador u1_0 
    where
        u1_0.username=?
2026-07-07 13:33:11.782 [http-nio-8080-exec-1] DEBUG org.hibernate.SQL - 
    select
        t1_0.id,
        t1_0.aberto_por_id,
        t1_0.ativo_id,
        t1_0.data_abertura,
        t1_0.data_fecho,
        t1_0.descricao,
        t1_0.estado,
        t1_0.prioridade,
        t1_0.tecnico_id,
        t1_0.tipo,
        t1_0.titulo 
    from
        ticket t1_0 
    left join
        utilizador ap1_0 
            on ap1_0.id=t1_0.aberto_por_id 
    where
        ap1_0.id=?
2026-07-07 13:33:11.784 [http-nio-8080-exec-1] DEBUG org.hibernate.SQL - 
    select
        t1_0.id,
        t1_0.carga_trabalho_atual,
        c1_0.tecnico_id,
        c1_1.id,
        c1_1.nome,
        t1_0.disponibilidade,
        t1_0.utilizador_id,
        u1_0.id,
        u1_0.created_at,
        u1_0.email,
        u1_0.nome,
        u1_0.password_hash,
        u1_0.role,
        u1_0.username 
    from
        tecnico t1_0 
    left join
        tecnico_competencia c1_0 
            on t1_0.id=c1_0.tecnico_id 
    left join
        competencia c1_1 
            on c1_1.id=c1_0.competencia_id 
    join
        utilizador u1_0 
            on u1_0.id=t1_0.utilizador_id 
    where
        t1_0.id=?
2026-07-07 13:33:11.785 [http-nio-8080-exec-1] DEBUG org.hibernate.SQL - 
    select
        t1_0.id,
        t1_0.carga_trabalho_atual,
        c1_0.tecnico_id,
        c1_1.id,
        c1_1.nome,
        t1_0.disponibilidade,
        t1_0.utilizador_id,
        u1_0.id,
        u1_0.created_at,
        u1_0.email,
        u1_0.nome,
        u1_0.password_hash,
        u1_0.role,
        u1_0.username 
    from
        tecnico t1_0 
    left join
        tecnico_competencia c1_0 
            on t1_0.id=c1_0.tecnico_id 
    left join
        competencia c1_1 
            on c1_1.id=c1_0.competencia_id 
    join
        utilizador u1_0 
            on u1_0.id=t1_0.utilizador_id 
    where
        t1_0.id=?
2026-07-07 13:33:25.361 [http-nio-8080-exec-3] DEBUG o.s.security.web.FilterChainProxy - Securing GET /utilizador/tickets
2026-07-07 13:33:25.363 [http-nio-8080-exec-3] DEBUG o.s.s.w.c.HttpSessionSecurityContextRepository - Retrieved SecurityContextImpl [Authentication=UsernamePasswordAuthenticationToken [Principal=com.itsm.incidentmanagement.security.service.CustomUserDetails@6d1f0531, Credentials=[PROTECTED], Authenticated=true, Details=WebAuthenticationDetails [RemoteIpAddress=127.0.0.1, SessionId=DC54C72C83EEE48EDBBB8B49DD1550DC], Granted Authorities=[ROLE_UTILIZADOR]]]
2026-07-07 13:33:25.363 [http-nio-8080-exec-3] DEBUG o.s.security.web.FilterChainProxy - Secured GET /utilizador/tickets
2026-07-07 13:33:25.364 [http-nio-8080-exec-3] DEBUG c.i.i.controller.DashboardController - A carregar tickets do utilizador: marcio_user
2026-07-07 13:33:25.365 [http-nio-8080-exec-3] DEBUG org.hibernate.SQL - 
    select
        u1_0.id,
        u1_0.created_at,
        u1_0.email,
        u1_0.nome,
        u1_0.password_hash,
        u1_0.role,
        u1_0.username 
    from
        utilizador u1_0 
    where
        u1_0.username=?
2026-07-07 13:33:25.368 [http-nio-8080-exec-3] DEBUG org.hibernate.SQL - 
    select
        t1_0.id,
        t1_0.aberto_por_id,
        t1_0.ativo_id,
        t1_0.data_abertura,
        t1_0.data_fecho,
        t1_0.descricao,
        t1_0.estado,
        t1_0.prioridade,
        t1_0.tecnico_id,
        t1_0.tipo,
        t1_0.titulo 
    from
        ticket t1_0 
    left join
        utilizador ap1_0 
            on ap1_0.id=t1_0.aberto_por_id 
    where
        ap1_0.id=?
2026-07-07 13:33:25.369 [http-nio-8080-exec-3] DEBUG org.hibernate.SQL - 
    select
        t1_0.id,
        t1_0.carga_trabalho_atual,
        c1_0.tecnico_id,
        c1_1.id,
        c1_1.nome,
        t1_0.disponibilidade,
        t1_0.utilizador_id,
        u1_0.id,
        u1_0.created_at,
        u1_0.email,
        u1_0.nome,
        u1_0.password_hash,
        u1_0.role,
        u1_0.username 
    from
        tecnico t1_0 
    left join
        tecnico_competencia c1_0 
            on t1_0.id=c1_0.tecnico_id 
    left join
        competencia c1_1 
            on c1_1.id=c1_0.competencia_id 
    join
        utilizador u1_0 
            on u1_0.id=t1_0.utilizador_id 
    where
        t1_0.id=?
2026-07-07 13:33:25.370 [http-nio-8080-exec-3] DEBUG org.hibernate.SQL - 
    select
        t1_0.id,
        t1_0.carga_trabalho_atual,
        c1_0.tecnico_id,
        c1_1.id,
        c1_1.nome,
        t1_0.disponibilidade,
        t1_0.utilizador_id,
        u1_0.id,
        u1_0.created_at,
        u1_0.email,
        u1_0.nome,
        u1_0.password_hash,
        u1_0.role,
        u1_0.username 
    from
        tecnico t1_0 
    left join
        tecnico_competencia c1_0 
            on t1_0.id=c1_0.tecnico_id 
    left join
        competencia c1_1 
            on c1_1.id=c1_0.competencia_id 
    join
        utilizador u1_0 
            on u1_0.id=t1_0.utilizador_id 
    where
        t1_0.id=?
2026-07-07 13:33:25.373 [http-nio-8080-exec-3] DEBUG c.i.i.controller.DashboardController - Total de tickets: 9
2026-07-07 13:33:25.406 [http-nio-8080-exec-4] DEBUG o.s.security.web.FilterChainProxy - Securing GET /favicon.ico
2026-07-07 13:33:25.407 [http-nio-8080-exec-4] DEBUG o.s.security.web.FilterChainProxy - Secured GET /favicon.ico
2026-07-07 13:33:25.410 [http-nio-8080-exec-4] DEBUG o.s.s.w.c.HttpSessionSecurityContextRepository - Retrieved SecurityContextImpl [Authentication=UsernamePasswordAuthenticationToken [Principal=com.itsm.incidentmanagement.security.service.CustomUserDetails@6d1f0531, Credentials=[PROTECTED], Authenticated=true, Details=WebAuthenticationDetails [RemoteIpAddress=127.0.0.1, SessionId=DC54C72C83EEE48EDBBB8B49DD1550DC], Granted Authorities=[ROLE_UTILIZADOR]]]
2026-07-07 13:33:31.803 [http-nio-8080-exec-2] DEBUG o.s.security.web.FilterChainProxy - Securing GET /utilizador/new-ticket
2026-07-07 13:33:31.803 [http-nio-8080-exec-2] DEBUG o.s.s.w.c.HttpSessionSecurityContextRepository - Retrieved SecurityContextImpl [Authentication=UsernamePasswordAuthenticationToken [Principal=com.itsm.incidentmanagement.security.service.CustomUserDetails@6d1f0531, Credentials=[PROTECTED], Authenticated=true, Details=WebAuthenticationDetails [RemoteIpAddress=127.0.0.1, SessionId=DC54C72C83EEE48EDBBB8B49DD1550DC], Granted Authorities=[ROLE_UTILIZADOR]]]
2026-07-07 13:33:31.804 [http-nio-8080-exec-2] DEBUG o.s.security.web.FilterChainProxy - Secured GET /utilizador/new-ticket
2026-07-07 13:33:31.804 [http-nio-8080-exec-2] DEBUG c.i.i.controller.DashboardController - A carregar formulário de novo ticket para: marcio_user
2026-07-07 13:33:31.805 [http-nio-8080-exec-2] DEBUG org.hibernate.SQL - 
    select
        t1_0.id,
        t1_0.carga_trabalho_atual,
        t1_0.disponibilidade,
        t1_0.utilizador_id 
    from
        tecnico t1_0
2026-07-07 13:33:31.806 [http-nio-8080-exec-2] DEBUG org.hibernate.SQL - 
    select
        u1_0.id,
        u1_0.created_at,
        u1_0.email,
        u1_0.nome,
        u1_0.password_hash,
        u1_0.role,
        u1_0.username 
    from
        utilizador u1_0 
    where
        u1_0.id=?
2026-07-07 13:33:31.807 [http-nio-8080-exec-2] DEBUG org.hibernate.SQL - 
    select
        u1_0.id,
        u1_0.created_at,
        u1_0.email,
        u1_0.nome,
        u1_0.password_hash,
        u1_0.role,
        u1_0.username 
    from
        utilizador u1_0 
    where
        u1_0.id=?
2026-07-07 13:33:31.808 [http-nio-8080-exec-2] DEBUG org.hibernate.SQL - 
    select
        c1_0.tecnico_id,
        c1_1.id,
        c1_1.nome 
    from
        tecnico_competencia c1_0 
    join
        competencia c1_1 
            on c1_1.id=c1_0.competencia_id 
    where
        c1_0.tecnico_id=?
2026-07-07 13:33:31.811 [http-nio-8080-exec-2] DEBUG org.hibernate.SQL - 
    select
        c1_0.tecnico_id,
        c1_1.id,
        c1_1.nome 
    from
        tecnico_competencia c1_0 
    join
        competencia c1_1 
            on c1_1.id=c1_0.competencia_id 
    where
        c1_0.tecnico_id=?
2026-07-07 13:33:31.814 [http-nio-8080-exec-2] DEBUG org.hibernate.SQL - 
    select
        a1_0.id,
        a1_0.created_at,
        a1_0.data_aquisicao,
        a1_0.especificacoes,
        a1_0.estado,
        a1_0.nome,
        a1_0.tipo 
    from
        ativo a1_0
2026-07-07 13:33:31.859 [http-nio-8080-exec-5] DEBUG o.s.security.web.FilterChainProxy - Securing GET /favicon.ico
2026-07-07 13:33:31.860 [http-nio-8080-exec-5] DEBUG o.s.security.web.FilterChainProxy - Secured GET /favicon.ico
2026-07-07 13:33:31.862 [http-nio-8080-exec-5] DEBUG o.s.s.w.c.HttpSessionSecurityContextRepository - Retrieved SecurityContextImpl [Authentication=UsernamePasswordAuthenticationToken [Principal=com.itsm.incidentmanagement.security.service.CustomUserDetails@6d1f0531, Credentials=[PROTECTED], Authenticated=true, Details=WebAuthenticationDetails [RemoteIpAddress=127.0.0.1, SessionId=DC54C72C83EEE48EDBBB8B49DD1550DC], Granted Authorities=[ROLE_UTILIZADOR]]]
2026-07-07 13:33:32.970 [http-nio-8080-exec-9] DEBUG o.s.security.web.FilterChainProxy - Securing GET /logout
2026-07-07 13:33:32.971 [http-nio-8080-exec-9] DEBUG o.s.s.w.c.HttpSessionSecurityContextRepository - Retrieved SecurityContextImpl [Authentication=UsernamePasswordAuthenticationToken [Principal=com.itsm.incidentmanagement.security.service.CustomUserDetails@6d1f0531, Credentials=[PROTECTED], Authenticated=true, Details=WebAuthenticationDetails [RemoteIpAddress=127.0.0.1, SessionId=DC54C72C83EEE48EDBBB8B49DD1550DC], Granted Authorities=[ROLE_UTILIZADOR]]]
2026-07-07 13:33:32.971 [http-nio-8080-exec-9] DEBUG o.s.s.w.a.logout.LogoutFilter - Logging out [UsernamePasswordAuthenticationToken [Principal=com.itsm.incidentmanagement.security.service.CustomUserDetails@6d1f0531, Credentials=[PROTECTED], Authenticated=true, Details=WebAuthenticationDetails [RemoteIpAddress=127.0.0.1, SessionId=DC54C72C83EEE48EDBBB8B49DD1550DC], Granted Authorities=[ROLE_UTILIZADOR]]]
2026-07-07 13:33:32.972 [http-nio-8080-exec-9] DEBUG o.s.s.w.a.l.SecurityContextLogoutHandler - Invalidated session A93A1F2C828AE1E33DB3AB6F7B2AAC43
2026-07-07 13:33:32.972 [http-nio-8080-exec-9] DEBUG o.s.s.web.DefaultRedirectStrategy - Redirecting to /login?logout=true
2026-07-07 13:33:32.974 [http-nio-8080-exec-10] DEBUG o.s.security.web.FilterChainProxy - Securing GET /login?logout=true
2026-07-07 13:33:32.975 [http-nio-8080-exec-10] DEBUG o.s.s.w.a.AnonymousAuthenticationFilter - Set SecurityContextHolder to anonymous SecurityContext
2026-07-07 13:33:32.975 [http-nio-8080-exec-10] DEBUG o.s.security.web.FilterChainProxy - Secured GET /login?logout=true
2026-07-07 13:33:32.977 [http-nio-8080-exec-10] DEBUG c.i.i.controller.AuthController - Página de login acessada
2026-07-07 13:33:33.011 [http-nio-8080-exec-8] DEBUG o.s.security.web.FilterChainProxy - Securing GET /favicon.ico
2026-07-07 13:33:33.011 [http-nio-8080-exec-8] DEBUG o.s.s.w.a.AnonymousAuthenticationFilter - Set SecurityContextHolder to anonymous SecurityContext
2026-07-07 13:33:33.012 [http-nio-8080-exec-8] DEBUG o.s.security.web.FilterChainProxy - Secured GET /favicon.ico
2026-07-07 13:33:36.723 [http-nio-8080-exec-6] DEBUG o.s.security.web.FilterChainProxy - Securing POST /login
2026-07-07 13:33:36.724 [http-nio-8080-exec-6] DEBUG c.i.i.s.s.CustomUserDetailsService - Buscando utilizador: admin
2026-07-07 13:33:36.726 [http-nio-8080-exec-6] DEBUG org.hibernate.SQL - 
    select
        u1_0.id,
        u1_0.created_at,
        u1_0.email,
        u1_0.nome,
        u1_0.password_hash,
        u1_0.role,
        u1_0.username 
    from
        utilizador u1_0 
    where
        u1_0.username=?
2026-07-07 13:33:36.726 [http-nio-8080-exec-6] DEBUG c.i.i.s.s.CustomUserDetailsService - Utilizador encontrado: admin | Role: ADMIN
2026-07-07 13:33:36.727 [http-nio-8080-exec-6] DEBUG c.i.i.s.s.CustomUserDetailsService - Password hash limpo para utilizador: admin
2026-07-07 13:33:36.727 [http-nio-8080-exec-6] DEBUG c.i.i.s.service.CustomUserDetails - CustomUserDetails criado para: admin
2026-07-07 13:33:36.727 [http-nio-8080-exec-6] DEBUG c.i.i.s.service.CustomUserDetails - Password hash retrieved
2026-07-07 13:33:36.796 [http-nio-8080-exec-6] DEBUG c.i.i.s.service.CustomUserDetails - GrantedAuthority: ROLE_ADMIN
2026-07-07 13:33:36.796 [http-nio-8080-exec-6] DEBUG o.s.s.a.d.DaoAuthenticationProvider - Authenticated user
2026-07-07 13:33:36.796 [http-nio-8080-exec-6] DEBUG o.s.s.w.a.s.ChangeSessionIdAuthenticationStrategy - Changed session id from BC9365A80B4C5AA340B0CCFB6D086878
2026-07-07 13:33:36.796 [http-nio-8080-exec-6] DEBUG o.s.s.w.c.CsrfAuthenticationStrategy - Replaced CSRF Token
2026-07-07 13:33:36.796 [http-nio-8080-exec-6] DEBUG o.s.s.w.c.HttpSessionSecurityContextRepository - Stored SecurityContextImpl [Authentication=UsernamePasswordAuthenticationToken [Principal=com.itsm.incidentmanagement.security.service.CustomUserDetails@6ec4a882, Credentials=[PROTECTED], Authenticated=true, Details=WebAuthenticationDetails [RemoteIpAddress=127.0.0.1, SessionId=BC9365A80B4C5AA340B0CCFB6D086878], Granted Authorities=[ROLE_ADMIN]]] to HttpSession [org.apache.catalina.session.StandardSessionFacade@15e01f9b]
2026-07-07 13:33:36.797 [http-nio-8080-exec-6] DEBUG o.s.s.w.a.UsernamePasswordAuthenticationFilter - Set SecurityContextHolder to UsernamePasswordAuthenticationToken [Principal=com.itsm.incidentmanagement.security.service.CustomUserDetails@6ec4a882, Credentials=[PROTECTED], Authenticated=true, Details=WebAuthenticationDetails [RemoteIpAddress=127.0.0.1, SessionId=BC9365A80B4C5AA340B0CCFB6D086878], Granted Authorities=[ROLE_ADMIN]]
2026-07-07 13:33:36.797 [http-nio-8080-exec-6] INFO  c.i.i.security.config.SecurityConfig - Redirecionando por role: ROLE_ADMIN
2026-07-07 13:33:36.801 [http-nio-8080-exec-7] DEBUG o.s.security.web.FilterChainProxy - Securing GET /admin/dashboard
2026-07-07 13:33:36.801 [http-nio-8080-exec-7] DEBUG o.s.s.w.c.HttpSessionSecurityContextRepository - Retrieved SecurityContextImpl [Authentication=UsernamePasswordAuthenticationToken [Principal=com.itsm.incidentmanagement.security.service.CustomUserDetails@6ec4a882, Credentials=[PROTECTED], Authenticated=true, Details=WebAuthenticationDetails [RemoteIpAddress=127.0.0.1, SessionId=BC9365A80B4C5AA340B0CCFB6D086878], Granted Authorities=[ROLE_ADMIN]]]
2026-07-07 13:33:36.802 [http-nio-8080-exec-7] DEBUG o.s.security.web.FilterChainProxy - Secured GET /admin/dashboard
2026-07-07 13:33:36.804 [http-nio-8080-exec-7] DEBUG org.hibernate.SQL - 
    select
        t1_0.id,
        t1_0.aberto_por_id,
        t1_0.ativo_id,
        t1_0.data_abertura,
        t1_0.data_fecho,
        t1_0.descricao,
        t1_0.estado,
        t1_0.prioridade,
        t1_0.tecnico_id,
        t1_0.tipo,
        t1_0.titulo 
    from
        ticket t1_0
2026-07-07 13:33:36.804 [http-nio-8080-exec-7] DEBUG org.hibernate.SQL - 
    select
        u1_0.id,
        u1_0.created_at,
        u1_0.email,
        u1_0.nome,
        u1_0.password_hash,
        u1_0.role,
        u1_0.username 
    from
        utilizador u1_0 
    where
        u1_0.id=?
2026-07-07 13:33:36.805 [http-nio-8080-exec-7] DEBUG org.hibernate.SQL - 
    select
        t1_0.id,
        t1_0.carga_trabalho_atual,
        c1_0.tecnico_id,
        c1_1.id,
        c1_1.nome,
        t1_0.disponibilidade,
        t1_0.utilizador_id,
        u1_0.id,
        u1_0.created_at,
        u1_0.email,
        u1_0.nome,
        u1_0.password_hash,
        u1_0.role,
        u1_0.username 
    from
        tecnico t1_0 
    left join
        tecnico_competencia c1_0 
            on t1_0.id=c1_0.tecnico_id 
    left join
        competencia c1_1 
            on c1_1.id=c1_0.competencia_id 
    join
        utilizador u1_0 
            on u1_0.id=t1_0.utilizador_id 
    where
        t1_0.id=?
2026-07-07 13:33:36.807 [http-nio-8080-exec-7] DEBUG org.hibernate.SQL - 
    select
        t1_0.id,
        t1_0.carga_trabalho_atual,
        c1_0.tecnico_id,
        c1_1.id,
        c1_1.nome,
        t1_0.disponibilidade,
        t1_0.utilizador_id,
        u1_0.id,
        u1_0.created_at,
        u1_0.email,
        u1_0.nome,
        u1_0.password_hash,
        u1_0.role,
        u1_0.username 
    from
        tecnico t1_0 
    left join
        tecnico_competencia c1_0 
            on t1_0.id=c1_0.tecnico_id 
    left join
        competencia c1_1 
            on c1_1.id=c1_0.competencia_id 
    join
        utilizador u1_0 
            on u1_0.id=t1_0.utilizador_id 
    where
        t1_0.id=?
2026-07-07 13:33:36.808 [http-nio-8080-exec-7] DEBUG org.hibernate.SQL - 
    select
        u1_0.id,
        u1_0.created_at,
        u1_0.email,
        u1_0.nome,
        u1_0.password_hash,
        u1_0.role,
        u1_0.username 
    from
        utilizador u1_0 
    where
        u1_0.id=?
2026-07-07 13:33:36.811 [http-nio-8080-exec-7] DEBUG org.hibernate.SQL - 
    select
        t1_0.id,
        t1_0.aberto_por_id,
        t1_0.ativo_id,
        t1_0.data_abertura,
        t1_0.data_fecho,
        t1_0.descricao,
        t1_0.estado,
        t1_0.prioridade,
        t1_0.tecnico_id,
        t1_0.tipo,
        t1_0.titulo 
    from
        ticket t1_0 
    where
        t1_0.estado=?
2026-07-07 13:33:36.813 [http-nio-8080-exec-7] DEBUG org.hibernate.SQL - 
    select
        t1_0.id,
        t1_0.carga_trabalho_atual,
        t1_0.disponibilidade,
        t1_0.utilizador_id 
    from
        tecnico t1_0
2026-07-07 13:33:36.816 [http-nio-8080-exec-7] DEBUG org.hibernate.SQL - 
    select
        u1_0.id,
        u1_0.created_at,
        u1_0.email,
        u1_0.nome,
        u1_0.password_hash,
        u1_0.role,
        u1_0.username 
    from
        utilizador u1_0
2026-07-07 13:33:36.819 [http-nio-8080-exec-7] DEBUG org.hibernate.SQL - 
    select
        t1_0.id,
        t1_0.aberto_por_id,
        t1_0.ativo_id,
        t1_0.data_abertura,
        t1_0.data_fecho,
        t1_0.descricao,
        t1_0.estado,
        t1_0.prioridade,
        t1_0.tecnico_id,
        t1_0.tipo,
        t1_0.titulo 
    from
        ticket t1_0
2026-07-07 13:33:45.563 [http-nio-8080-exec-1] DEBUG o.s.security.web.FilterChainProxy - Securing GET /admin/tickets
2026-07-07 13:33:45.565 [http-nio-8080-exec-1] DEBUG o.s.s.w.c.HttpSessionSecurityContextRepository - Retrieved SecurityContextImpl [Authentication=UsernamePasswordAuthenticationToken [Principal=com.itsm.incidentmanagement.security.service.CustomUserDetails@6ec4a882, Credentials=[PROTECTED], Authenticated=true, Details=WebAuthenticationDetails [RemoteIpAddress=127.0.0.1, SessionId=BC9365A80B4C5AA340B0CCFB6D086878], Granted Authorities=[ROLE_ADMIN]]]
2026-07-07 13:33:45.565 [http-nio-8080-exec-1] DEBUG o.s.security.web.FilterChainProxy - Secured GET /admin/tickets
2026-07-07 13:33:45.568 [http-nio-8080-exec-1] DEBUG org.hibernate.SQL - 
    select
        t1_0.id,
        t1_0.aberto_por_id,
        t1_0.ativo_id,
        t1_0.data_abertura,
        t1_0.data_fecho,
        t1_0.descricao,
        t1_0.estado,
        t1_0.prioridade,
        t1_0.tecnico_id,
        t1_0.tipo,
        t1_0.titulo 
    from
        ticket t1_0
2026-07-07 13:33:45.568 [http-nio-8080-exec-1] DEBUG org.hibernate.SQL - 
    select
        u1_0.id,
        u1_0.created_at,
        u1_0.email,
        u1_0.nome,
        u1_0.password_hash,
        u1_0.role,
        u1_0.username 
    from
        utilizador u1_0 
    where
        u1_0.id=?
2026-07-07 13:33:45.569 [http-nio-8080-exec-1] DEBUG org.hibernate.SQL - 
    select
        t1_0.id,
        t1_0.carga_trabalho_atual,
        c1_0.tecnico_id,
        c1_1.id,
        c1_1.nome,
        t1_0.disponibilidade,
        t1_0.utilizador_id,
        u1_0.id,
        u1_0.created_at,
        u1_0.email,
        u1_0.nome,
        u1_0.password_hash,
        u1_0.role,
        u1_0.username 
    from
        tecnico t1_0 
    left join
        tecnico_competencia c1_0 
            on t1_0.id=c1_0.tecnico_id 
    left join
        competencia c1_1 
            on c1_1.id=c1_0.competencia_id 
    join
        utilizador u1_0 
            on u1_0.id=t1_0.utilizador_id 
    where
        t1_0.id=?
2026-07-07 13:33:45.570 [http-nio-8080-exec-1] DEBUG org.hibernate.SQL - 
    select
        t1_0.id,
        t1_0.carga_trabalho_atual,
        c1_0.tecnico_id,
        c1_1.id,
        c1_1.nome,
        t1_0.disponibilidade,
        t1_0.utilizador_id,
        u1_0.id,
        u1_0.created_at,
        u1_0.email,
        u1_0.nome,
        u1_0.password_hash,
        u1_0.role,
        u1_0.username 
    from
        tecnico t1_0 
    left join
        tecnico_competencia c1_0 
            on t1_0.id=c1_0.tecnico_id 
    left join
        competencia c1_1 
            on c1_1.id=c1_0.competencia_id 
    join
        utilizador u1_0 
            on u1_0.id=t1_0.utilizador_id 
    where
        t1_0.id=?
2026-07-07 13:33:45.572 [http-nio-8080-exec-1] DEBUG org.hibernate.SQL - 
    select
        u1_0.id,
        u1_0.created_at,
        u1_0.email,
        u1_0.nome,
        u1_0.password_hash,
        u1_0.role,
        u1_0.username 
    from
        utilizador u1_0 
    where
        u1_0.id=?
2026-07-07 13:33:45.575 [http-nio-8080-exec-1] DEBUG org.hibernate.SQL - 
    select
        t1_0.id,
        t1_0.aberto_por_id,
        t1_0.ativo_id,
        t1_0.data_abertura,
        t1_0.data_fecho,
        t1_0.descricao,
        t1_0.estado,
        t1_0.prioridade,
        t1_0.tecnico_id,
        t1_0.tipo,
        t1_0.titulo 
    from
        ticket t1_0 
    where
        t1_0.estado=?
2026-07-07 13:33:45.577 [http-nio-8080-exec-1] DEBUG org.hibernate.SQL - 
    select
        t1_0.id,
        t1_0.aberto_por_id,
        t1_0.ativo_id,
        t1_0.data_abertura,
        t1_0.data_fecho,
        t1_0.descricao,
        t1_0.estado,
        t1_0.prioridade,
        t1_0.tecnico_id,
        t1_0.tipo,
        t1_0.titulo 
    from
        ticket t1_0 
    where
        t1_0.estado=?
2026-07-07 13:33:45.580 [http-nio-8080-exec-1] DEBUG org.hibernate.SQL - 
    select
        t1_0.id,
        t1_0.aberto_por_id,
        t1_0.ativo_id,
        t1_0.data_abertura,
        t1_0.data_fecho,
        t1_0.descricao,
        t1_0.estado,
        t1_0.prioridade,
        t1_0.tecnico_id,
        t1_0.tipo,
        t1_0.titulo 
    from
        ticket t1_0 
    where
        t1_0.estado=?
2026-07-07 13:33:45.609 [http-nio-8080-exec-3] DEBUG o.s.security.web.FilterChainProxy - Securing GET /favicon.ico
2026-07-07 13:33:45.610 [http-nio-8080-exec-3] DEBUG o.s.security.web.FilterChainProxy - Secured GET /favicon.ico
2026-07-07 13:33:45.613 [http-nio-8080-exec-3] DEBUG o.s.s.w.c.HttpSessionSecurityContextRepository - Retrieved SecurityContextImpl [Authentication=UsernamePasswordAuthenticationToken [Principal=com.itsm.incidentmanagement.security.service.CustomUserDetails@6ec4a882, Credentials=[PROTECTED], Authenticated=true, Details=WebAuthenticationDetails [RemoteIpAddress=127.0.0.1, SessionId=BC9365A80B4C5AA340B0CCFB6D086878], Granted Authorities=[ROLE_ADMIN]]]
2026-07-07 13:34:02.767 [http-nio-8080-exec-5] DEBUG o.s.security.web.FilterChainProxy - Securing POST /admin/tickets/40/update-state
2026-07-07 13:34:02.768 [http-nio-8080-exec-5] DEBUG o.s.s.w.c.HttpSessionSecurityContextRepository - Retrieved SecurityContextImpl [Authentication=UsernamePasswordAuthenticationToken [Principal=com.itsm.incidentmanagement.security.service.CustomUserDetails@6ec4a882, Credentials=[PROTECTED], Authenticated=true, Details=WebAuthenticationDetails [RemoteIpAddress=127.0.0.1, SessionId=BC9365A80B4C5AA340B0CCFB6D086878], Granted Authorities=[ROLE_ADMIN]]]
2026-07-07 13:34:02.768 [http-nio-8080-exec-5] DEBUG o.s.security.web.FilterChainProxy - Secured POST /admin/tickets/40/update-state
2026-07-07 13:34:02.769 [http-nio-8080-exec-5] INFO  c.i.i.service.TicketService - AUDIT - Atualizando estado do ticket 40 para EM_CURSO
2026-07-07 13:34:02.770 [http-nio-8080-exec-5] DEBUG org.hibernate.SQL - 
    select
        t1_0.id,
        t1_0.aberto_por_id,
        ap1_0.id,
        ap1_0.created_at,
        ap1_0.email,
        ap1_0.nome,
        ap1_0.password_hash,
        ap1_0.role,
        ap1_0.username,
        a1_0.id,
        a1_0.created_at,
        a1_0.data_aquisicao,
        a1_0.especificacoes,
        a1_0.estado,
        a1_0.nome,
        a1_0.tipo,
        t1_0.data_abertura,
        t1_0.data_fecho,
        t1_0.descricao,
        t1_0.estado,
        t1_0.prioridade,
        t2_0.id,
        t2_0.carga_trabalho_atual,
        c1_0.tecnico_id,
        c1_1.id,
        c1_1.nome,
        t2_0.disponibilidade,
        t2_0.utilizador_id,
        u1_0.id,
        u1_0.created_at,
        u1_0.email,
        u1_0.nome,
        u1_0.password_hash,
        u1_0.role,
        u1_0.username,
        t1_0.tipo,
        t1_0.titulo 
    from
        ticket t1_0 
    join
        utilizador ap1_0 
            on ap1_0.id=t1_0.aberto_por_id 
    left join
        ativo a1_0 
            on a1_0.id=t1_0.ativo_id 
    left join
        tecnico t2_0 
            on t2_0.id=t1_0.tecnico_id 
    left join
        tecnico_competencia c1_0 
            on t2_0.id=c1_0.tecnico_id 
    left join
        competencia c1_1 
            on c1_1.id=c1_0.competencia_id 
    left join
        utilizador u1_0 
            on u1_0.id=t2_0.utilizador_id 
    where
        t1_0.id=?
2026-07-07 13:34:02.772 [http-nio-8080-exec-5] INFO  AUDIT - TICKET_STATE_CHANGE | TicketId: 40 | OldState: ABERTO | NewState: EM_CURSO | UserId: 17
2026-07-07 13:34:02.773 [http-nio-8080-exec-5] DEBUG org.hibernate.SQL - 
    update
        ticket 
    set
        aberto_por_id=?,
        ativo_id=?,
        data_abertura=?,
        data_fecho=?,
        descricao=?,
        estado=?,
        prioridade=?,
        tecnico_id=?,
        tipo=?,
        titulo=? 
    where
        id=?
2026-07-07 13:34:02.782 [http-nio-8080-exec-9] DEBUG o.s.security.web.FilterChainProxy - Securing GET /admin/tickets
2026-07-07 13:34:02.782 [http-nio-8080-exec-9] DEBUG o.s.s.w.c.HttpSessionSecurityContextRepository - Retrieved SecurityContextImpl [Authentication=UsernamePasswordAuthenticationToken [Principal=com.itsm.incidentmanagement.security.service.CustomUserDetails@6ec4a882, Credentials=[PROTECTED], Authenticated=true, Details=WebAuthenticationDetails [RemoteIpAddress=127.0.0.1, SessionId=BC9365A80B4C5AA340B0CCFB6D086878], Granted Authorities=[ROLE_ADMIN]]]
2026-07-07 13:34:02.782 [http-nio-8080-exec-9] DEBUG o.s.security.web.FilterChainProxy - Secured GET /admin/tickets
2026-07-07 13:34:02.784 [http-nio-8080-exec-9] DEBUG org.hibernate.SQL - 
    select
        t1_0.id,
        t1_0.aberto_por_id,
        t1_0.ativo_id,
        t1_0.data_abertura,
        t1_0.data_fecho,
        t1_0.descricao,
        t1_0.estado,
        t1_0.prioridade,
        t1_0.tecnico_id,
        t1_0.tipo,
        t1_0.titulo 
    from
        ticket t1_0
2026-07-07 13:34:02.784 [http-nio-8080-exec-9] DEBUG org.hibernate.SQL - 
    select
        u1_0.id,
        u1_0.created_at,
        u1_0.email,
        u1_0.nome,
        u1_0.password_hash,
        u1_0.role,
        u1_0.username 
    from
        utilizador u1_0 
    where
        u1_0.id=?
2026-07-07 13:34:02.785 [http-nio-8080-exec-9] DEBUG org.hibernate.SQL - 
    select
        t1_0.id,
        t1_0.carga_trabalho_atual,
        c1_0.tecnico_id,
        c1_1.id,
        c1_1.nome,
        t1_0.disponibilidade,
        t1_0.utilizador_id,
        u1_0.id,
        u1_0.created_at,
        u1_0.email,
        u1_0.nome,
        u1_0.password_hash,
        u1_0.role,
        u1_0.username 
    from
        tecnico t1_0 
    left join
        tecnico_competencia c1_0 
            on t1_0.id=c1_0.tecnico_id 
    left join
        competencia c1_1 
            on c1_1.id=c1_0.competencia_id 
    join
        utilizador u1_0 
            on u1_0.id=t1_0.utilizador_id 
    where
        t1_0.id=?
2026-07-07 13:34:02.787 [http-nio-8080-exec-9] DEBUG org.hibernate.SQL - 
    select
        t1_0.id,
        t1_0.carga_trabalho_atual,
        c1_0.tecnico_id,
        c1_1.id,
        c1_1.nome,
        t1_0.disponibilidade,
        t1_0.utilizador_id,
        u1_0.id,
        u1_0.created_at,
        u1_0.email,
        u1_0.nome,
        u1_0.password_hash,
        u1_0.role,
        u1_0.username 
    from
        tecnico t1_0 
    left join
        tecnico_competencia c1_0 
            on t1_0.id=c1_0.tecnico_id 
    left join
        competencia c1_1 
            on c1_1.id=c1_0.competencia_id 
    join
        utilizador u1_0 
            on u1_0.id=t1_0.utilizador_id 
    where
        t1_0.id=?
2026-07-07 13:34:02.789 [http-nio-8080-exec-9] DEBUG org.hibernate.SQL - 
    select
        u1_0.id,
        u1_0.created_at,
        u1_0.email,
        u1_0.nome,
        u1_0.password_hash,
        u1_0.role,
        u1_0.username 
    from
        utilizador u1_0 
    where
        u1_0.id=?
2026-07-07 13:34:02.791 [http-nio-8080-exec-9] DEBUG org.hibernate.SQL - 
    select
        t1_0.id,
        t1_0.aberto_por_id,
        t1_0.ativo_id,
        t1_0.data_abertura,
        t1_0.data_fecho,
        t1_0.descricao,
        t1_0.estado,
        t1_0.prioridade,
        t1_0.tecnico_id,
        t1_0.tipo,
        t1_0.titulo 
    from
        ticket t1_0 
    where
        t1_0.estado=?
2026-07-07 13:34:02.794 [http-nio-8080-exec-9] DEBUG org.hibernate.SQL - 
    select
        t1_0.id,
        t1_0.aberto_por_id,
        t1_0.ativo_id,
        t1_0.data_abertura,
        t1_0.data_fecho,
        t1_0.descricao,
        t1_0.estado,
        t1_0.prioridade,
        t1_0.tecnico_id,
        t1_0.tipo,
        t1_0.titulo 
    from
        ticket t1_0 
    where
        t1_0.estado=?
2026-07-07 13:34:02.798 [http-nio-8080-exec-9] DEBUG org.hibernate.SQL - 
    select
        t1_0.id,
        t1_0.aberto_por_id,
        t1_0.ativo_id,
        t1_0.data_abertura,
        t1_0.data_fecho,
        t1_0.descricao,
        t1_0.estado,
        t1_0.prioridade,
        t1_0.tecnico_id,
        t1_0.tipo,
        t1_0.titulo 
    from
        ticket t1_0 
    where
        t1_0.estado=?
2026-07-07 13:34:02.824 [http-nio-8080-exec-10] DEBUG o.s.security.web.FilterChainProxy - Securing GET /favicon.ico
2026-07-07 13:34:02.826 [http-nio-8080-exec-10] DEBUG o.s.security.web.FilterChainProxy - Secured GET /favicon.ico
2026-07-07 13:34:02.828 [http-nio-8080-exec-10] DEBUG o.s.s.w.c.HttpSessionSecurityContextRepository - Retrieved SecurityContextImpl [Authentication=UsernamePasswordAuthenticationToken [Principal=com.itsm.incidentmanagement.security.service.CustomUserDetails@6ec4a882, Credentials=[PROTECTED], Authenticated=true, Details=WebAuthenticationDetails [RemoteIpAddress=127.0.0.1, SessionId=BC9365A80B4C5AA340B0CCFB6D086878], Granted Authorities=[ROLE_ADMIN]]]
2026-07-07 13:34:18.076 [http-nio-8080-exec-7] DEBUG o.s.security.web.FilterChainProxy - Securing POST /admin/tickets/41/update-state
2026-07-07 13:34:18.078 [http-nio-8080-exec-7] DEBUG o.s.s.w.c.HttpSessionSecurityContextRepository - Retrieved SecurityContextImpl [Authentication=UsernamePasswordAuthenticationToken [Principal=com.itsm.incidentmanagement.security.service.CustomUserDetails@6ec4a882, Credentials=[PROTECTED], Authenticated=true, Details=WebAuthenticationDetails [RemoteIpAddress=127.0.0.1, SessionId=BC9365A80B4C5AA340B0CCFB6D086878], Granted Authorities=[ROLE_ADMIN]]]
2026-07-07 13:34:18.079 [http-nio-8080-exec-7] DEBUG o.s.security.web.FilterChainProxy - Secured POST /admin/tickets/41/update-state
2026-07-07 13:34:18.080 [http-nio-8080-exec-7] INFO  c.i.i.service.TicketService - AUDIT - Atualizando estado do ticket 41 para ATRIBUIDO
2026-07-07 13:34:18.081 [http-nio-8080-exec-7] DEBUG org.hibernate.SQL - 
    select
        t1_0.id,
        t1_0.aberto_por_id,
        ap1_0.id,
        ap1_0.created_at,
        ap1_0.email,
        ap1_0.nome,
        ap1_0.password_hash,
        ap1_0.role,
        ap1_0.username,
        a1_0.id,
        a1_0.created_at,
        a1_0.data_aquisicao,
        a1_0.especificacoes,
        a1_0.estado,
        a1_0.nome,
        a1_0.tipo,
        t1_0.data_abertura,
        t1_0.data_fecho,
        t1_0.descricao,
        t1_0.estado,
        t1_0.prioridade,
        t2_0.id,
        t2_0.carga_trabalho_atual,
        c1_0.tecnico_id,
        c1_1.id,
        c1_1.nome,
        t2_0.disponibilidade,
        t2_0.utilizador_id,
        u1_0.id,
        u1_0.created_at,
        u1_0.email,
        u1_0.nome,
        u1_0.password_hash,
        u1_0.role,
        u1_0.username,
        t1_0.tipo,
        t1_0.titulo 
    from
        ticket t1_0 
    join
        utilizador ap1_0 
            on ap1_0.id=t1_0.aberto_por_id 
    left join
        ativo a1_0 
            on a1_0.id=t1_0.ativo_id 
    left join
        tecnico t2_0 
            on t2_0.id=t1_0.tecnico_id 
    left join
        tecnico_competencia c1_0 
            on t2_0.id=c1_0.tecnico_id 
    left join
        competencia c1_1 
            on c1_1.id=c1_0.competencia_id 
    left join
        utilizador u1_0 
            on u1_0.id=t2_0.utilizador_id 
    where
        t1_0.id=?
2026-07-07 13:34:18.084 [http-nio-8080-exec-7] INFO  AUDIT - TICKET_STATE_CHANGE | TicketId: 41 | OldState: EM_CURSO | NewState: ATRIBUIDO | UserId: 20
2026-07-07 13:34:18.085 [http-nio-8080-exec-7] DEBUG org.hibernate.SQL - 
    update
        ticket 
    set
        aberto_por_id=?,
        ativo_id=?,
        data_abertura=?,
        data_fecho=?,
        descricao=?,
        estado=?,
        prioridade=?,
        tecnico_id=?,
        tipo=?,
        titulo=? 
    where
        id=?
2026-07-07 13:34:18.089 [http-nio-8080-exec-1] DEBUG o.s.security.web.FilterChainProxy - Securing GET /admin/tickets
2026-07-07 13:34:18.090 [http-nio-8080-exec-1] DEBUG o.s.s.w.c.HttpSessionSecurityContextRepository - Retrieved SecurityContextImpl [Authentication=UsernamePasswordAuthenticationToken [Principal=com.itsm.incidentmanagement.security.service.CustomUserDetails@6ec4a882, Credentials=[PROTECTED], Authenticated=true, Details=WebAuthenticationDetails [RemoteIpAddress=127.0.0.1, SessionId=BC9365A80B4C5AA340B0CCFB6D086878], Granted Authorities=[ROLE_ADMIN]]]
2026-07-07 13:34:18.090 [http-nio-8080-exec-1] DEBUG o.s.security.web.FilterChainProxy - Secured GET /admin/tickets
2026-07-07 13:34:18.091 [http-nio-8080-exec-1] DEBUG org.hibernate.SQL - 
    select
        t1_0.id,
        t1_0.aberto_por_id,
        t1_0.ativo_id,
        t1_0.data_abertura,
        t1_0.data_fecho,
        t1_0.descricao,
        t1_0.estado,
        t1_0.prioridade,
        t1_0.tecnico_id,
        t1_0.tipo,
        t1_0.titulo 
    from
        ticket t1_0
2026-07-07 13:34:18.092 [http-nio-8080-exec-1] DEBUG org.hibernate.SQL - 
    select
        u1_0.id,
        u1_0.created_at,
        u1_0.email,
        u1_0.nome,
        u1_0.password_hash,
        u1_0.role,
        u1_0.username 
    from
        utilizador u1_0 
    where
        u1_0.id=?
2026-07-07 13:34:18.094 [http-nio-8080-exec-1] DEBUG org.hibernate.SQL - 
    select
        t1_0.id,
        t1_0.carga_trabalho_atual,
        c1_0.tecnico_id,
        c1_1.id,
        c1_1.nome,
        t1_0.disponibilidade,
        t1_0.utilizador_id,
        u1_0.id,
        u1_0.created_at,
        u1_0.email,
        u1_0.nome,
        u1_0.password_hash,
        u1_0.role,
        u1_0.username 
    from
        tecnico t1_0 
    left join
        tecnico_competencia c1_0 
            on t1_0.id=c1_0.tecnico_id 
    left join
        competencia c1_1 
            on c1_1.id=c1_0.competencia_id 
    join
        utilizador u1_0 
            on u1_0.id=t1_0.utilizador_id 
    where
        t1_0.id=?
2026-07-07 13:34:18.096 [http-nio-8080-exec-1] DEBUG org.hibernate.SQL - 
    select
        t1_0.id,
        t1_0.carga_trabalho_atual,
        c1_0.tecnico_id,
        c1_1.id,
        c1_1.nome,
        t1_0.disponibilidade,
        t1_0.utilizador_id,
        u1_0.id,
        u1_0.created_at,
        u1_0.email,
        u1_0.nome,
        u1_0.password_hash,
        u1_0.role,
        u1_0.username 
    from
        tecnico t1_0 
    left join
        tecnico_competencia c1_0 
            on t1_0.id=c1_0.tecnico_id 
    left join
        competencia c1_1 
            on c1_1.id=c1_0.competencia_id 
    join
        utilizador u1_0 
            on u1_0.id=t1_0.utilizador_id 
    where
        t1_0.id=?
2026-07-07 13:34:18.098 [http-nio-8080-exec-1] DEBUG org.hibernate.SQL - 
    select
        u1_0.id,
        u1_0.created_at,
        u1_0.email,
        u1_0.nome,
        u1_0.password_hash,
        u1_0.role,
        u1_0.username 
    from
        utilizador u1_0 
    where
        u1_0.id=?
2026-07-07 13:34:18.099 [http-nio-8080-exec-1] DEBUG org.hibernate.SQL - 
    select
        t1_0.id,
        t1_0.aberto_por_id,
        t1_0.ativo_id,
        t1_0.data_abertura,
        t1_0.data_fecho,
        t1_0.descricao,
        t1_0.estado,
        t1_0.prioridade,
        t1_0.tecnico_id,
        t1_0.tipo,
        t1_0.titulo 
    from
        ticket t1_0 
    where
        t1_0.estado=?
2026-07-07 13:34:18.102 [http-nio-8080-exec-1] DEBUG org.hibernate.SQL - 
    select
        t1_0.id,
        t1_0.aberto_por_id,
        t1_0.ativo_id,
        t1_0.data_abertura,
        t1_0.data_fecho,
        t1_0.descricao,
        t1_0.estado,
        t1_0.prioridade,
        t1_0.tecnico_id,
        t1_0.tipo,
        t1_0.titulo 
    from
        ticket t1_0 
    where
        t1_0.estado=?
2026-07-07 13:34:18.104 [http-nio-8080-exec-1] DEBUG org.hibernate.SQL - 
    select
        t1_0.id,
        t1_0.aberto_por_id,
        t1_0.ativo_id,
        t1_0.data_abertura,
        t1_0.data_fecho,
        t1_0.descricao,
        t1_0.estado,
        t1_0.prioridade,
        t1_0.tecnico_id,
        t1_0.tipo,
        t1_0.titulo 
    from
        ticket t1_0 
    where
        t1_0.estado=?
2026-07-07 13:34:18.127 [http-nio-8080-exec-3] DEBUG o.s.security.web.FilterChainProxy - Securing GET /favicon.ico
2026-07-07 13:34:18.127 [http-nio-8080-exec-3] DEBUG o.s.security.web.FilterChainProxy - Secured GET /favicon.ico
2026-07-07 13:34:18.131 [http-nio-8080-exec-3] DEBUG o.s.s.w.c.HttpSessionSecurityContextRepository - Retrieved SecurityContextImpl [Authentication=UsernamePasswordAuthenticationToken [Principal=com.itsm.incidentmanagement.security.service.CustomUserDetails@6ec4a882, Credentials=[PROTECTED], Authenticated=true, Details=WebAuthenticationDetails [RemoteIpAddress=127.0.0.1, SessionId=BC9365A80B4C5AA340B0CCFB6D086878], Granted Authorities=[ROLE_ADMIN]]]
2026-07-07 13:34:23.124 [http-nio-8080-exec-4] DEBUG o.s.security.web.FilterChainProxy - Securing GET /admin/users
2026-07-07 13:34:23.124 [http-nio-8080-exec-4] DEBUG o.s.s.w.c.HttpSessionSecurityContextRepository - Retrieved SecurityContextImpl [Authentication=UsernamePasswordAuthenticationToken [Principal=com.itsm.incidentmanagement.security.service.CustomUserDetails@6ec4a882, Credentials=[PROTECTED], Authenticated=true, Details=WebAuthenticationDetails [RemoteIpAddress=127.0.0.1, SessionId=BC9365A80B4C5AA340B0CCFB6D086878], Granted Authorities=[ROLE_ADMIN]]]
2026-07-07 13:34:23.125 [http-nio-8080-exec-4] DEBUG o.s.security.web.FilterChainProxy - Secured GET /admin/users
2026-07-07 13:34:23.127 [http-nio-8080-exec-4] DEBUG org.hibernate.SQL - 
    select
        u1_0.id,
        u1_0.created_at,
        u1_0.email,
        u1_0.nome,
        u1_0.password_hash,
        u1_0.role,
        u1_0.username 
    from
        utilizador u1_0
2026-07-07 13:34:23.158 [http-nio-8080-exec-2] DEBUG o.s.security.web.FilterChainProxy - Securing GET /favicon.ico
2026-07-07 13:34:23.159 [http-nio-8080-exec-2] DEBUG o.s.security.web.FilterChainProxy - Secured GET /favicon.ico
2026-07-07 13:34:23.162 [http-nio-8080-exec-2] DEBUG o.s.s.w.c.HttpSessionSecurityContextRepository - Retrieved SecurityContextImpl [Authentication=UsernamePasswordAuthenticationToken [Principal=com.itsm.incidentmanagement.security.service.CustomUserDetails@6ec4a882, Credentials=[PROTECTED], Authenticated=true, Details=WebAuthenticationDetails [RemoteIpAddress=127.0.0.1, SessionId=BC9365A80B4C5AA340B0CCFB6D086878], Granted Authorities=[ROLE_ADMIN]]]
2026-07-07 13:34:30.961 [http-nio-8080-exec-9] DEBUG o.s.security.web.FilterChainProxy - Securing GET /admin/users/edit/19
2026-07-07 13:34:30.961 [http-nio-8080-exec-9] DEBUG o.s.s.w.c.HttpSessionSecurityContextRepository - Retrieved SecurityContextImpl [Authentication=UsernamePasswordAuthenticationToken [Principal=com.itsm.incidentmanagement.security.service.CustomUserDetails@6ec4a882, Credentials=[PROTECTED], Authenticated=true, Details=WebAuthenticationDetails [RemoteIpAddress=127.0.0.1, SessionId=BC9365A80B4C5AA340B0CCFB6D086878], Granted Authorities=[ROLE_ADMIN]]]
2026-07-07 13:34:30.961 [http-nio-8080-exec-9] DEBUG o.s.security.web.FilterChainProxy - Secured GET /admin/users/edit/19
2026-07-07 13:34:30.964 [http-nio-8080-exec-9] DEBUG org.hibernate.SQL - 
    select
        u1_0.id,
        u1_0.created_at,
        u1_0.email,
        u1_0.nome,
        u1_0.password_hash,
        u1_0.role,
        u1_0.username 
    from
        utilizador u1_0 
    where
        u1_0.id=?
2026-07-07 13:34:31.000 [http-nio-8080-exec-10] DEBUG o.s.security.web.FilterChainProxy - Securing GET /favicon.ico
2026-07-07 13:34:31.001 [http-nio-8080-exec-10] DEBUG o.s.security.web.FilterChainProxy - Secured GET /favicon.ico
2026-07-07 13:34:31.004 [http-nio-8080-exec-10] DEBUG o.s.s.w.c.HttpSessionSecurityContextRepository - Retrieved SecurityContextImpl [Authentication=UsernamePasswordAuthenticationToken [Principal=com.itsm.incidentmanagement.security.service.CustomUserDetails@6ec4a882, Credentials=[PROTECTED], Authenticated=true, Details=WebAuthenticationDetails [RemoteIpAddress=127.0.0.1, SessionId=BC9365A80B4C5AA340B0CCFB6D086878], Granted Authorities=[ROLE_ADMIN]]]
2026-07-07 13:34:34.039 [http-nio-8080-exec-8] DEBUG o.s.security.web.FilterChainProxy - Securing POST /admin/users/update/19
2026-07-07 13:34:34.040 [http-nio-8080-exec-8] DEBUG o.s.s.w.c.HttpSessionSecurityContextRepository - Retrieved SecurityContextImpl [Authentication=UsernamePasswordAuthenticationToken [Principal=com.itsm.incidentmanagement.security.service.CustomUserDetails@6ec4a882, Credentials=[PROTECTED], Authenticated=true, Details=WebAuthenticationDetails [RemoteIpAddress=127.0.0.1, SessionId=BC9365A80B4C5AA340B0CCFB6D086878], Granted Authorities=[ROLE_ADMIN]]]
2026-07-07 13:34:34.041 [http-nio-8080-exec-8] DEBUG o.s.security.web.FilterChainProxy - Secured POST /admin/users/update/19
2026-07-07 13:34:34.048 [http-nio-8080-exec-8] DEBUG org.hibernate.SQL - 
    select
        u1_0.id,
        u1_0.created_at,
        u1_0.email,
        u1_0.nome,
        u1_0.password_hash,
        u1_0.role,
        u1_0.username 
    from
        utilizador u1_0 
    where
        u1_0.id=?
2026-07-07 13:34:34.123 [http-nio-8080-exec-8] DEBUG org.hibernate.SQL - 
    update
        utilizador 
    set
        created_at=?,
        email=?,
        nome=?,
        password_hash=?,
        role=?,
        username=? 
    where
        id=?
2026-07-07 13:34:34.132 [http-nio-8080-exec-6] DEBUG o.s.security.web.FilterChainProxy - Securing GET /admin/users
2026-07-07 13:34:34.132 [http-nio-8080-exec-6] DEBUG o.s.s.w.c.HttpSessionSecurityContextRepository - Retrieved SecurityContextImpl [Authentication=UsernamePasswordAuthenticationToken [Principal=com.itsm.incidentmanagement.security.service.CustomUserDetails@6ec4a882, Credentials=[PROTECTED], Authenticated=true, Details=WebAuthenticationDetails [RemoteIpAddress=127.0.0.1, SessionId=BC9365A80B4C5AA340B0CCFB6D086878], Granted Authorities=[ROLE_ADMIN]]]
2026-07-07 13:34:34.132 [http-nio-8080-exec-6] DEBUG o.s.security.web.FilterChainProxy - Secured GET /admin/users
2026-07-07 13:34:34.134 [http-nio-8080-exec-6] DEBUG org.hibernate.SQL - 
    select
        u1_0.id,
        u1_0.created_at,
        u1_0.email,
        u1_0.nome,
        u1_0.password_hash,
        u1_0.role,
        u1_0.username 
    from
        utilizador u1_0
2026-07-07 13:34:39.148 [http-nio-8080-exec-7] DEBUG o.s.security.web.FilterChainProxy - Securing GET /logout
2026-07-07 13:34:39.148 [http-nio-8080-exec-7] DEBUG o.s.s.w.c.HttpSessionSecurityContextRepository - Retrieved SecurityContextImpl [Authentication=UsernamePasswordAuthenticationToken [Principal=com.itsm.incidentmanagement.security.service.CustomUserDetails@6ec4a882, Credentials=[PROTECTED], Authenticated=true, Details=WebAuthenticationDetails [RemoteIpAddress=127.0.0.1, SessionId=BC9365A80B4C5AA340B0CCFB6D086878], Granted Authorities=[ROLE_ADMIN]]]
2026-07-07 13:34:39.148 [http-nio-8080-exec-7] DEBUG o.s.s.w.a.logout.LogoutFilter - Logging out [UsernamePasswordAuthenticationToken [Principal=com.itsm.incidentmanagement.security.service.CustomUserDetails@6ec4a882, Credentials=[PROTECTED], Authenticated=true, Details=WebAuthenticationDetails [RemoteIpAddress=127.0.0.1, SessionId=BC9365A80B4C5AA340B0CCFB6D086878], Granted Authorities=[ROLE_ADMIN]]]
2026-07-07 13:34:39.148 [http-nio-8080-exec-7] DEBUG o.s.s.w.a.l.SecurityContextLogoutHandler - Invalidated session 7296184FB4BF5F5DA9E2D172FD8578BA
2026-07-07 13:34:39.149 [http-nio-8080-exec-7] DEBUG o.s.s.web.DefaultRedirectStrategy - Redirecting to /login?logout=true
2026-07-07 13:34:39.153 [http-nio-8080-exec-1] DEBUG o.s.security.web.FilterChainProxy - Securing GET /login?logout=true
2026-07-07 13:34:39.154 [http-nio-8080-exec-1] DEBUG o.s.s.w.a.AnonymousAuthenticationFilter - Set SecurityContextHolder to anonymous SecurityContext
2026-07-07 13:34:39.154 [http-nio-8080-exec-1] DEBUG o.s.security.web.FilterChainProxy - Secured GET /login?logout=true
2026-07-07 13:34:39.155 [http-nio-8080-exec-1] DEBUG c.i.i.controller.AuthController - Página de login acessada
2026-07-07 13:34:39.192 [http-nio-8080-exec-3] DEBUG o.s.security.web.FilterChainProxy - Securing GET /favicon.ico
2026-07-07 13:34:39.192 [http-nio-8080-exec-3] DEBUG o.s.s.w.a.AnonymousAuthenticationFilter - Set SecurityContextHolder to anonymous SecurityContext
2026-07-07 13:34:39.192 [http-nio-8080-exec-3] DEBUG o.s.security.web.FilterChainProxy - Secured GET /favicon.ico
2026-07-07 13:34:41.104 [http-nio-8080-exec-4] DEBUG o.s.security.web.FilterChainProxy - Securing POST /login
2026-07-07 13:34:41.105 [http-nio-8080-exec-4] DEBUG c.i.i.s.s.CustomUserDetailsService - Buscando utilizador: carlos_tecnico
2026-07-07 13:34:41.106 [http-nio-8080-exec-4] DEBUG org.hibernate.SQL - 
    select
        u1_0.id,
        u1_0.created_at,
        u1_0.email,
        u1_0.nome,
        u1_0.password_hash,
        u1_0.role,
        u1_0.username 
    from
        utilizador u1_0 
    where
        u1_0.username=?
2026-07-07 13:34:41.107 [http-nio-8080-exec-4] DEBUG c.i.i.s.s.CustomUserDetailsService - Utilizador encontrado: carlos_tecnico | Role: TECNICO
2026-07-07 13:34:41.108 [http-nio-8080-exec-4] DEBUG c.i.i.s.s.CustomUserDetailsService - Password hash limpo para utilizador: carlos_tecnico
2026-07-07 13:34:41.108 [http-nio-8080-exec-4] DEBUG c.i.i.s.service.CustomUserDetails - CustomUserDetails criado para: carlos_tecnico
2026-07-07 13:34:41.108 [http-nio-8080-exec-4] DEBUG c.i.i.s.service.CustomUserDetails - Password hash retrieved
2026-07-07 13:34:41.176 [http-nio-8080-exec-4] DEBUG c.i.i.s.service.CustomUserDetails - GrantedAuthority: ROLE_TECNICO
2026-07-07 13:34:41.176 [http-nio-8080-exec-4] DEBUG o.s.s.a.d.DaoAuthenticationProvider - Authenticated user
2026-07-07 13:34:41.176 [http-nio-8080-exec-4] DEBUG o.s.s.w.a.s.ChangeSessionIdAuthenticationStrategy - Changed session id from 055A462A69443072BB9BEFD7FDEEA0D0
2026-07-07 13:34:41.176 [http-nio-8080-exec-4] DEBUG o.s.s.w.c.CsrfAuthenticationStrategy - Replaced CSRF Token
2026-07-07 13:34:41.176 [http-nio-8080-exec-4] DEBUG o.s.s.w.c.HttpSessionSecurityContextRepository - Stored SecurityContextImpl [Authentication=UsernamePasswordAuthenticationToken [Principal=com.itsm.incidentmanagement.security.service.CustomUserDetails@f3b1ad7, Credentials=[PROTECTED], Authenticated=true, Details=WebAuthenticationDetails [RemoteIpAddress=127.0.0.1, SessionId=055A462A69443072BB9BEFD7FDEEA0D0], Granted Authorities=[ROLE_TECNICO]]] to HttpSession [org.apache.catalina.session.StandardSessionFacade@72b61031]
2026-07-07 13:34:41.176 [http-nio-8080-exec-4] DEBUG o.s.s.w.a.UsernamePasswordAuthenticationFilter - Set SecurityContextHolder to UsernamePasswordAuthenticationToken [Principal=com.itsm.incidentmanagement.security.service.CustomUserDetails@f3b1ad7, Credentials=[PROTECTED], Authenticated=true, Details=WebAuthenticationDetails [RemoteIpAddress=127.0.0.1, SessionId=055A462A69443072BB9BEFD7FDEEA0D0], Granted Authorities=[ROLE_TECNICO]]
2026-07-07 13:34:41.176 [http-nio-8080-exec-4] INFO  c.i.i.security.config.SecurityConfig - Redirecionando por role: ROLE_TECNICO
2026-07-07 13:34:41.179 [http-nio-8080-exec-2] DEBUG o.s.security.web.FilterChainProxy - Securing GET /tecnico/dashboard
2026-07-07 13:34:41.180 [http-nio-8080-exec-2] DEBUG o.s.s.w.c.HttpSessionSecurityContextRepository - Retrieved SecurityContextImpl [Authentication=UsernamePasswordAuthenticationToken [Principal=com.itsm.incidentmanagement.security.service.CustomUserDetails@f3b1ad7, Credentials=[PROTECTED], Authenticated=true, Details=WebAuthenticationDetails [RemoteIpAddress=127.0.0.1, SessionId=055A462A69443072BB9BEFD7FDEEA0D0], Granted Authorities=[ROLE_TECNICO]]]
2026-07-07 13:34:41.180 [http-nio-8080-exec-2] DEBUG o.s.security.web.FilterChainProxy - Secured GET /tecnico/dashboard
2026-07-07 13:34:41.182 [http-nio-8080-exec-2] DEBUG org.hibernate.SQL - 
    select
        u1_0.id,
        u1_0.created_at,
        u1_0.email,
        u1_0.nome,
        u1_0.password_hash,
        u1_0.role,
        u1_0.username 
    from
        utilizador u1_0 
    where
        u1_0.username=?
2026-07-07 13:34:41.184 [http-nio-8080-exec-2] DEBUG org.hibernate.SQL - 
    select
        t1_0.id,
        t1_0.carga_trabalho_atual,
        t1_0.disponibilidade,
        t1_0.utilizador_id 
    from
        tecnico t1_0 
    left join
        utilizador u1_0 
            on u1_0.id=t1_0.utilizador_id 
    where
        u1_0.id=?
2026-07-07 13:34:41.185 [http-nio-8080-exec-2] DEBUG org.hibernate.SQL - 
    select
        c1_0.tecnico_id,
        c1_1.id,
        c1_1.nome 
    from
        tecnico_competencia c1_0 
    join
        competencia c1_1 
            on c1_1.id=c1_0.competencia_id 
    where
        c1_0.tecnico_id=?
2026-07-07 13:34:41.187 [http-nio-8080-exec-2] DEBUG org.hibernate.SQL - 
    select
        t1_0.id,
        t1_0.aberto_por_id,
        t1_0.ativo_id,
        t1_0.data_abertura,
        t1_0.data_fecho,
        t1_0.descricao,
        t1_0.estado,
        t1_0.prioridade,
        t1_0.tecnico_id,
        t1_0.tipo,
        t1_0.titulo 
    from
        ticket t1_0 
    left join
        tecnico t2_0 
            on t2_0.id=t1_0.tecnico_id 
    where
        t2_0.id=?
2026-07-07 13:34:41.188 [http-nio-8080-exec-2] DEBUG org.hibernate.SQL - 
    select
        u1_0.id,
        u1_0.created_at,
        u1_0.email,
        u1_0.nome,
        u1_0.password_hash,
        u1_0.role,
        u1_0.username 
    from
        utilizador u1_0 
    where
        u1_0.id=?
2026-07-07 13:34:41.189 [http-nio-8080-exec-2] DEBUG org.hibernate.SQL - 
    select
        u1_0.id,
        u1_0.created_at,
        u1_0.email,
        u1_0.nome,
        u1_0.password_hash,
        u1_0.role,
        u1_0.username 
    from
        utilizador u1_0 
    where
        u1_0.id=?
2026-07-07 13:34:41.216 [http-nio-8080-exec-5] DEBUG o.s.security.web.FilterChainProxy - Securing GET /favicon.ico
2026-07-07 13:34:41.219 [http-nio-8080-exec-5] DEBUG o.s.security.web.FilterChainProxy - Secured GET /favicon.ico
2026-07-07 13:34:41.221 [http-nio-8080-exec-5] DEBUG o.s.s.w.c.HttpSessionSecurityContextRepository - Retrieved SecurityContextImpl [Authentication=UsernamePasswordAuthenticationToken [Principal=com.itsm.incidentmanagement.security.service.CustomUserDetails@f3b1ad7, Credentials=[PROTECTED], Authenticated=true, Details=WebAuthenticationDetails [RemoteIpAddress=127.0.0.1, SessionId=055A462A69443072BB9BEFD7FDEEA0D0], Granted Authorities=[ROLE_TECNICO]]]
2026-07-07 13:34:45.065 [http-nio-8080-exec-9] DEBUG o.s.security.web.FilterChainProxy - Securing GET /tecnico/tickets
2026-07-07 13:34:45.065 [http-nio-8080-exec-9] DEBUG o.s.s.w.c.HttpSessionSecurityContextRepository - Retrieved SecurityContextImpl [Authentication=UsernamePasswordAuthenticationToken [Principal=com.itsm.incidentmanagement.security.service.CustomUserDetails@f3b1ad7, Credentials=[PROTECTED], Authenticated=true, Details=WebAuthenticationDetails [RemoteIpAddress=127.0.0.1, SessionId=055A462A69443072BB9BEFD7FDEEA0D0], Granted Authorities=[ROLE_TECNICO]]]
2026-07-07 13:34:45.066 [http-nio-8080-exec-9] DEBUG o.s.security.web.FilterChainProxy - Secured GET /tecnico/tickets
2026-07-07 13:34:45.066 [http-nio-8080-exec-9] DEBUG c.i.i.controller.DashboardController - A carregar /tecnico/tickets
2026-07-07 13:34:45.069 [http-nio-8080-exec-9] DEBUG org.hibernate.SQL - 
    select
        u1_0.id,
        u1_0.created_at,
        u1_0.email,
        u1_0.nome,
        u1_0.password_hash,
        u1_0.role,
        u1_0.username 
    from
        utilizador u1_0 
    where
        u1_0.username=?
2026-07-07 13:34:45.071 [http-nio-8080-exec-9] DEBUG org.hibernate.SQL - 
    select
        t1_0.id,
        t1_0.carga_trabalho_atual,
        t1_0.disponibilidade,
        t1_0.utilizador_id 
    from
        tecnico t1_0 
    left join
        utilizador u1_0 
            on u1_0.id=t1_0.utilizador_id 
    where
        u1_0.id=?
2026-07-07 13:34:45.072 [http-nio-8080-exec-9] DEBUG org.hibernate.SQL - 
    select
        c1_0.tecnico_id,
        c1_1.id,
        c1_1.nome 
    from
        tecnico_competencia c1_0 
    join
        competencia c1_1 
            on c1_1.id=c1_0.competencia_id 
    where
        c1_0.tecnico_id=?
2026-07-07 13:34:45.074 [http-nio-8080-exec-9] DEBUG org.hibernate.SQL - 
    select
        t1_0.id,
        t1_0.aberto_por_id,
        t1_0.ativo_id,
        t1_0.data_abertura,
        t1_0.data_fecho,
        t1_0.descricao,
        t1_0.estado,
        t1_0.prioridade,
        t1_0.tecnico_id,
        t1_0.tipo,
        t1_0.titulo 
    from
        ticket t1_0 
    left join
        tecnico t2_0 
            on t2_0.id=t1_0.tecnico_id 
    where
        t2_0.id=?
2026-07-07 13:34:45.075 [http-nio-8080-exec-9] DEBUG org.hibernate.SQL - 
    select
        u1_0.id,
        u1_0.created_at,
        u1_0.email,
        u1_0.nome,
        u1_0.password_hash,
        u1_0.role,
        u1_0.username 
    from
        utilizador u1_0 
    where
        u1_0.id=?
2026-07-07 13:34:45.077 [http-nio-8080-exec-9] DEBUG org.hibernate.SQL - 
    select
        u1_0.id,
        u1_0.created_at,
        u1_0.email,
        u1_0.nome,
        u1_0.password_hash,
        u1_0.role,
        u1_0.username 
    from
        utilizador u1_0 
    where
        u1_0.id=?
2026-07-07 13:34:45.078 [http-nio-8080-exec-9] DEBUG c.i.i.controller.DashboardController - Tickets encontrados: 5
2026-07-07 13:34:50.684 [http-nio-8080-exec-10] DEBUG o.s.security.web.FilterChainProxy - Securing POST /tecnico/tickets/update-state
2026-07-07 13:34:50.684 [http-nio-8080-exec-10] DEBUG o.s.s.w.c.HttpSessionSecurityContextRepository - Retrieved SecurityContextImpl [Authentication=UsernamePasswordAuthenticationToken [Principal=com.itsm.incidentmanagement.security.service.CustomUserDetails@f3b1ad7, Credentials=[PROTECTED], Authenticated=true, Details=WebAuthenticationDetails [RemoteIpAddress=127.0.0.1, SessionId=055A462A69443072BB9BEFD7FDEEA0D0], Granted Authorities=[ROLE_TECNICO]]]
2026-07-07 13:34:50.684 [http-nio-8080-exec-10] DEBUG o.s.security.web.FilterChainProxy - Secured POST /tecnico/tickets/update-state
2026-07-07 13:34:50.686 [http-nio-8080-exec-10] DEBUG c.i.i.controller.DashboardController - Atualizando ticket 44 para estado: RESOLVIDO
2026-07-07 13:34:50.687 [http-nio-8080-exec-10] INFO  c.i.i.service.TicketService - AUDIT - Atualizando estado do ticket 44 para RESOLVIDO
2026-07-07 13:34:50.688 [http-nio-8080-exec-10] DEBUG org.hibernate.SQL - 
    select
        t1_0.id,
        t1_0.aberto_por_id,
        ap1_0.id,
        ap1_0.created_at,
        ap1_0.email,
        ap1_0.nome,
        ap1_0.password_hash,
        ap1_0.role,
        ap1_0.username,
        a1_0.id,
        a1_0.created_at,
        a1_0.data_aquisicao,
        a1_0.especificacoes,
        a1_0.estado,
        a1_0.nome,
        a1_0.tipo,
        t1_0.data_abertura,
        t1_0.data_fecho,
        t1_0.descricao,
        t1_0.estado,
        t1_0.prioridade,
        t2_0.id,
        t2_0.carga_trabalho_atual,
        c1_0.tecnico_id,
        c1_1.id,
        c1_1.nome,
        t2_0.disponibilidade,
        t2_0.utilizador_id,
        u1_0.id,
        u1_0.created_at,
        u1_0.email,
        u1_0.nome,
        u1_0.password_hash,
        u1_0.role,
        u1_0.username,
        t1_0.tipo,
        t1_0.titulo 
    from
        ticket t1_0 
    join
        utilizador ap1_0 
            on ap1_0.id=t1_0.aberto_por_id 
    left join
        ativo a1_0 
            on a1_0.id=t1_0.ativo_id 
    left join
        tecnico t2_0 
            on t2_0.id=t1_0.tecnico_id 
    left join
        tecnico_competencia c1_0 
            on t2_0.id=c1_0.tecnico_id 
    left join
        competencia c1_1 
            on c1_1.id=c1_0.competencia_id 
    left join
        utilizador u1_0 
            on u1_0.id=t2_0.utilizador_id 
    where
        t1_0.id=?
2026-07-07 13:34:50.691 [http-nio-8080-exec-10] INFO  c.i.i.service.TicketService - AUDIT - Carga do técnico 6 reduzida para 20
2026-07-07 13:34:50.691 [http-nio-8080-exec-10] INFO  c.i.i.service.TicketService - AUDIT - Ticket 44 resolvido em 2026-07-07T13:34:50.691063700
2026-07-07 13:34:50.691 [http-nio-8080-exec-10] INFO  AUDIT - TICKET_STATE_CHANGE | TicketId: 44 | OldState: ABERTO | NewState: RESOLVIDO | UserId: 17
2026-07-07 13:34:50.692 [http-nio-8080-exec-10] DEBUG org.hibernate.SQL - 
    update
        tecnico 
    set
        carga_trabalho_atual=?,
        disponibilidade=?,
        utilizador_id=? 
    where
        id=?
2026-07-07 13:34:50.693 [http-nio-8080-exec-10] DEBUG org.hibernate.SQL - 
    update
        ticket 
    set
        aberto_por_id=?,
        ativo_id=?,
        data_abertura=?,
        data_fecho=?,
        descricao=?,
        estado=?,
        prioridade=?,
        tecnico_id=?,
        tipo=?,
        titulo=? 
    where
        id=?
2026-07-07 13:34:50.699 [http-nio-8080-exec-8] DEBUG o.s.security.web.FilterChainProxy - Securing GET /tecnico/dashboard
2026-07-07 13:34:50.699 [http-nio-8080-exec-8] DEBUG o.s.s.w.c.HttpSessionSecurityContextRepository - Retrieved SecurityContextImpl [Authentication=UsernamePasswordAuthenticationToken [Principal=com.itsm.incidentmanagement.security.service.CustomUserDetails@f3b1ad7, Credentials=[PROTECTED], Authenticated=true, Details=WebAuthenticationDetails [RemoteIpAddress=127.0.0.1, SessionId=055A462A69443072BB9BEFD7FDEEA0D0], Granted Authorities=[ROLE_TECNICO]]]
2026-07-07 13:34:50.699 [http-nio-8080-exec-8] DEBUG o.s.security.web.FilterChainProxy - Secured GET /tecnico/dashboard
2026-07-07 13:34:50.701 [http-nio-8080-exec-8] DEBUG org.hibernate.SQL - 
    select
        u1_0.id,
        u1_0.created_at,
        u1_0.email,
        u1_0.nome,
        u1_0.password_hash,
        u1_0.role,
        u1_0.username 
    from
        utilizador u1_0 
    where
        u1_0.username=?
2026-07-07 13:34:50.703 [http-nio-8080-exec-8] DEBUG org.hibernate.SQL - 
    select
        t1_0.id,
        t1_0.carga_trabalho_atual,
        t1_0.disponibilidade,
        t1_0.utilizador_id 
    from
        tecnico t1_0 
    left join
        utilizador u1_0 
            on u1_0.id=t1_0.utilizador_id 
    where
        u1_0.id=?
2026-07-07 13:34:50.704 [http-nio-8080-exec-8] DEBUG org.hibernate.SQL - 
    select
        c1_0.tecnico_id,
        c1_1.id,
        c1_1.nome 
    from
        tecnico_competencia c1_0 
    join
        competencia c1_1 
            on c1_1.id=c1_0.competencia_id 
    where
        c1_0.tecnico_id=?
2026-07-07 13:34:50.705 [http-nio-8080-exec-8] DEBUG org.hibernate.SQL - 
    select
        t1_0.id,
        t1_0.aberto_por_id,
        t1_0.ativo_id,
        t1_0.data_abertura,
        t1_0.data_fecho,
        t1_0.descricao,
        t1_0.estado,
        t1_0.prioridade,
        t1_0.tecnico_id,
        t1_0.tipo,
        t1_0.titulo 
    from
        ticket t1_0 
    left join
        tecnico t2_0 
            on t2_0.id=t1_0.tecnico_id 
    where
        t2_0.id=?
2026-07-07 13:34:50.707 [http-nio-8080-exec-8] DEBUG org.hibernate.SQL - 
    select
        u1_0.id,
        u1_0.created_at,
        u1_0.email,
        u1_0.nome,
        u1_0.password_hash,
        u1_0.role,
        u1_0.username 
    from
        utilizador u1_0 
    where
        u1_0.id=?
2026-07-07 13:34:50.708 [http-nio-8080-exec-8] DEBUG org.hibernate.SQL - 
    select
        u1_0.id,
        u1_0.created_at,
        u1_0.email,
        u1_0.nome,
        u1_0.password_hash,
        u1_0.role,
        u1_0.username 
    from
        utilizador u1_0 
    where
        u1_0.id=?
2026-07-07 13:34:50.738 [http-nio-8080-exec-6] DEBUG o.s.security.web.FilterChainProxy - Securing GET /favicon.ico
2026-07-07 13:34:50.739 [http-nio-8080-exec-6] DEBUG o.s.security.web.FilterChainProxy - Secured GET /favicon.ico
2026-07-07 13:34:50.742 [http-nio-8080-exec-6] DEBUG o.s.s.w.c.HttpSessionSecurityContextRepository - Retrieved SecurityContextImpl [Authentication=UsernamePasswordAuthenticationToken [Principal=com.itsm.incidentmanagement.security.service.CustomUserDetails@f3b1ad7, Credentials=[PROTECTED], Authenticated=true, Details=WebAuthenticationDetails [RemoteIpAddress=127.0.0.1, SessionId=055A462A69443072BB9BEFD7FDEEA0D0], Granted Authorities=[ROLE_TECNICO]]]
2026-07-07 13:34:57.673 [http-nio-8080-exec-7] DEBUG o.s.security.web.FilterChainProxy - Securing POST /tecnico/tickets/update-state
2026-07-07 13:34:57.674 [http-nio-8080-exec-7] DEBUG o.s.s.w.c.HttpSessionSecurityContextRepository - Retrieved SecurityContextImpl [Authentication=UsernamePasswordAuthenticationToken [Principal=com.itsm.incidentmanagement.security.service.CustomUserDetails@f3b1ad7, Credentials=[PROTECTED], Authenticated=true, Details=WebAuthenticationDetails [RemoteIpAddress=127.0.0.1, SessionId=055A462A69443072BB9BEFD7FDEEA0D0], Granted Authorities=[ROLE_TECNICO]]]
2026-07-07 13:34:57.674 [http-nio-8080-exec-7] DEBUG o.s.security.web.FilterChainProxy - Secured POST /tecnico/tickets/update-state
2026-07-07 13:34:57.674 [http-nio-8080-exec-7] DEBUG c.i.i.controller.DashboardController - Atualizando ticket 39 para estado: FECHADO
2026-07-07 13:34:57.675 [http-nio-8080-exec-7] INFO  c.i.i.service.TicketService - AUDIT - Atualizando estado do ticket 39 para FECHADO
2026-07-07 13:34:57.675 [http-nio-8080-exec-7] DEBUG org.hibernate.SQL - 
    select
        t1_0.id,
        t1_0.aberto_por_id,
        ap1_0.id,
        ap1_0.created_at,
        ap1_0.email,
        ap1_0.nome,
        ap1_0.password_hash,
        ap1_0.role,
        ap1_0.username,
        a1_0.id,
        a1_0.created_at,
        a1_0.data_aquisicao,
        a1_0.especificacoes,
        a1_0.estado,
        a1_0.nome,
        a1_0.tipo,
        t1_0.data_abertura,
        t1_0.data_fecho,
        t1_0.descricao,
        t1_0.estado,
        t1_0.prioridade,
        t2_0.id,
        t2_0.carga_trabalho_atual,
        c1_0.tecnico_id,
        c1_1.id,
        c1_1.nome,
        t2_0.disponibilidade,
        t2_0.utilizador_id,
        u1_0.id,
        u1_0.created_at,
        u1_0.email,
        u1_0.nome,
        u1_0.password_hash,
        u1_0.role,
        u1_0.username,
        t1_0.tipo,
        t1_0.titulo 
    from
        ticket t1_0 
    join
        utilizador ap1_0 
            on ap1_0.id=t1_0.aberto_por_id 
    left join
        ativo a1_0 
            on a1_0.id=t1_0.ativo_id 
    left join
        tecnico t2_0 
            on t2_0.id=t1_0.tecnico_id 
    left join
        tecnico_competencia c1_0 
            on t2_0.id=c1_0.tecnico_id 
    left join
        competencia c1_1 
            on c1_1.id=c1_0.competencia_id 
    left join
        utilizador u1_0 
            on u1_0.id=t2_0.utilizador_id 
    where
        t1_0.id=?
2026-07-07 13:34:57.677 [http-nio-8080-exec-7] INFO  c.i.i.service.TicketService - AUDIT - Carga do técnico 6 reduzida para 19
2026-07-07 13:34:57.677 [http-nio-8080-exec-7] INFO  c.i.i.service.TicketService - AUDIT - Ticket 39 resolvido em 2026-07-07T13:34:57.677626
2026-07-07 13:34:57.677 [http-nio-8080-exec-7] INFO  AUDIT - TICKET_STATE_CHANGE | TicketId: 39 | OldState: RESOLVIDO | NewState: FECHADO | UserId: 20
2026-07-07 13:34:57.678 [http-nio-8080-exec-7] DEBUG org.hibernate.SQL - 
    update
        tecnico 
    set
        carga_trabalho_atual=?,
        disponibilidade=?,
        utilizador_id=? 
    where
        id=?
2026-07-07 13:34:57.679 [http-nio-8080-exec-7] DEBUG org.hibernate.SQL - 
    update
        ticket 
    set
        aberto_por_id=?,
        ativo_id=?,
        data_abertura=?,
        data_fecho=?,
        descricao=?,
        estado=?,
        prioridade=?,
        tecnico_id=?,
        tipo=?,
        titulo=? 
    where
        id=?
2026-07-07 13:34:57.688 [http-nio-8080-exec-1] DEBUG o.s.security.web.FilterChainProxy - Securing GET /tecnico/dashboard
2026-07-07 13:34:57.689 [http-nio-8080-exec-1] DEBUG o.s.s.w.c.HttpSessionSecurityContextRepository - Retrieved SecurityContextImpl [Authentication=UsernamePasswordAuthenticationToken [Principal=com.itsm.incidentmanagement.security.service.CustomUserDetails@f3b1ad7, Credentials=[PROTECTED], Authenticated=true, Details=WebAuthenticationDetails [RemoteIpAddress=127.0.0.1, SessionId=055A462A69443072BB9BEFD7FDEEA0D0], Granted Authorities=[ROLE_TECNICO]]]
2026-07-07 13:34:57.689 [http-nio-8080-exec-1] DEBUG o.s.security.web.FilterChainProxy - Secured GET /tecnico/dashboard
2026-07-07 13:34:57.690 [http-nio-8080-exec-1] DEBUG org.hibernate.SQL - 
    select
        u1_0.id,
        u1_0.created_at,
        u1_0.email,
        u1_0.nome,
        u1_0.password_hash,
        u1_0.role,
        u1_0.username 
    from
        utilizador u1_0 
    where
        u1_0.username=?
2026-07-07 13:34:57.692 [http-nio-8080-exec-1] DEBUG org.hibernate.SQL - 
    select
        t1_0.id,
        t1_0.carga_trabalho_atual,
        t1_0.disponibilidade,
        t1_0.utilizador_id 
    from
        tecnico t1_0 
    left join
        utilizador u1_0 
            on u1_0.id=t1_0.utilizador_id 
    where
        u1_0.id=?
2026-07-07 13:34:57.693 [http-nio-8080-exec-1] DEBUG org.hibernate.SQL - 
    select
        c1_0.tecnico_id,
        c1_1.id,
        c1_1.nome 
    from
        tecnico_competencia c1_0 
    join
        competencia c1_1 
            on c1_1.id=c1_0.competencia_id 
    where
        c1_0.tecnico_id=?
2026-07-07 13:34:57.696 [http-nio-8080-exec-1] DEBUG org.hibernate.SQL - 
    select
        t1_0.id,
        t1_0.aberto_por_id,
        t1_0.ativo_id,
        t1_0.data_abertura,
        t1_0.data_fecho,
        t1_0.descricao,
        t1_0.estado,
        t1_0.prioridade,
        t1_0.tecnico_id,
        t1_0.tipo,
        t1_0.titulo 
    from
        ticket t1_0 
    left join
        tecnico t2_0 
            on t2_0.id=t1_0.tecnico_id 
    where
        t2_0.id=?
2026-07-07 13:34:57.697 [http-nio-8080-exec-1] DEBUG org.hibernate.SQL - 
    select
        u1_0.id,
        u1_0.created_at,
        u1_0.email,
        u1_0.nome,
        u1_0.password_hash,
        u1_0.role,
        u1_0.username 
    from
        utilizador u1_0 
    where
        u1_0.id=?
2026-07-07 13:34:57.698 [http-nio-8080-exec-1] DEBUG org.hibernate.SQL - 
    select
        u1_0.id,
        u1_0.created_at,
        u1_0.email,
        u1_0.nome,
        u1_0.password_hash,
        u1_0.role,
        u1_0.username 
    from
        utilizador u1_0 
    where
        u1_0.id=?
2026-07-07 13:34:57.721 [http-nio-8080-exec-3] DEBUG o.s.security.web.FilterChainProxy - Securing GET /favicon.ico
2026-07-07 13:34:57.722 [http-nio-8080-exec-3] DEBUG o.s.security.web.FilterChainProxy - Secured GET /favicon.ico
2026-07-07 13:34:57.725 [http-nio-8080-exec-3] DEBUG o.s.s.w.c.HttpSessionSecurityContextRepository - Retrieved SecurityContextImpl [Authentication=UsernamePasswordAuthenticationToken [Principal=com.itsm.incidentmanagement.security.service.CustomUserDetails@f3b1ad7, Credentials=[PROTECTED], Authenticated=true, Details=WebAuthenticationDetails [RemoteIpAddress=127.0.0.1, SessionId=055A462A69443072BB9BEFD7FDEEA0D0], Granted Authorities=[ROLE_TECNICO]]]
2026-07-07 13:35:02.651 [http-nio-8080-exec-4] DEBUG o.s.security.web.FilterChainProxy - Securing POST /tecnico/tickets/update-state
2026-07-07 13:35:02.651 [http-nio-8080-exec-4] DEBUG o.s.s.w.c.HttpSessionSecurityContextRepository - Retrieved SecurityContextImpl [Authentication=UsernamePasswordAuthenticationToken [Principal=com.itsm.incidentmanagement.security.service.CustomUserDetails@f3b1ad7, Credentials=[PROTECTED], Authenticated=true, Details=WebAuthenticationDetails [RemoteIpAddress=127.0.0.1, SessionId=055A462A69443072BB9BEFD7FDEEA0D0], Granted Authorities=[ROLE_TECNICO]]]
2026-07-07 13:35:02.651 [http-nio-8080-exec-4] DEBUG o.s.security.web.FilterChainProxy - Secured POST /tecnico/tickets/update-state
2026-07-07 13:35:02.652 [http-nio-8080-exec-4] DEBUG c.i.i.controller.DashboardController - Atualizando ticket 44 para estado: FECHADO
2026-07-07 13:35:02.653 [http-nio-8080-exec-4] INFO  c.i.i.service.TicketService - AUDIT - Atualizando estado do ticket 44 para FECHADO
2026-07-07 13:35:02.653 [http-nio-8080-exec-4] DEBUG org.hibernate.SQL - 
    select
        t1_0.id,
        t1_0.aberto_por_id,
        ap1_0.id,
        ap1_0.created_at,
        ap1_0.email,
        ap1_0.nome,
        ap1_0.password_hash,
        ap1_0.role,
        ap1_0.username,
        a1_0.id,
        a1_0.created_at,
        a1_0.data_aquisicao,
        a1_0.especificacoes,
        a1_0.estado,
        a1_0.nome,
        a1_0.tipo,
        t1_0.data_abertura,
        t1_0.data_fecho,
        t1_0.descricao,
        t1_0.estado,
        t1_0.prioridade,
        t2_0.id,
        t2_0.carga_trabalho_atual,
        c1_0.tecnico_id,
        c1_1.id,
        c1_1.nome,
        t2_0.disponibilidade,
        t2_0.utilizador_id,
        u1_0.id,
        u1_0.created_at,
        u1_0.email,
        u1_0.nome,
        u1_0.password_hash,
        u1_0.role,
        u1_0.username,
        t1_0.tipo,
        t1_0.titulo 
    from
        ticket t1_0 
    join
        utilizador ap1_0 
            on ap1_0.id=t1_0.aberto_por_id 
    left join
        ativo a1_0 
            on a1_0.id=t1_0.ativo_id 
    left join
        tecnico t2_0 
            on t2_0.id=t1_0.tecnico_id 
    left join
        tecnico_competencia c1_0 
            on t2_0.id=c1_0.tecnico_id 
    left join
        competencia c1_1 
            on c1_1.id=c1_0.competencia_id 
    left join
        utilizador u1_0 
            on u1_0.id=t2_0.utilizador_id 
    where
        t1_0.id=?
2026-07-07 13:35:02.655 [http-nio-8080-exec-4] INFO  c.i.i.service.TicketService - AUDIT - Carga do técnico 6 reduzida para 18
2026-07-07 13:35:02.655 [http-nio-8080-exec-4] INFO  c.i.i.service.TicketService - AUDIT - Ticket 44 resolvido em 2026-07-07T13:35:02.655894400
2026-07-07 13:35:02.655 [http-nio-8080-exec-4] INFO  AUDIT - TICKET_STATE_CHANGE | TicketId: 44 | OldState: RESOLVIDO | NewState: FECHADO | UserId: 17
2026-07-07 13:35:02.657 [http-nio-8080-exec-4] DEBUG org.hibernate.SQL - 
    update
        tecnico 
    set
        carga_trabalho_atual=?,
        disponibilidade=?,
        utilizador_id=? 
    where
        id=?
2026-07-07 13:35:02.658 [http-nio-8080-exec-4] DEBUG org.hibernate.SQL - 
    update
        ticket 
    set
        aberto_por_id=?,
        ativo_id=?,
        data_abertura=?,
        data_fecho=?,
        descricao=?,
        estado=?,
        prioridade=?,
        tecnico_id=?,
        tipo=?,
        titulo=? 
    where
        id=?
2026-07-07 13:35:02.665 [http-nio-8080-exec-2] DEBUG o.s.security.web.FilterChainProxy - Securing GET /tecnico/dashboard
2026-07-07 13:35:02.665 [http-nio-8080-exec-2] DEBUG o.s.s.w.c.HttpSessionSecurityContextRepository - Retrieved SecurityContextImpl [Authentication=UsernamePasswordAuthenticationToken [Principal=com.itsm.incidentmanagement.security.service.CustomUserDetails@f3b1ad7, Credentials=[PROTECTED], Authenticated=true, Details=WebAuthenticationDetails [RemoteIpAddress=127.0.0.1, SessionId=055A462A69443072BB9BEFD7FDEEA0D0], Granted Authorities=[ROLE_TECNICO]]]
2026-07-07 13:35:02.666 [http-nio-8080-exec-2] DEBUG o.s.security.web.FilterChainProxy - Secured GET /tecnico/dashboard
2026-07-07 13:35:02.666 [http-nio-8080-exec-2] DEBUG org.hibernate.SQL - 
    select
        u1_0.id,
        u1_0.created_at,
        u1_0.email,
        u1_0.nome,
        u1_0.password_hash,
        u1_0.role,
        u1_0.username 
    from
        utilizador u1_0 
    where
        u1_0.username=?
2026-07-07 13:35:02.669 [http-nio-8080-exec-2] DEBUG org.hibernate.SQL - 
    select
        t1_0.id,
        t1_0.carga_trabalho_atual,
        t1_0.disponibilidade,
        t1_0.utilizador_id 
    from
        tecnico t1_0 
    left join
        utilizador u1_0 
            on u1_0.id=t1_0.utilizador_id 
    where
        u1_0.id=?
2026-07-07 13:35:02.670 [http-nio-8080-exec-2] DEBUG org.hibernate.SQL - 
    select
        c1_0.tecnico_id,
        c1_1.id,
        c1_1.nome 
    from
        tecnico_competencia c1_0 
    join
        competencia c1_1 
            on c1_1.id=c1_0.competencia_id 
    where
        c1_0.tecnico_id=?
2026-07-07 13:35:02.672 [http-nio-8080-exec-2] DEBUG org.hibernate.SQL - 
    select
        t1_0.id,
        t1_0.aberto_por_id,
        t1_0.ativo_id,
        t1_0.data_abertura,
        t1_0.data_fecho,
        t1_0.descricao,
        t1_0.estado,
        t1_0.prioridade,
        t1_0.tecnico_id,
        t1_0.tipo,
        t1_0.titulo 
    from
        ticket t1_0 
    left join
        tecnico t2_0 
            on t2_0.id=t1_0.tecnico_id 
    where
        t2_0.id=?
2026-07-07 13:35:02.673 [http-nio-8080-exec-2] DEBUG org.hibernate.SQL - 
    select
        u1_0.id,
        u1_0.created_at,
        u1_0.email,
        u1_0.nome,
        u1_0.password_hash,
        u1_0.role,
        u1_0.username 
    from
        utilizador u1_0 
    where
        u1_0.id=?
2026-07-07 13:35:02.674 [http-nio-8080-exec-2] DEBUG org.hibernate.SQL - 
    select
        u1_0.id,
        u1_0.created_at,
        u1_0.email,
        u1_0.nome,
        u1_0.password_hash,
        u1_0.role,
        u1_0.username 
    from
        utilizador u1_0 
    where
        u1_0.id=?
2026-07-07 13:35:02.701 [http-nio-8080-exec-5] DEBUG o.s.security.web.FilterChainProxy - Securing GET /favicon.ico
2026-07-07 13:35:02.701 [http-nio-8080-exec-5] DEBUG o.s.security.web.FilterChainProxy - Secured GET /favicon.ico
2026-07-07 13:35:02.704 [http-nio-8080-exec-5] DEBUG o.s.s.w.c.HttpSessionSecurityContextRepository - Retrieved SecurityContextImpl [Authentication=UsernamePasswordAuthenticationToken [Principal=com.itsm.incidentmanagement.security.service.CustomUserDetails@f3b1ad7, Credentials=[PROTECTED], Authenticated=true, Details=WebAuthenticationDetails [RemoteIpAddress=127.0.0.1, SessionId=055A462A69443072BB9BEFD7FDEEA0D0], Granted Authorities=[ROLE_TECNICO]]]
2026-07-07 13:35:05.827 [http-nio-8080-exec-9] DEBUG o.s.security.web.FilterChainProxy - Securing POST /tecnico/tickets/update-state
2026-07-07 13:35:05.827 [http-nio-8080-exec-9] DEBUG o.s.s.w.c.HttpSessionSecurityContextRepository - Retrieved SecurityContextImpl [Authentication=UsernamePasswordAuthenticationToken [Principal=com.itsm.incidentmanagement.security.service.CustomUserDetails@f3b1ad7, Credentials=[PROTECTED], Authenticated=true, Details=WebAuthenticationDetails [RemoteIpAddress=127.0.0.1, SessionId=055A462A69443072BB9BEFD7FDEEA0D0], Granted Authorities=[ROLE_TECNICO]]]
2026-07-07 13:35:05.828 [http-nio-8080-exec-9] DEBUG o.s.security.web.FilterChainProxy - Secured POST /tecnico/tickets/update-state
2026-07-07 13:35:05.828 [http-nio-8080-exec-9] DEBUG c.i.i.controller.DashboardController - Atualizando ticket 40 para estado: EM_CURSO
2026-07-07 13:35:05.829 [http-nio-8080-exec-9] INFO  c.i.i.service.TicketService - AUDIT - Atualizando estado do ticket 40 para EM_CURSO
2026-07-07 13:35:05.830 [http-nio-8080-exec-9] DEBUG org.hibernate.SQL - 
    select
        t1_0.id,
        t1_0.aberto_por_id,
        ap1_0.id,
        ap1_0.created_at,
        ap1_0.email,
        ap1_0.nome,
        ap1_0.password_hash,
        ap1_0.role,
        ap1_0.username,
        a1_0.id,
        a1_0.created_at,
        a1_0.data_aquisicao,
        a1_0.especificacoes,
        a1_0.estado,
        a1_0.nome,
        a1_0.tipo,
        t1_0.data_abertura,
        t1_0.data_fecho,
        t1_0.descricao,
        t1_0.estado,
        t1_0.prioridade,
        t2_0.id,
        t2_0.carga_trabalho_atual,
        c1_0.tecnico_id,
        c1_1.id,
        c1_1.nome,
        t2_0.disponibilidade,
        t2_0.utilizador_id,
        u1_0.id,
        u1_0.created_at,
        u1_0.email,
        u1_0.nome,
        u1_0.password_hash,
        u1_0.role,
        u1_0.username,
        t1_0.tipo,
        t1_0.titulo 
    from
        ticket t1_0 
    join
        utilizador ap1_0 
            on ap1_0.id=t1_0.aberto_por_id 
    left join
        ativo a1_0 
            on a1_0.id=t1_0.ativo_id 
    left join
        tecnico t2_0 
            on t2_0.id=t1_0.tecnico_id 
    left join
        tecnico_competencia c1_0 
            on t2_0.id=c1_0.tecnico_id 
    left join
        competencia c1_1 
            on c1_1.id=c1_0.competencia_id 
    left join
        utilizador u1_0 
            on u1_0.id=t2_0.utilizador_id 
    where
        t1_0.id=?
2026-07-07 13:35:05.831 [http-nio-8080-exec-9] INFO  AUDIT - TICKET_STATE_CHANGE | TicketId: 40 | OldState: EM_CURSO | NewState: EM_CURSO | UserId: 17
2026-07-07 13:35:05.836 [http-nio-8080-exec-10] DEBUG o.s.security.web.FilterChainProxy - Securing GET /tecnico/dashboard
2026-07-07 13:35:05.836 [http-nio-8080-exec-10] DEBUG o.s.s.w.c.HttpSessionSecurityContextRepository - Retrieved SecurityContextImpl [Authentication=UsernamePasswordAuthenticationToken [Principal=com.itsm.incidentmanagement.security.service.CustomUserDetails@f3b1ad7, Credentials=[PROTECTED], Authenticated=true, Details=WebAuthenticationDetails [RemoteIpAddress=127.0.0.1, SessionId=055A462A69443072BB9BEFD7FDEEA0D0], Granted Authorities=[ROLE_TECNICO]]]
2026-07-07 13:35:05.836 [http-nio-8080-exec-10] DEBUG o.s.security.web.FilterChainProxy - Secured GET /tecnico/dashboard
2026-07-07 13:35:05.838 [http-nio-8080-exec-10] DEBUG org.hibernate.SQL - 
    select
        u1_0.id,
        u1_0.created_at,
        u1_0.email,
        u1_0.nome,
        u1_0.password_hash,
        u1_0.role,
        u1_0.username 
    from
        utilizador u1_0 
    where
        u1_0.username=?
2026-07-07 13:35:05.840 [http-nio-8080-exec-10] DEBUG org.hibernate.SQL - 
    select
        t1_0.id,
        t1_0.carga_trabalho_atual,
        t1_0.disponibilidade,
        t1_0.utilizador_id 
    from
        tecnico t1_0 
    left join
        utilizador u1_0 
            on u1_0.id=t1_0.utilizador_id 
    where
        u1_0.id=?
2026-07-07 13:35:05.841 [http-nio-8080-exec-10] DEBUG org.hibernate.SQL - 
    select
        c1_0.tecnico_id,
        c1_1.id,
        c1_1.nome 
    from
        tecnico_competencia c1_0 
    join
        competencia c1_1 
            on c1_1.id=c1_0.competencia_id 
    where
        c1_0.tecnico_id=?
2026-07-07 13:35:05.844 [http-nio-8080-exec-10] DEBUG org.hibernate.SQL - 
    select
        t1_0.id,
        t1_0.aberto_por_id,
        t1_0.ativo_id,
        t1_0.data_abertura,
        t1_0.data_fecho,
        t1_0.descricao,
        t1_0.estado,
        t1_0.prioridade,
        t1_0.tecnico_id,
        t1_0.tipo,
        t1_0.titulo 
    from
        ticket t1_0 
    left join
        tecnico t2_0 
            on t2_0.id=t1_0.tecnico_id 
    where
        t2_0.id=?
2026-07-07 13:35:05.845 [http-nio-8080-exec-10] DEBUG org.hibernate.SQL - 
    select
        u1_0.id,
        u1_0.created_at,
        u1_0.email,
        u1_0.nome,
        u1_0.password_hash,
        u1_0.role,
        u1_0.username 
    from
        utilizador u1_0 
    where
        u1_0.id=?
2026-07-07 13:35:05.845 [http-nio-8080-exec-10] DEBUG org.hibernate.SQL - 
    select
        u1_0.id,
        u1_0.created_at,
        u1_0.email,
        u1_0.nome,
        u1_0.password_hash,
        u1_0.role,
        u1_0.username 
    from
        utilizador u1_0 
    where
        u1_0.id=?
2026-07-07 13:35:05.870 [http-nio-8080-exec-8] DEBUG o.s.security.web.FilterChainProxy - Securing GET /favicon.ico
2026-07-07 13:35:05.871 [http-nio-8080-exec-8] DEBUG o.s.security.web.FilterChainProxy - Secured GET /favicon.ico
2026-07-07 13:35:05.874 [http-nio-8080-exec-8] DEBUG o.s.s.w.c.HttpSessionSecurityContextRepository - Retrieved SecurityContextImpl [Authentication=UsernamePasswordAuthenticationToken [Principal=com.itsm.incidentmanagement.security.service.CustomUserDetails@f3b1ad7, Credentials=[PROTECTED], Authenticated=true, Details=WebAuthenticationDetails [RemoteIpAddress=127.0.0.1, SessionId=055A462A69443072BB9BEFD7FDEEA0D0], Granted Authorities=[ROLE_TECNICO]]]
2026-07-07 13:35:10.305 [http-nio-8080-exec-6] DEBUG o.s.security.web.FilterChainProxy - Securing POST /tecnico/tickets/update-state
2026-07-07 13:35:10.306 [http-nio-8080-exec-6] DEBUG o.s.s.w.c.HttpSessionSecurityContextRepository - Retrieved SecurityContextImpl [Authentication=UsernamePasswordAuthenticationToken [Principal=com.itsm.incidentmanagement.security.service.CustomUserDetails@f3b1ad7, Credentials=[PROTECTED], Authenticated=true, Details=WebAuthenticationDetails [RemoteIpAddress=127.0.0.1, SessionId=055A462A69443072BB9BEFD7FDEEA0D0], Granted Authorities=[ROLE_TECNICO]]]
2026-07-07 13:35:10.306 [http-nio-8080-exec-6] DEBUG o.s.security.web.FilterChainProxy - Secured POST /tecnico/tickets/update-state
2026-07-07 13:35:10.307 [http-nio-8080-exec-6] DEBUG c.i.i.controller.DashboardController - Atualizando ticket 40 para estado: ATRIBUIDO
2026-07-07 13:35:10.307 [http-nio-8080-exec-6] INFO  c.i.i.service.TicketService - AUDIT - Atualizando estado do ticket 40 para ATRIBUIDO
2026-07-07 13:35:10.307 [http-nio-8080-exec-6] DEBUG org.hibernate.SQL - 
    select
        t1_0.id,
        t1_0.aberto_por_id,
        ap1_0.id,
        ap1_0.created_at,
        ap1_0.email,
        ap1_0.nome,
        ap1_0.password_hash,
        ap1_0.role,
        ap1_0.username,
        a1_0.id,
        a1_0.created_at,
        a1_0.data_aquisicao,
        a1_0.especificacoes,
        a1_0.estado,
        a1_0.nome,
        a1_0.tipo,
        t1_0.data_abertura,
        t1_0.data_fecho,
        t1_0.descricao,
        t1_0.estado,
        t1_0.prioridade,
        t2_0.id,
        t2_0.carga_trabalho_atual,
        c1_0.tecnico_id,
        c1_1.id,
        c1_1.nome,
        t2_0.disponibilidade,
        t2_0.utilizador_id,
        u1_0.id,
        u1_0.created_at,
        u1_0.email,
        u1_0.nome,
        u1_0.password_hash,
        u1_0.role,
        u1_0.username,
        t1_0.tipo,
        t1_0.titulo 
    from
        ticket t1_0 
    join
        utilizador ap1_0 
            on ap1_0.id=t1_0.aberto_por_id 
    left join
        ativo a1_0 
            on a1_0.id=t1_0.ativo_id 
    left join
        tecnico t2_0 
            on t2_0.id=t1_0.tecnico_id 
    left join
        tecnico_competencia c1_0 
            on t2_0.id=c1_0.tecnico_id 
    left join
        competencia c1_1 
            on c1_1.id=c1_0.competencia_id 
    left join
        utilizador u1_0 
            on u1_0.id=t2_0.utilizador_id 
    where
        t1_0.id=?
2026-07-07 13:35:10.310 [http-nio-8080-exec-6] INFO  AUDIT - TICKET_STATE_CHANGE | TicketId: 40 | OldState: EM_CURSO | NewState: ATRIBUIDO | UserId: 17
2026-07-07 13:35:10.311 [http-nio-8080-exec-6] DEBUG org.hibernate.SQL - 
    update
        ticket 
    set
        aberto_por_id=?,
        ativo_id=?,
        data_abertura=?,
        data_fecho=?,
        descricao=?,
        estado=?,
        prioridade=?,
        tecnico_id=?,
        tipo=?,
        titulo=? 
    where
        id=?
2026-07-07 13:35:10.319 [http-nio-8080-exec-7] DEBUG o.s.security.web.FilterChainProxy - Securing GET /tecnico/dashboard
2026-07-07 13:35:10.319 [http-nio-8080-exec-7] DEBUG o.s.s.w.c.HttpSessionSecurityContextRepository - Retrieved SecurityContextImpl [Authentication=UsernamePasswordAuthenticationToken [Principal=com.itsm.incidentmanagement.security.service.CustomUserDetails@f3b1ad7, Credentials=[PROTECTED], Authenticated=true, Details=WebAuthenticationDetails [RemoteIpAddress=127.0.0.1, SessionId=055A462A69443072BB9BEFD7FDEEA0D0], Granted Authorities=[ROLE_TECNICO]]]
2026-07-07 13:35:10.319 [http-nio-8080-exec-7] DEBUG o.s.security.web.FilterChainProxy - Secured GET /tecnico/dashboard
2026-07-07 13:35:10.320 [http-nio-8080-exec-7] DEBUG org.hibernate.SQL - 
    select
        u1_0.id,
        u1_0.created_at,
        u1_0.email,
        u1_0.nome,
        u1_0.password_hash,
        u1_0.role,
        u1_0.username 
    from
        utilizador u1_0 
    where
        u1_0.username=?
2026-07-07 13:35:10.322 [http-nio-8080-exec-7] DEBUG org.hibernate.SQL - 
    select
        t1_0.id,
        t1_0.carga_trabalho_atual,
        t1_0.disponibilidade,
        t1_0.utilizador_id 
    from
        tecnico t1_0 
    left join
        utilizador u1_0 
            on u1_0.id=t1_0.utilizador_id 
    where
        u1_0.id=?
2026-07-07 13:35:10.323 [http-nio-8080-exec-7] DEBUG org.hibernate.SQL - 
    select
        c1_0.tecnico_id,
        c1_1.id,
        c1_1.nome 
    from
        tecnico_competencia c1_0 
    join
        competencia c1_1 
            on c1_1.id=c1_0.competencia_id 
    where
        c1_0.tecnico_id=?
2026-07-07 13:35:10.326 [http-nio-8080-exec-7] DEBUG org.hibernate.SQL - 
    select
        t1_0.id,
        t1_0.aberto_por_id,
        t1_0.ativo_id,
        t1_0.data_abertura,
        t1_0.data_fecho,
        t1_0.descricao,
        t1_0.estado,
        t1_0.prioridade,
        t1_0.tecnico_id,
        t1_0.tipo,
        t1_0.titulo 
    from
        ticket t1_0 
    left join
        tecnico t2_0 
            on t2_0.id=t1_0.tecnico_id 
    where
        t2_0.id=?
2026-07-07 13:35:10.327 [http-nio-8080-exec-7] DEBUG org.hibernate.SQL - 
    select
        u1_0.id,
        u1_0.created_at,
        u1_0.email,
        u1_0.nome,
        u1_0.password_hash,
        u1_0.role,
        u1_0.username 
    from
        utilizador u1_0 
    where
        u1_0.id=?
2026-07-07 13:35:10.328 [http-nio-8080-exec-7] DEBUG org.hibernate.SQL - 
    select
        u1_0.id,
        u1_0.created_at,
        u1_0.email,
        u1_0.nome,
        u1_0.password_hash,
        u1_0.role,
        u1_0.username 
    from
        utilizador u1_0 
    where
        u1_0.id=?
2026-07-07 13:35:14.364 [http-nio-8080-exec-1] DEBUG o.s.security.web.FilterChainProxy - Securing POST /tecnico/tickets/update-state
2026-07-07 13:35:14.365 [http-nio-8080-exec-1] DEBUG o.s.s.w.c.HttpSessionSecurityContextRepository - Retrieved SecurityContextImpl [Authentication=UsernamePasswordAuthenticationToken [Principal=com.itsm.incidentmanagement.security.service.CustomUserDetails@f3b1ad7, Credentials=[PROTECTED], Authenticated=true, Details=WebAuthenticationDetails [RemoteIpAddress=127.0.0.1, SessionId=055A462A69443072BB9BEFD7FDEEA0D0], Granted Authorities=[ROLE_TECNICO]]]
2026-07-07 13:35:14.365 [http-nio-8080-exec-1] DEBUG o.s.security.web.FilterChainProxy - Secured POST /tecnico/tickets/update-state
2026-07-07 13:35:14.366 [http-nio-8080-exec-1] DEBUG c.i.i.controller.DashboardController - Atualizando ticket 40 para estado: RESOLVIDO
2026-07-07 13:35:14.367 [http-nio-8080-exec-1] INFO  c.i.i.service.TicketService - AUDIT - Atualizando estado do ticket 40 para RESOLVIDO
2026-07-07 13:35:14.367 [http-nio-8080-exec-1] DEBUG org.hibernate.SQL - 
    select
        t1_0.id,
        t1_0.aberto_por_id,
        ap1_0.id,
        ap1_0.created_at,
        ap1_0.email,
        ap1_0.nome,
        ap1_0.password_hash,
        ap1_0.role,
        ap1_0.username,
        a1_0.id,
        a1_0.created_at,
        a1_0.data_aquisicao,
        a1_0.especificacoes,
        a1_0.estado,
        a1_0.nome,
        a1_0.tipo,
        t1_0.data_abertura,
        t1_0.data_fecho,
        t1_0.descricao,
        t1_0.estado,
        t1_0.prioridade,
        t2_0.id,
        t2_0.carga_trabalho_atual,
        c1_0.tecnico_id,
        c1_1.id,
        c1_1.nome,
        t2_0.disponibilidade,
        t2_0.utilizador_id,
        u1_0.id,
        u1_0.created_at,
        u1_0.email,
        u1_0.nome,
        u1_0.password_hash,
        u1_0.role,
        u1_0.username,
        t1_0.tipo,
        t1_0.titulo 
    from
        ticket t1_0 
    join
        utilizador ap1_0 
            on ap1_0.id=t1_0.aberto_por_id 
    left join
        ativo a1_0 
            on a1_0.id=t1_0.ativo_id 
    left join
        tecnico t2_0 
            on t2_0.id=t1_0.tecnico_id 
    left join
        tecnico_competencia c1_0 
            on t2_0.id=c1_0.tecnico_id 
    left join
        competencia c1_1 
            on c1_1.id=c1_0.competencia_id 
    left join
        utilizador u1_0 
            on u1_0.id=t2_0.utilizador_id 
    where
        t1_0.id=?
2026-07-07 13:35:14.368 [http-nio-8080-exec-1] INFO  c.i.i.service.TicketService - AUDIT - Carga do técnico 6 reduzida para 17
2026-07-07 13:35:14.370 [http-nio-8080-exec-1] INFO  c.i.i.service.TicketService - AUDIT - Ticket 40 resolvido em 2026-07-07T13:35:14.370325600
2026-07-07 13:35:14.370 [http-nio-8080-exec-1] INFO  AUDIT - TICKET_STATE_CHANGE | TicketId: 40 | OldState: ATRIBUIDO | NewState: RESOLVIDO | UserId: 17
2026-07-07 13:35:14.370 [http-nio-8080-exec-1] DEBUG org.hibernate.SQL - 
    update
        tecnico 
    set
        carga_trabalho_atual=?,
        disponibilidade=?,
        utilizador_id=? 
    where
        id=?
2026-07-07 13:35:14.371 [http-nio-8080-exec-1] DEBUG org.hibernate.SQL - 
    update
        ticket 
    set
        aberto_por_id=?,
        ativo_id=?,
        data_abertura=?,
        data_fecho=?,
        descricao=?,
        estado=?,
        prioridade=?,
        tecnico_id=?,
        tipo=?,
        titulo=? 
    where
        id=?
2026-07-07 13:35:14.377 [http-nio-8080-exec-3] DEBUG o.s.security.web.FilterChainProxy - Securing GET /tecnico/dashboard
2026-07-07 13:35:14.377 [http-nio-8080-exec-3] DEBUG o.s.s.w.c.HttpSessionSecurityContextRepository - Retrieved SecurityContextImpl [Authentication=UsernamePasswordAuthenticationToken [Principal=com.itsm.incidentmanagement.security.service.CustomUserDetails@f3b1ad7, Credentials=[PROTECTED], Authenticated=true, Details=WebAuthenticationDetails [RemoteIpAddress=127.0.0.1, SessionId=055A462A69443072BB9BEFD7FDEEA0D0], Granted Authorities=[ROLE_TECNICO]]]
2026-07-07 13:35:14.378 [http-nio-8080-exec-3] DEBUG o.s.security.web.FilterChainProxy - Secured GET /tecnico/dashboard
2026-07-07 13:35:14.379 [http-nio-8080-exec-3] DEBUG org.hibernate.SQL - 
    select
        u1_0.id,
        u1_0.created_at,
        u1_0.email,
        u1_0.nome,
        u1_0.password_hash,
        u1_0.role,
        u1_0.username 
    from
        utilizador u1_0 
    where
        u1_0.username=?
2026-07-07 13:35:14.380 [http-nio-8080-exec-3] DEBUG org.hibernate.SQL - 
    select
        t1_0.id,
        t1_0.carga_trabalho_atual,
        t1_0.disponibilidade,
        t1_0.utilizador_id 
    from
        tecnico t1_0 
    left join
        utilizador u1_0 
            on u1_0.id=t1_0.utilizador_id 
    where
        u1_0.id=?
2026-07-07 13:35:14.382 [http-nio-8080-exec-3] DEBUG org.hibernate.SQL - 
    select
        c1_0.tecnico_id,
        c1_1.id,
        c1_1.nome 
    from
        tecnico_competencia c1_0 
    join
        competencia c1_1 
            on c1_1.id=c1_0.competencia_id 
    where
        c1_0.tecnico_id=?
2026-07-07 13:35:14.384 [http-nio-8080-exec-3] DEBUG org.hibernate.SQL - 
    select
        t1_0.id,
        t1_0.aberto_por_id,
        t1_0.ativo_id,
        t1_0.data_abertura,
        t1_0.data_fecho,
        t1_0.descricao,
        t1_0.estado,
        t1_0.prioridade,
        t1_0.tecnico_id,
        t1_0.tipo,
        t1_0.titulo 
    from
        ticket t1_0 
    left join
        tecnico t2_0 
            on t2_0.id=t1_0.tecnico_id 
    where
        t2_0.id=?
2026-07-07 13:35:14.385 [http-nio-8080-exec-3] DEBUG org.hibernate.SQL - 
    select
        u1_0.id,
        u1_0.created_at,
        u1_0.email,
        u1_0.nome,
        u1_0.password_hash,
        u1_0.role,
        u1_0.username 
    from
        utilizador u1_0 
    where
        u1_0.id=?
2026-07-07 13:35:14.387 [http-nio-8080-exec-3] DEBUG org.hibernate.SQL - 
    select
        u1_0.id,
        u1_0.created_at,
        u1_0.email,
        u1_0.nome,
        u1_0.password_hash,
        u1_0.role,
        u1_0.username 
    from
        utilizador u1_0 
    where
        u1_0.id=?
2026-07-07 13:35:14.415 [http-nio-8080-exec-4] DEBUG o.s.security.web.FilterChainProxy - Securing GET /favicon.ico
2026-07-07 13:35:14.415 [http-nio-8080-exec-4] DEBUG o.s.security.web.FilterChainProxy - Secured GET /favicon.ico
2026-07-07 13:35:14.418 [http-nio-8080-exec-4] DEBUG o.s.s.w.c.HttpSessionSecurityContextRepository - Retrieved SecurityContextImpl [Authentication=UsernamePasswordAuthenticationToken [Principal=com.itsm.incidentmanagement.security.service.CustomUserDetails@f3b1ad7, Credentials=[PROTECTED], Authenticated=true, Details=WebAuthenticationDetails [RemoteIpAddress=127.0.0.1, SessionId=055A462A69443072BB9BEFD7FDEEA0D0], Granted Authorities=[ROLE_TECNICO]]]
2026-07-07 13:35:16.679 [http-nio-8080-exec-2] DEBUG o.s.security.web.FilterChainProxy - Securing POST /tecnico/tickets/update-state
2026-07-07 13:35:16.680 [http-nio-8080-exec-2] DEBUG o.s.s.w.c.HttpSessionSecurityContextRepository - Retrieved SecurityContextImpl [Authentication=UsernamePasswordAuthenticationToken [Principal=com.itsm.incidentmanagement.security.service.CustomUserDetails@f3b1ad7, Credentials=[PROTECTED], Authenticated=true, Details=WebAuthenticationDetails [RemoteIpAddress=127.0.0.1, SessionId=055A462A69443072BB9BEFD7FDEEA0D0], Granted Authorities=[ROLE_TECNICO]]]
2026-07-07 13:35:16.681 [http-nio-8080-exec-2] DEBUG o.s.security.web.FilterChainProxy - Secured POST /tecnico/tickets/update-state
2026-07-07 13:35:16.681 [http-nio-8080-exec-2] DEBUG c.i.i.controller.DashboardController - Atualizando ticket 40 para estado: FECHADO
2026-07-07 13:35:16.682 [http-nio-8080-exec-2] INFO  c.i.i.service.TicketService - AUDIT - Atualizando estado do ticket 40 para FECHADO
2026-07-07 13:35:16.682 [http-nio-8080-exec-2] DEBUG org.hibernate.SQL - 
    select
        t1_0.id,
        t1_0.aberto_por_id,
        ap1_0.id,
        ap1_0.created_at,
        ap1_0.email,
        ap1_0.nome,
        ap1_0.password_hash,
        ap1_0.role,
        ap1_0.username,
        a1_0.id,
        a1_0.created_at,
        a1_0.data_aquisicao,
        a1_0.especificacoes,
        a1_0.estado,
        a1_0.nome,
        a1_0.tipo,
        t1_0.data_abertura,
        t1_0.data_fecho,
        t1_0.descricao,
        t1_0.estado,
        t1_0.prioridade,
        t2_0.id,
        t2_0.carga_trabalho_atual,
        c1_0.tecnico_id,
        c1_1.id,
        c1_1.nome,
        t2_0.disponibilidade,
        t2_0.utilizador_id,
        u1_0.id,
        u1_0.created_at,
        u1_0.email,
        u1_0.nome,
        u1_0.password_hash,
        u1_0.role,
        u1_0.username,
        t1_0.tipo,
        t1_0.titulo 
    from
        ticket t1_0 
    join
        utilizador ap1_0 
            on ap1_0.id=t1_0.aberto_por_id 
    left join
        ativo a1_0 
            on a1_0.id=t1_0.ativo_id 
    left join
        tecnico t2_0 
            on t2_0.id=t1_0.tecnico_id 
    left join
        tecnico_competencia c1_0 
            on t2_0.id=c1_0.tecnico_id 
    left join
        competencia c1_1 
            on c1_1.id=c1_0.competencia_id 
    left join
        utilizador u1_0 
            on u1_0.id=t2_0.utilizador_id 
    where
        t1_0.id=?
2026-07-07 13:35:16.684 [http-nio-8080-exec-2] INFO  c.i.i.service.TicketService - AUDIT - Carga do técnico 6 reduzida para 16
2026-07-07 13:35:16.684 [http-nio-8080-exec-2] INFO  c.i.i.service.TicketService - AUDIT - Ticket 40 resolvido em 2026-07-07T13:35:16.684401500
2026-07-07 13:35:16.684 [http-nio-8080-exec-2] INFO  AUDIT - TICKET_STATE_CHANGE | TicketId: 40 | OldState: RESOLVIDO | NewState: FECHADO | UserId: 17
2026-07-07 13:35:16.685 [http-nio-8080-exec-2] DEBUG org.hibernate.SQL - 
    update
        tecnico 
    set
        carga_trabalho_atual=?,
        disponibilidade=?,
        utilizador_id=? 
    where
        id=?
2026-07-07 13:35:16.686 [http-nio-8080-exec-2] DEBUG org.hibernate.SQL - 
    update
        ticket 
    set
        aberto_por_id=?,
        ativo_id=?,
        data_abertura=?,
        data_fecho=?,
        descricao=?,
        estado=?,
        prioridade=?,
        tecnico_id=?,
        tipo=?,
        titulo=? 
    where
        id=?
2026-07-07 13:35:16.693 [http-nio-8080-exec-5] DEBUG o.s.security.web.FilterChainProxy - Securing GET /tecnico/dashboard
2026-07-07 13:35:16.693 [http-nio-8080-exec-5] DEBUG o.s.s.w.c.HttpSessionSecurityContextRepository - Retrieved SecurityContextImpl [Authentication=UsernamePasswordAuthenticationToken [Principal=com.itsm.incidentmanagement.security.service.CustomUserDetails@f3b1ad7, Credentials=[PROTECTED], Authenticated=true, Details=WebAuthenticationDetails [RemoteIpAddress=127.0.0.1, SessionId=055A462A69443072BB9BEFD7FDEEA0D0], Granted Authorities=[ROLE_TECNICO]]]
2026-07-07 13:35:16.693 [http-nio-8080-exec-5] DEBUG o.s.security.web.FilterChainProxy - Secured GET /tecnico/dashboard
2026-07-07 13:35:16.695 [http-nio-8080-exec-5] DEBUG org.hibernate.SQL - 
    select
        u1_0.id,
        u1_0.created_at,
        u1_0.email,
        u1_0.nome,
        u1_0.password_hash,
        u1_0.role,
        u1_0.username 
    from
        utilizador u1_0 
    where
        u1_0.username=?
2026-07-07 13:35:16.698 [http-nio-8080-exec-5] DEBUG org.hibernate.SQL - 
    select
        t1_0.id,
        t1_0.carga_trabalho_atual,
        t1_0.disponibilidade,
        t1_0.utilizador_id 
    from
        tecnico t1_0 
    left join
        utilizador u1_0 
            on u1_0.id=t1_0.utilizador_id 
    where
        u1_0.id=?
2026-07-07 13:35:16.699 [http-nio-8080-exec-5] DEBUG org.hibernate.SQL - 
    select
        c1_0.tecnico_id,
        c1_1.id,
        c1_1.nome 
    from
        tecnico_competencia c1_0 
    join
        competencia c1_1 
            on c1_1.id=c1_0.competencia_id 
    where
        c1_0.tecnico_id=?
2026-07-07 13:35:16.700 [http-nio-8080-exec-5] DEBUG org.hibernate.SQL - 
    select
        t1_0.id,
        t1_0.aberto_por_id,
        t1_0.ativo_id,
        t1_0.data_abertura,
        t1_0.data_fecho,
        t1_0.descricao,
        t1_0.estado,
        t1_0.prioridade,
        t1_0.tecnico_id,
        t1_0.tipo,
        t1_0.titulo 
    from
        ticket t1_0 
    left join
        tecnico t2_0 
            on t2_0.id=t1_0.tecnico_id 
    where
        t2_0.id=?
2026-07-07 13:35:16.702 [http-nio-8080-exec-5] DEBUG org.hibernate.SQL - 
    select
        u1_0.id,
        u1_0.created_at,
        u1_0.email,
        u1_0.nome,
        u1_0.password_hash,
        u1_0.role,
        u1_0.username 
    from
        utilizador u1_0 
    where
        u1_0.id=?
2026-07-07 13:35:16.703 [http-nio-8080-exec-5] DEBUG org.hibernate.SQL - 
    select
        u1_0.id,
        u1_0.created_at,
        u1_0.email,
        u1_0.nome,
        u1_0.password_hash,
        u1_0.role,
        u1_0.username 
    from
        utilizador u1_0 
    where
        u1_0.id=?
2026-07-07 13:35:16.731 [http-nio-8080-exec-9] DEBUG o.s.security.web.FilterChainProxy - Securing GET /favicon.ico
2026-07-07 13:35:16.732 [http-nio-8080-exec-9] DEBUG o.s.security.web.FilterChainProxy - Secured GET /favicon.ico
2026-07-07 13:35:16.734 [http-nio-8080-exec-9] DEBUG o.s.s.w.c.HttpSessionSecurityContextRepository - Retrieved SecurityContextImpl [Authentication=UsernamePasswordAuthenticationToken [Principal=com.itsm.incidentmanagement.security.service.CustomUserDetails@f3b1ad7, Credentials=[PROTECTED], Authenticated=true, Details=WebAuthenticationDetails [RemoteIpAddress=127.0.0.1, SessionId=055A462A69443072BB9BEFD7FDEEA0D0], Granted Authorities=[ROLE_TECNICO]]]
2026-07-07 13:35:21.443 [http-nio-8080-exec-10] DEBUG o.s.security.web.FilterChainProxy - Securing POST /tecnico/tickets/update-state
2026-07-07 13:35:21.444 [http-nio-8080-exec-10] DEBUG o.s.s.w.c.HttpSessionSecurityContextRepository - Retrieved SecurityContextImpl [Authentication=UsernamePasswordAuthenticationToken [Principal=com.itsm.incidentmanagement.security.service.CustomUserDetails@f3b1ad7, Credentials=[PROTECTED], Authenticated=true, Details=WebAuthenticationDetails [RemoteIpAddress=127.0.0.1, SessionId=055A462A69443072BB9BEFD7FDEEA0D0], Granted Authorities=[ROLE_TECNICO]]]
2026-07-07 13:35:21.444 [http-nio-8080-exec-10] DEBUG o.s.security.web.FilterChainProxy - Secured POST /tecnico/tickets/update-state
2026-07-07 13:35:21.445 [http-nio-8080-exec-10] DEBUG c.i.i.controller.DashboardController - Atualizando ticket 38 para estado: ATRIBUIDO
2026-07-07 13:35:21.445 [http-nio-8080-exec-10] INFO  c.i.i.service.TicketService - AUDIT - Atualizando estado do ticket 38 para ATRIBUIDO
2026-07-07 13:35:21.446 [http-nio-8080-exec-10] DEBUG org.hibernate.SQL - 
    select
        t1_0.id,
        t1_0.aberto_por_id,
        ap1_0.id,
        ap1_0.created_at,
        ap1_0.email,
        ap1_0.nome,
        ap1_0.password_hash,
        ap1_0.role,
        ap1_0.username,
        a1_0.id,
        a1_0.created_at,
        a1_0.data_aquisicao,
        a1_0.especificacoes,
        a1_0.estado,
        a1_0.nome,
        a1_0.tipo,
        t1_0.data_abertura,
        t1_0.data_fecho,
        t1_0.descricao,
        t1_0.estado,
        t1_0.prioridade,
        t2_0.id,
        t2_0.carga_trabalho_atual,
        c1_0.tecnico_id,
        c1_1.id,
        c1_1.nome,
        t2_0.disponibilidade,
        t2_0.utilizador_id,
        u1_0.id,
        u1_0.created_at,
        u1_0.email,
        u1_0.nome,
        u1_0.password_hash,
        u1_0.role,
        u1_0.username,
        t1_0.tipo,
        t1_0.titulo 
    from
        ticket t1_0 
    join
        utilizador ap1_0 
            on ap1_0.id=t1_0.aberto_por_id 
    left join
        ativo a1_0 
            on a1_0.id=t1_0.ativo_id 
    left join
        tecnico t2_0 
            on t2_0.id=t1_0.tecnico_id 
    left join
        tecnico_competencia c1_0 
            on t2_0.id=c1_0.tecnico_id 
    left join
        competencia c1_1 
            on c1_1.id=c1_0.competencia_id 
    left join
        utilizador u1_0 
            on u1_0.id=t2_0.utilizador_id 
    where
        t1_0.id=?
2026-07-07 13:35:21.447 [http-nio-8080-exec-10] INFO  AUDIT - TICKET_STATE_CHANGE | TicketId: 38 | OldState: EM_CURSO | NewState: ATRIBUIDO | UserId: 20
2026-07-07 13:35:21.448 [http-nio-8080-exec-10] DEBUG org.hibernate.SQL - 
    update
        ticket 
    set
        aberto_por_id=?,
        ativo_id=?,
        data_abertura=?,
        data_fecho=?,
        descricao=?,
        estado=?,
        prioridade=?,
        tecnico_id=?,
        tipo=?,
        titulo=? 
    where
        id=?
2026-07-07 13:35:21.452 [http-nio-8080-exec-8] DEBUG o.s.security.web.FilterChainProxy - Securing GET /tecnico/dashboard
2026-07-07 13:35:21.454 [http-nio-8080-exec-8] DEBUG o.s.s.w.c.HttpSessionSecurityContextRepository - Retrieved SecurityContextImpl [Authentication=UsernamePasswordAuthenticationToken [Principal=com.itsm.incidentmanagement.security.service.CustomUserDetails@f3b1ad7, Credentials=[PROTECTED], Authenticated=true, Details=WebAuthenticationDetails [RemoteIpAddress=127.0.0.1, SessionId=055A462A69443072BB9BEFD7FDEEA0D0], Granted Authorities=[ROLE_TECNICO]]]
2026-07-07 13:35:21.454 [http-nio-8080-exec-8] DEBUG o.s.security.web.FilterChainProxy - Secured GET /tecnico/dashboard
2026-07-07 13:35:21.456 [http-nio-8080-exec-8] DEBUG org.hibernate.SQL - 
    select
        u1_0.id,
        u1_0.created_at,
        u1_0.email,
        u1_0.nome,
        u1_0.password_hash,
        u1_0.role,
        u1_0.username 
    from
        utilizador u1_0 
    where
        u1_0.username=?
2026-07-07 13:35:21.458 [http-nio-8080-exec-8] DEBUG org.hibernate.SQL - 
    select
        t1_0.id,
        t1_0.carga_trabalho_atual,
        t1_0.disponibilidade,
        t1_0.utilizador_id 
    from
        tecnico t1_0 
    left join
        utilizador u1_0 
            on u1_0.id=t1_0.utilizador_id 
    where
        u1_0.id=?
2026-07-07 13:35:21.460 [http-nio-8080-exec-8] DEBUG org.hibernate.SQL - 
    select
        c1_0.tecnico_id,
        c1_1.id,
        c1_1.nome 
    from
        tecnico_competencia c1_0 
    join
        competencia c1_1 
            on c1_1.id=c1_0.competencia_id 
    where
        c1_0.tecnico_id=?
2026-07-07 13:35:21.462 [http-nio-8080-exec-8] DEBUG org.hibernate.SQL - 
    select
        t1_0.id,
        t1_0.aberto_por_id,
        t1_0.ativo_id,
        t1_0.data_abertura,
        t1_0.data_fecho,
        t1_0.descricao,
        t1_0.estado,
        t1_0.prioridade,
        t1_0.tecnico_id,
        t1_0.tipo,
        t1_0.titulo 
    from
        ticket t1_0 
    left join
        tecnico t2_0 
            on t2_0.id=t1_0.tecnico_id 
    where
        t2_0.id=?
2026-07-07 13:35:21.463 [http-nio-8080-exec-8] DEBUG org.hibernate.SQL - 
    select
        u1_0.id,
        u1_0.created_at,
        u1_0.email,
        u1_0.nome,
        u1_0.password_hash,
        u1_0.role,
        u1_0.username 
    from
        utilizador u1_0 
    where
        u1_0.id=?
2026-07-07 13:35:21.463 [http-nio-8080-exec-8] DEBUG org.hibernate.SQL - 
    select
        u1_0.id,
        u1_0.created_at,
        u1_0.email,
        u1_0.nome,
        u1_0.password_hash,
        u1_0.role,
        u1_0.username 
    from
        utilizador u1_0 
    where
        u1_0.id=?
2026-07-07 13:35:24.565 [http-nio-8080-exec-6] DEBUG o.s.security.web.FilterChainProxy - Securing POST /tecnico/tickets/update-state
2026-07-07 13:35:24.566 [http-nio-8080-exec-6] DEBUG o.s.s.w.c.HttpSessionSecurityContextRepository - Retrieved SecurityContextImpl [Authentication=UsernamePasswordAuthenticationToken [Principal=com.itsm.incidentmanagement.security.service.CustomUserDetails@f3b1ad7, Credentials=[PROTECTED], Authenticated=true, Details=WebAuthenticationDetails [RemoteIpAddress=127.0.0.1, SessionId=055A462A69443072BB9BEFD7FDEEA0D0], Granted Authorities=[ROLE_TECNICO]]]
2026-07-07 13:35:24.567 [http-nio-8080-exec-6] DEBUG o.s.security.web.FilterChainProxy - Secured POST /tecnico/tickets/update-state
2026-07-07 13:35:24.567 [http-nio-8080-exec-6] DEBUG c.i.i.controller.DashboardController - Atualizando ticket 38 para estado: RESOLVIDO
2026-07-07 13:35:24.568 [http-nio-8080-exec-6] INFO  c.i.i.service.TicketService - AUDIT - Atualizando estado do ticket 38 para RESOLVIDO
2026-07-07 13:35:24.568 [http-nio-8080-exec-6] DEBUG org.hibernate.SQL - 
    select
        t1_0.id,
        t1_0.aberto_por_id,
        ap1_0.id,
        ap1_0.created_at,
        ap1_0.email,
        ap1_0.nome,
        ap1_0.password_hash,
        ap1_0.role,
        ap1_0.username,
        a1_0.id,
        a1_0.created_at,
        a1_0.data_aquisicao,
        a1_0.especificacoes,
        a1_0.estado,
        a1_0.nome,
        a1_0.tipo,
        t1_0.data_abertura,
        t1_0.data_fecho,
        t1_0.descricao,
        t1_0.estado,
        t1_0.prioridade,
        t2_0.id,
        t2_0.carga_trabalho_atual,
        c1_0.tecnico_id,
        c1_1.id,
        c1_1.nome,
        t2_0.disponibilidade,
        t2_0.utilizador_id,
        u1_0.id,
        u1_0.created_at,
        u1_0.email,
        u1_0.nome,
        u1_0.password_hash,
        u1_0.role,
        u1_0.username,
        t1_0.tipo,
        t1_0.titulo 
    from
        ticket t1_0 
    join
        utilizador ap1_0 
            on ap1_0.id=t1_0.aberto_por_id 
    left join
        ativo a1_0 
            on a1_0.id=t1_0.ativo_id 
    left join
        tecnico t2_0 
            on t2_0.id=t1_0.tecnico_id 
    left join
        tecnico_competencia c1_0 
            on t2_0.id=c1_0.tecnico_id 
    left join
        competencia c1_1 
            on c1_1.id=c1_0.competencia_id 
    left join
        utilizador u1_0 
            on u1_0.id=t2_0.utilizador_id 
    where
        t1_0.id=?
2026-07-07 13:35:24.569 [http-nio-8080-exec-6] INFO  c.i.i.service.TicketService - AUDIT - Carga do técnico 6 reduzida para 15
2026-07-07 13:35:24.569 [http-nio-8080-exec-6] INFO  c.i.i.service.TicketService - AUDIT - Ticket 38 resolvido em 2026-07-07T13:35:24.569776600
2026-07-07 13:35:24.569 [http-nio-8080-exec-6] INFO  AUDIT - TICKET_STATE_CHANGE | TicketId: 38 | OldState: ATRIBUIDO | NewState: RESOLVIDO | UserId: 20
2026-07-07 13:35:24.571 [http-nio-8080-exec-6] DEBUG org.hibernate.SQL - 
    update
        tecnico 
    set
        carga_trabalho_atual=?,
        disponibilidade=?,
        utilizador_id=? 
    where
        id=?
2026-07-07 13:35:24.573 [http-nio-8080-exec-6] DEBUG org.hibernate.SQL - 
    update
        ticket 
    set
        aberto_por_id=?,
        ativo_id=?,
        data_abertura=?,
        data_fecho=?,
        descricao=?,
        estado=?,
        prioridade=?,
        tecnico_id=?,
        tipo=?,
        titulo=? 
    where
        id=?
2026-07-07 13:35:24.578 [http-nio-8080-exec-7] DEBUG o.s.security.web.FilterChainProxy - Securing GET /tecnico/dashboard
2026-07-07 13:35:24.579 [http-nio-8080-exec-7] DEBUG o.s.s.w.c.HttpSessionSecurityContextRepository - Retrieved SecurityContextImpl [Authentication=UsernamePasswordAuthenticationToken [Principal=com.itsm.incidentmanagement.security.service.CustomUserDetails@f3b1ad7, Credentials=[PROTECTED], Authenticated=true, Details=WebAuthenticationDetails [RemoteIpAddress=127.0.0.1, SessionId=055A462A69443072BB9BEFD7FDEEA0D0], Granted Authorities=[ROLE_TECNICO]]]
2026-07-07 13:35:24.579 [http-nio-8080-exec-7] DEBUG o.s.security.web.FilterChainProxy - Secured GET /tecnico/dashboard
2026-07-07 13:35:24.581 [http-nio-8080-exec-7] DEBUG org.hibernate.SQL - 
    select
        u1_0.id,
        u1_0.created_at,
        u1_0.email,
        u1_0.nome,
        u1_0.password_hash,
        u1_0.role,
        u1_0.username 
    from
        utilizador u1_0 
    where
        u1_0.username=?
2026-07-07 13:35:24.584 [http-nio-8080-exec-7] DEBUG org.hibernate.SQL - 
    select
        t1_0.id,
        t1_0.carga_trabalho_atual,
        t1_0.disponibilidade,
        t1_0.utilizador_id 
    from
        tecnico t1_0 
    left join
        utilizador u1_0 
            on u1_0.id=t1_0.utilizador_id 
    where
        u1_0.id=?
2026-07-07 13:35:24.585 [http-nio-8080-exec-7] DEBUG org.hibernate.SQL - 
    select
        c1_0.tecnico_id,
        c1_1.id,
        c1_1.nome 
    from
        tecnico_competencia c1_0 
    join
        competencia c1_1 
            on c1_1.id=c1_0.competencia_id 
    where
        c1_0.tecnico_id=?
2026-07-07 13:35:24.586 [http-nio-8080-exec-7] DEBUG org.hibernate.SQL - 
    select
        t1_0.id,
        t1_0.aberto_por_id,
        t1_0.ativo_id,
        t1_0.data_abertura,
        t1_0.data_fecho,
        t1_0.descricao,
        t1_0.estado,
        t1_0.prioridade,
        t1_0.tecnico_id,
        t1_0.tipo,
        t1_0.titulo 
    from
        ticket t1_0 
    left join
        tecnico t2_0 
            on t2_0.id=t1_0.tecnico_id 
    where
        t2_0.id=?
2026-07-07 13:35:24.587 [http-nio-8080-exec-7] DEBUG org.hibernate.SQL - 
    select
        u1_0.id,
        u1_0.created_at,
        u1_0.email,
        u1_0.nome,
        u1_0.password_hash,
        u1_0.role,
        u1_0.username 
    from
        utilizador u1_0 
    where
        u1_0.id=?
2026-07-07 13:35:24.588 [http-nio-8080-exec-7] DEBUG org.hibernate.SQL - 
    select
        u1_0.id,
        u1_0.created_at,
        u1_0.email,
        u1_0.nome,
        u1_0.password_hash,
        u1_0.role,
        u1_0.username 
    from
        utilizador u1_0 
    where
        u1_0.id=?
2026-07-07 13:35:24.611 [http-nio-8080-exec-1] DEBUG o.s.security.web.FilterChainProxy - Securing GET /favicon.ico
2026-07-07 13:35:24.611 [http-nio-8080-exec-1] DEBUG o.s.security.web.FilterChainProxy - Secured GET /favicon.ico
2026-07-07 13:35:24.615 [http-nio-8080-exec-1] DEBUG o.s.s.w.c.HttpSessionSecurityContextRepository - Retrieved SecurityContextImpl [Authentication=UsernamePasswordAuthenticationToken [Principal=com.itsm.incidentmanagement.security.service.CustomUserDetails@f3b1ad7, Credentials=[PROTECTED], Authenticated=true, Details=WebAuthenticationDetails [RemoteIpAddress=127.0.0.1, SessionId=055A462A69443072BB9BEFD7FDEEA0D0], Granted Authorities=[ROLE_TECNICO]]]
2026-07-07 13:35:27.023 [http-nio-8080-exec-3] DEBUG o.s.security.web.FilterChainProxy - Securing POST /tecnico/tickets/update-state
2026-07-07 13:35:27.024 [http-nio-8080-exec-3] DEBUG o.s.s.w.c.HttpSessionSecurityContextRepository - Retrieved SecurityContextImpl [Authentication=UsernamePasswordAuthenticationToken [Principal=com.itsm.incidentmanagement.security.service.CustomUserDetails@f3b1ad7, Credentials=[PROTECTED], Authenticated=true, Details=WebAuthenticationDetails [RemoteIpAddress=127.0.0.1, SessionId=055A462A69443072BB9BEFD7FDEEA0D0], Granted Authorities=[ROLE_TECNICO]]]
2026-07-07 13:35:27.024 [http-nio-8080-exec-3] DEBUG o.s.security.web.FilterChainProxy - Secured POST /tecnico/tickets/update-state
2026-07-07 13:35:27.024 [http-nio-8080-exec-3] DEBUG c.i.i.controller.DashboardController - Atualizando ticket 38 para estado: FECHADO
2026-07-07 13:35:27.025 [http-nio-8080-exec-3] INFO  c.i.i.service.TicketService - AUDIT - Atualizando estado do ticket 38 para FECHADO
2026-07-07 13:35:27.025 [http-nio-8080-exec-3] DEBUG org.hibernate.SQL - 
    select
        t1_0.id,
        t1_0.aberto_por_id,
        ap1_0.id,
        ap1_0.created_at,
        ap1_0.email,
        ap1_0.nome,
        ap1_0.password_hash,
        ap1_0.role,
        ap1_0.username,
        a1_0.id,
        a1_0.created_at,
        a1_0.data_aquisicao,
        a1_0.especificacoes,
        a1_0.estado,
        a1_0.nome,
        a1_0.tipo,
        t1_0.data_abertura,
        t1_0.data_fecho,
        t1_0.descricao,
        t1_0.estado,
        t1_0.prioridade,
        t2_0.id,
        t2_0.carga_trabalho_atual,
        c1_0.tecnico_id,
        c1_1.id,
        c1_1.nome,
        t2_0.disponibilidade,
        t2_0.utilizador_id,
        u1_0.id,
        u1_0.created_at,
        u1_0.email,
        u1_0.nome,
        u1_0.password_hash,
        u1_0.role,
        u1_0.username,
        t1_0.tipo,
        t1_0.titulo 
    from
        ticket t1_0 
    join
        utilizador ap1_0 
            on ap1_0.id=t1_0.aberto_por_id 
    left join
        ativo a1_0 
            on a1_0.id=t1_0.ativo_id 
    left join
        tecnico t2_0 
            on t2_0.id=t1_0.tecnico_id 
    left join
        tecnico_competencia c1_0 
            on t2_0.id=c1_0.tecnico_id 
    left join
        competencia c1_1 
            on c1_1.id=c1_0.competencia_id 
    left join
        utilizador u1_0 
            on u1_0.id=t2_0.utilizador_id 
    where
        t1_0.id=?
2026-07-07 13:35:27.028 [http-nio-8080-exec-3] INFO  c.i.i.service.TicketService - AUDIT - Carga do técnico 6 reduzida para 14
2026-07-07 13:35:27.028 [http-nio-8080-exec-3] INFO  c.i.i.service.TicketService - AUDIT - Ticket 38 resolvido em 2026-07-07T13:35:27.028126200
2026-07-07 13:35:27.028 [http-nio-8080-exec-3] INFO  AUDIT - TICKET_STATE_CHANGE | TicketId: 38 | OldState: RESOLVIDO | NewState: FECHADO | UserId: 20
2026-07-07 13:35:27.029 [http-nio-8080-exec-3] DEBUG org.hibernate.SQL - 
    update
        tecnico 
    set
        carga_trabalho_atual=?,
        disponibilidade=?,
        utilizador_id=? 
    where
        id=?
2026-07-07 13:35:27.030 [http-nio-8080-exec-3] DEBUG org.hibernate.SQL - 
    update
        ticket 
    set
        aberto_por_id=?,
        ativo_id=?,
        data_abertura=?,
        data_fecho=?,
        descricao=?,
        estado=?,
        prioridade=?,
        tecnico_id=?,
        tipo=?,
        titulo=? 
    where
        id=?
2026-07-07 13:35:27.036 [http-nio-8080-exec-4] DEBUG o.s.security.web.FilterChainProxy - Securing GET /tecnico/dashboard
2026-07-07 13:35:27.037 [http-nio-8080-exec-4] DEBUG o.s.s.w.c.HttpSessionSecurityContextRepository - Retrieved SecurityContextImpl [Authentication=UsernamePasswordAuthenticationToken [Principal=com.itsm.incidentmanagement.security.service.CustomUserDetails@f3b1ad7, Credentials=[PROTECTED], Authenticated=true, Details=WebAuthenticationDetails [RemoteIpAddress=127.0.0.1, SessionId=055A462A69443072BB9BEFD7FDEEA0D0], Granted Authorities=[ROLE_TECNICO]]]
2026-07-07 13:35:27.037 [http-nio-8080-exec-4] DEBUG o.s.security.web.FilterChainProxy - Secured GET /tecnico/dashboard
2026-07-07 13:35:27.039 [http-nio-8080-exec-4] DEBUG org.hibernate.SQL - 
    select
        u1_0.id,
        u1_0.created_at,
        u1_0.email,
        u1_0.nome,
        u1_0.password_hash,
        u1_0.role,
        u1_0.username 
    from
        utilizador u1_0 
    where
        u1_0.username=?
2026-07-07 13:35:27.041 [http-nio-8080-exec-4] DEBUG org.hibernate.SQL - 
    select
        t1_0.id,
        t1_0.carga_trabalho_atual,
        t1_0.disponibilidade,
        t1_0.utilizador_id 
    from
        tecnico t1_0 
    left join
        utilizador u1_0 
            on u1_0.id=t1_0.utilizador_id 
    where
        u1_0.id=?
2026-07-07 13:35:27.041 [http-nio-8080-exec-4] DEBUG org.hibernate.SQL - 
    select
        c1_0.tecnico_id,
        c1_1.id,
        c1_1.nome 
    from
        tecnico_competencia c1_0 
    join
        competencia c1_1 
            on c1_1.id=c1_0.competencia_id 
    where
        c1_0.tecnico_id=?
2026-07-07 13:35:27.045 [http-nio-8080-exec-4] DEBUG org.hibernate.SQL - 
    select
        t1_0.id,
        t1_0.aberto_por_id,
        t1_0.ativo_id,
        t1_0.data_abertura,
        t1_0.data_fecho,
        t1_0.descricao,
        t1_0.estado,
        t1_0.prioridade,
        t1_0.tecnico_id,
        t1_0.tipo,
        t1_0.titulo 
    from
        ticket t1_0 
    left join
        tecnico t2_0 
            on t2_0.id=t1_0.tecnico_id 
    where
        t2_0.id=?
2026-07-07 13:35:27.046 [http-nio-8080-exec-4] DEBUG org.hibernate.SQL - 
    select
        u1_0.id,
        u1_0.created_at,
        u1_0.email,
        u1_0.nome,
        u1_0.password_hash,
        u1_0.role,
        u1_0.username 
    from
        utilizador u1_0 
    where
        u1_0.id=?
2026-07-07 13:35:27.047 [http-nio-8080-exec-4] DEBUG org.hibernate.SQL - 
    select
        u1_0.id,
        u1_0.created_at,
        u1_0.email,
        u1_0.nome,
        u1_0.password_hash,
        u1_0.role,
        u1_0.username 
    from
        utilizador u1_0 
    where
        u1_0.id=?
2026-07-07 13:35:32.591 [http-nio-8080-exec-2] DEBUG o.s.security.web.FilterChainProxy - Securing POST /tecnico/tickets/update-state
2026-07-07 13:35:32.592 [http-nio-8080-exec-2] DEBUG o.s.s.w.c.HttpSessionSecurityContextRepository - Retrieved SecurityContextImpl [Authentication=UsernamePasswordAuthenticationToken [Principal=com.itsm.incidentmanagement.security.service.CustomUserDetails@f3b1ad7, Credentials=[PROTECTED], Authenticated=true, Details=WebAuthenticationDetails [RemoteIpAddress=127.0.0.1, SessionId=055A462A69443072BB9BEFD7FDEEA0D0], Granted Authorities=[ROLE_TECNICO]]]
2026-07-07 13:35:32.592 [http-nio-8080-exec-2] DEBUG o.s.security.web.FilterChainProxy - Secured POST /tecnico/tickets/update-state
2026-07-07 13:35:32.592 [http-nio-8080-exec-2] DEBUG c.i.i.controller.DashboardController - Atualizando ticket 46 para estado: RESOLVIDO
2026-07-07 13:35:32.593 [http-nio-8080-exec-2] INFO  c.i.i.service.TicketService - AUDIT - Atualizando estado do ticket 46 para RESOLVIDO
2026-07-07 13:35:32.593 [http-nio-8080-exec-2] DEBUG org.hibernate.SQL - 
    select
        t1_0.id,
        t1_0.aberto_por_id,
        ap1_0.id,
        ap1_0.created_at,
        ap1_0.email,
        ap1_0.nome,
        ap1_0.password_hash,
        ap1_0.role,
        ap1_0.username,
        a1_0.id,
        a1_0.created_at,
        a1_0.data_aquisicao,
        a1_0.especificacoes,
        a1_0.estado,
        a1_0.nome,
        a1_0.tipo,
        t1_0.data_abertura,
        t1_0.data_fecho,
        t1_0.descricao,
        t1_0.estado,
        t1_0.prioridade,
        t2_0.id,
        t2_0.carga_trabalho_atual,
        c1_0.tecnico_id,
        c1_1.id,
        c1_1.nome,
        t2_0.disponibilidade,
        t2_0.utilizador_id,
        u1_0.id,
        u1_0.created_at,
        u1_0.email,
        u1_0.nome,
        u1_0.password_hash,
        u1_0.role,
        u1_0.username,
        t1_0.tipo,
        t1_0.titulo 
    from
        ticket t1_0 
    join
        utilizador ap1_0 
            on ap1_0.id=t1_0.aberto_por_id 
    left join
        ativo a1_0 
            on a1_0.id=t1_0.ativo_id 
    left join
        tecnico t2_0 
            on t2_0.id=t1_0.tecnico_id 
    left join
        tecnico_competencia c1_0 
            on t2_0.id=c1_0.tecnico_id 
    left join
        competencia c1_1 
            on c1_1.id=c1_0.competencia_id 
    left join
        utilizador u1_0 
            on u1_0.id=t2_0.utilizador_id 
    where
        t1_0.id=?
2026-07-07 13:35:32.595 [http-nio-8080-exec-2] INFO  c.i.i.service.TicketService - AUDIT - Carga do técnico 6 reduzida para 13
2026-07-07 13:35:32.595 [http-nio-8080-exec-2] INFO  c.i.i.service.TicketService - AUDIT - Ticket 46 resolvido em 2026-07-07T13:35:32.595232900
2026-07-07 13:35:32.595 [http-nio-8080-exec-2] INFO  AUDIT - TICKET_STATE_CHANGE | TicketId: 46 | OldState: ABERTO | NewState: RESOLVIDO | UserId: 17
2026-07-07 13:35:32.596 [http-nio-8080-exec-2] DEBUG org.hibernate.SQL - 
    update
        tecnico 
    set
        carga_trabalho_atual=?,
        disponibilidade=?,
        utilizador_id=? 
    where
        id=?
2026-07-07 13:35:32.598 [http-nio-8080-exec-2] DEBUG org.hibernate.SQL - 
    update
        ticket 
    set
        aberto_por_id=?,
        ativo_id=?,
        data_abertura=?,
        data_fecho=?,
        descricao=?,
        estado=?,
        prioridade=?,
        tecnico_id=?,
        tipo=?,
        titulo=? 
    where
        id=?
2026-07-07 13:35:32.607 [http-nio-8080-exec-5] DEBUG o.s.security.web.FilterChainProxy - Securing GET /tecnico/dashboard
2026-07-07 13:35:32.608 [http-nio-8080-exec-5] DEBUG o.s.s.w.c.HttpSessionSecurityContextRepository - Retrieved SecurityContextImpl [Authentication=UsernamePasswordAuthenticationToken [Principal=com.itsm.incidentmanagement.security.service.CustomUserDetails@f3b1ad7, Credentials=[PROTECTED], Authenticated=true, Details=WebAuthenticationDetails [RemoteIpAddress=127.0.0.1, SessionId=055A462A69443072BB9BEFD7FDEEA0D0], Granted Authorities=[ROLE_TECNICO]]]
2026-07-07 13:35:32.609 [http-nio-8080-exec-5] DEBUG o.s.security.web.FilterChainProxy - Secured GET /tecnico/dashboard
2026-07-07 13:35:32.610 [http-nio-8080-exec-5] DEBUG org.hibernate.SQL - 
    select
        u1_0.id,
        u1_0.created_at,
        u1_0.email,
        u1_0.nome,
        u1_0.password_hash,
        u1_0.role,
        u1_0.username 
    from
        utilizador u1_0 
    where
        u1_0.username=?
2026-07-07 13:35:32.612 [http-nio-8080-exec-5] DEBUG org.hibernate.SQL - 
    select
        t1_0.id,
        t1_0.carga_trabalho_atual,
        t1_0.disponibilidade,
        t1_0.utilizador_id 
    from
        tecnico t1_0 
    left join
        utilizador u1_0 
            on u1_0.id=t1_0.utilizador_id 
    where
        u1_0.id=?
2026-07-07 13:35:32.613 [http-nio-8080-exec-5] DEBUG org.hibernate.SQL - 
    select
        c1_0.tecnico_id,
        c1_1.id,
        c1_1.nome 
    from
        tecnico_competencia c1_0 
    join
        competencia c1_1 
            on c1_1.id=c1_0.competencia_id 
    where
        c1_0.tecnico_id=?
2026-07-07 13:35:32.614 [http-nio-8080-exec-5] DEBUG org.hibernate.SQL - 
    select
        t1_0.id,
        t1_0.aberto_por_id,
        t1_0.ativo_id,
        t1_0.data_abertura,
        t1_0.data_fecho,
        t1_0.descricao,
        t1_0.estado,
        t1_0.prioridade,
        t1_0.tecnico_id,
        t1_0.tipo,
        t1_0.titulo 
    from
        ticket t1_0 
    left join
        tecnico t2_0 
            on t2_0.id=t1_0.tecnico_id 
    where
        t2_0.id=?
2026-07-07 13:35:32.615 [http-nio-8080-exec-5] DEBUG org.hibernate.SQL - 
    select
        u1_0.id,
        u1_0.created_at,
        u1_0.email,
        u1_0.nome,
        u1_0.password_hash,
        u1_0.role,
        u1_0.username 
    from
        utilizador u1_0 
    where
        u1_0.id=?
2026-07-07 13:35:32.616 [http-nio-8080-exec-5] DEBUG org.hibernate.SQL - 
    select
        u1_0.id,
        u1_0.created_at,
        u1_0.email,
        u1_0.nome,
        u1_0.password_hash,
        u1_0.role,
        u1_0.username 
    from
        utilizador u1_0 
    where
        u1_0.id=?
2026-07-07 13:35:32.636 [http-nio-8080-exec-9] DEBUG o.s.security.web.FilterChainProxy - Securing GET /favicon.ico
2026-07-07 13:35:32.637 [http-nio-8080-exec-9] DEBUG o.s.security.web.FilterChainProxy - Secured GET /favicon.ico
2026-07-07 13:35:32.640 [http-nio-8080-exec-9] DEBUG o.s.s.w.c.HttpSessionSecurityContextRepository - Retrieved SecurityContextImpl [Authentication=UsernamePasswordAuthenticationToken [Principal=com.itsm.incidentmanagement.security.service.CustomUserDetails@f3b1ad7, Credentials=[PROTECTED], Authenticated=true, Details=WebAuthenticationDetails [RemoteIpAddress=127.0.0.1, SessionId=055A462A69443072BB9BEFD7FDEEA0D0], Granted Authorities=[ROLE_TECNICO]]]
2026-07-07 13:35:35.461 [http-nio-8080-exec-10] DEBUG o.s.security.web.FilterChainProxy - Securing POST /tecnico/tickets/update-state
2026-07-07 13:35:35.461 [http-nio-8080-exec-10] DEBUG o.s.s.w.c.HttpSessionSecurityContextRepository - Retrieved SecurityContextImpl [Authentication=UsernamePasswordAuthenticationToken [Principal=com.itsm.incidentmanagement.security.service.CustomUserDetails@f3b1ad7, Credentials=[PROTECTED], Authenticated=true, Details=WebAuthenticationDetails [RemoteIpAddress=127.0.0.1, SessionId=055A462A69443072BB9BEFD7FDEEA0D0], Granted Authorities=[ROLE_TECNICO]]]
2026-07-07 13:35:35.461 [http-nio-8080-exec-10] DEBUG o.s.security.web.FilterChainProxy - Secured POST /tecnico/tickets/update-state
2026-07-07 13:35:35.462 [http-nio-8080-exec-10] DEBUG c.i.i.controller.DashboardController - Atualizando ticket 39 para estado: FECHADO
2026-07-07 13:35:35.462 [http-nio-8080-exec-10] INFO  c.i.i.service.TicketService - AUDIT - Atualizando estado do ticket 39 para FECHADO
2026-07-07 13:35:35.463 [http-nio-8080-exec-10] DEBUG org.hibernate.SQL - 
    select
        t1_0.id,
        t1_0.aberto_por_id,
        ap1_0.id,
        ap1_0.created_at,
        ap1_0.email,
        ap1_0.nome,
        ap1_0.password_hash,
        ap1_0.role,
        ap1_0.username,
        a1_0.id,
        a1_0.created_at,
        a1_0.data_aquisicao,
        a1_0.especificacoes,
        a1_0.estado,
        a1_0.nome,
        a1_0.tipo,
        t1_0.data_abertura,
        t1_0.data_fecho,
        t1_0.descricao,
        t1_0.estado,
        t1_0.prioridade,
        t2_0.id,
        t2_0.carga_trabalho_atual,
        c1_0.tecnico_id,
        c1_1.id,
        c1_1.nome,
        t2_0.disponibilidade,
        t2_0.utilizador_id,
        u1_0.id,
        u1_0.created_at,
        u1_0.email,
        u1_0.nome,
        u1_0.password_hash,
        u1_0.role,
        u1_0.username,
        t1_0.tipo,
        t1_0.titulo 
    from
        ticket t1_0 
    join
        utilizador ap1_0 
            on ap1_0.id=t1_0.aberto_por_id 
    left join
        ativo a1_0 
            on a1_0.id=t1_0.ativo_id 
    left join
        tecnico t2_0 
            on t2_0.id=t1_0.tecnico_id 
    left join
        tecnico_competencia c1_0 
            on t2_0.id=c1_0.tecnico_id 
    left join
        competencia c1_1 
            on c1_1.id=c1_0.competencia_id 
    left join
        utilizador u1_0 
            on u1_0.id=t2_0.utilizador_id 
    where
        t1_0.id=?
2026-07-07 13:35:35.464 [http-nio-8080-exec-10] INFO  c.i.i.service.TicketService - AUDIT - Carga do técnico 6 reduzida para 12
2026-07-07 13:35:35.464 [http-nio-8080-exec-10] INFO  c.i.i.service.TicketService - AUDIT - Ticket 39 resolvido em 2026-07-07T13:35:35.464945100
2026-07-07 13:35:35.464 [http-nio-8080-exec-10] INFO  AUDIT - TICKET_STATE_CHANGE | TicketId: 39 | OldState: FECHADO | NewState: FECHADO | UserId: 20
2026-07-07 13:35:35.466 [http-nio-8080-exec-10] DEBUG org.hibernate.SQL - 
    update
        tecnico 
    set
        carga_trabalho_atual=?,
        disponibilidade=?,
        utilizador_id=? 
    where
        id=?
2026-07-07 13:35:35.467 [http-nio-8080-exec-10] DEBUG org.hibernate.SQL - 
    update
        ticket 
    set
        aberto_por_id=?,
        ativo_id=?,
        data_abertura=?,
        data_fecho=?,
        descricao=?,
        estado=?,
        prioridade=?,
        tecnico_id=?,
        tipo=?,
        titulo=? 
    where
        id=?
2026-07-07 13:35:35.472 [http-nio-8080-exec-8] DEBUG o.s.security.web.FilterChainProxy - Securing GET /tecnico/dashboard
2026-07-07 13:35:35.473 [http-nio-8080-exec-8] DEBUG o.s.s.w.c.HttpSessionSecurityContextRepository - Retrieved SecurityContextImpl [Authentication=UsernamePasswordAuthenticationToken [Principal=com.itsm.incidentmanagement.security.service.CustomUserDetails@f3b1ad7, Credentials=[PROTECTED], Authenticated=true, Details=WebAuthenticationDetails [RemoteIpAddress=127.0.0.1, SessionId=055A462A69443072BB9BEFD7FDEEA0D0], Granted Authorities=[ROLE_TECNICO]]]
2026-07-07 13:35:35.474 [http-nio-8080-exec-8] DEBUG o.s.security.web.FilterChainProxy - Secured GET /tecnico/dashboard
2026-07-07 13:35:35.475 [http-nio-8080-exec-8] DEBUG org.hibernate.SQL - 
    select
        u1_0.id,
        u1_0.created_at,
        u1_0.email,
        u1_0.nome,
        u1_0.password_hash,
        u1_0.role,
        u1_0.username 
    from
        utilizador u1_0 
    where
        u1_0.username=?
2026-07-07 13:35:35.478 [http-nio-8080-exec-8] DEBUG org.hibernate.SQL - 
    select
        t1_0.id,
        t1_0.carga_trabalho_atual,
        t1_0.disponibilidade,
        t1_0.utilizador_id 
    from
        tecnico t1_0 
    left join
        utilizador u1_0 
            on u1_0.id=t1_0.utilizador_id 
    where
        u1_0.id=?
2026-07-07 13:35:35.478 [http-nio-8080-exec-8] DEBUG org.hibernate.SQL - 
    select
        c1_0.tecnico_id,
        c1_1.id,
        c1_1.nome 
    from
        tecnico_competencia c1_0 
    join
        competencia c1_1 
            on c1_1.id=c1_0.competencia_id 
    where
        c1_0.tecnico_id=?
2026-07-07 13:35:35.480 [http-nio-8080-exec-8] DEBUG org.hibernate.SQL - 
    select
        t1_0.id,
        t1_0.aberto_por_id,
        t1_0.ativo_id,
        t1_0.data_abertura,
        t1_0.data_fecho,
        t1_0.descricao,
        t1_0.estado,
        t1_0.prioridade,
        t1_0.tecnico_id,
        t1_0.tipo,
        t1_0.titulo 
    from
        ticket t1_0 
    left join
        tecnico t2_0 
            on t2_0.id=t1_0.tecnico_id 
    where
        t2_0.id=?
2026-07-07 13:35:35.481 [http-nio-8080-exec-8] DEBUG org.hibernate.SQL - 
    select
        u1_0.id,
        u1_0.created_at,
        u1_0.email,
        u1_0.nome,
        u1_0.password_hash,
        u1_0.role,
        u1_0.username 
    from
        utilizador u1_0 
    where
        u1_0.id=?
2026-07-07 13:35:35.482 [http-nio-8080-exec-8] DEBUG org.hibernate.SQL - 
    select
        u1_0.id,
        u1_0.created_at,
        u1_0.email,
        u1_0.nome,
        u1_0.password_hash,
        u1_0.role,
        u1_0.username 
    from
        utilizador u1_0 
    where
        u1_0.id=?
2026-07-07 13:35:35.504 [http-nio-8080-exec-6] DEBUG o.s.security.web.FilterChainProxy - Securing GET /favicon.ico
2026-07-07 13:35:35.506 [http-nio-8080-exec-6] DEBUG o.s.security.web.FilterChainProxy - Secured GET /favicon.ico
2026-07-07 13:35:35.508 [http-nio-8080-exec-6] DEBUG o.s.s.w.c.HttpSessionSecurityContextRepository - Retrieved SecurityContextImpl [Authentication=UsernamePasswordAuthenticationToken [Principal=com.itsm.incidentmanagement.security.service.CustomUserDetails@f3b1ad7, Credentials=[PROTECTED], Authenticated=true, Details=WebAuthenticationDetails [RemoteIpAddress=127.0.0.1, SessionId=055A462A69443072BB9BEFD7FDEEA0D0], Granted Authorities=[ROLE_TECNICO]]]
2026-07-07 13:35:37.714 [http-nio-8080-exec-7] DEBUG o.s.security.web.FilterChainProxy - Securing GET /tecnico/tickets
2026-07-07 13:35:37.715 [http-nio-8080-exec-7] DEBUG o.s.s.w.c.HttpSessionSecurityContextRepository - Retrieved SecurityContextImpl [Authentication=UsernamePasswordAuthenticationToken [Principal=com.itsm.incidentmanagement.security.service.CustomUserDetails@f3b1ad7, Credentials=[PROTECTED], Authenticated=true, Details=WebAuthenticationDetails [RemoteIpAddress=127.0.0.1, SessionId=055A462A69443072BB9BEFD7FDEEA0D0], Granted Authorities=[ROLE_TECNICO]]]
2026-07-07 13:35:37.716 [http-nio-8080-exec-7] DEBUG o.s.security.web.FilterChainProxy - Secured GET /tecnico/tickets
2026-07-07 13:35:37.716 [http-nio-8080-exec-7] DEBUG c.i.i.controller.DashboardController - A carregar /tecnico/tickets
2026-07-07 13:35:37.717 [http-nio-8080-exec-7] DEBUG org.hibernate.SQL - 
    select
        u1_0.id,
        u1_0.created_at,
        u1_0.email,
        u1_0.nome,
        u1_0.password_hash,
        u1_0.role,
        u1_0.username 
    from
        utilizador u1_0 
    where
        u1_0.username=?
2026-07-07 13:35:37.719 [http-nio-8080-exec-7] DEBUG org.hibernate.SQL - 
    select
        t1_0.id,
        t1_0.carga_trabalho_atual,
        t1_0.disponibilidade,
        t1_0.utilizador_id 
    from
        tecnico t1_0 
    left join
        utilizador u1_0 
            on u1_0.id=t1_0.utilizador_id 
    where
        u1_0.id=?
2026-07-07 13:35:37.720 [http-nio-8080-exec-7] DEBUG org.hibernate.SQL - 
    select
        c1_0.tecnico_id,
        c1_1.id,
        c1_1.nome 
    from
        tecnico_competencia c1_0 
    join
        competencia c1_1 
            on c1_1.id=c1_0.competencia_id 
    where
        c1_0.tecnico_id=?
2026-07-07 13:35:37.722 [http-nio-8080-exec-7] DEBUG org.hibernate.SQL - 
    select
        t1_0.id,
        t1_0.aberto_por_id,
        t1_0.ativo_id,
        t1_0.data_abertura,
        t1_0.data_fecho,
        t1_0.descricao,
        t1_0.estado,
        t1_0.prioridade,
        t1_0.tecnico_id,
        t1_0.tipo,
        t1_0.titulo 
    from
        ticket t1_0 
    left join
        tecnico t2_0 
            on t2_0.id=t1_0.tecnico_id 
    where
        t2_0.id=?
2026-07-07 13:35:37.723 [http-nio-8080-exec-7] DEBUG org.hibernate.SQL - 
    select
        u1_0.id,
        u1_0.created_at,
        u1_0.email,
        u1_0.nome,
        u1_0.password_hash,
        u1_0.role,
        u1_0.username 
    from
        utilizador u1_0 
    where
        u1_0.id=?
2026-07-07 13:35:37.724 [http-nio-8080-exec-7] DEBUG org.hibernate.SQL - 
    select
        u1_0.id,
        u1_0.created_at,
        u1_0.email,
        u1_0.nome,
        u1_0.password_hash,
        u1_0.role,
        u1_0.username 
    from
        utilizador u1_0 
    where
        u1_0.id=?
2026-07-07 13:35:37.725 [http-nio-8080-exec-7] DEBUG c.i.i.controller.DashboardController - Tickets encontrados: 5
2026-07-07 13:35:41.341 [http-nio-8080-exec-1] DEBUG o.s.security.web.FilterChainProxy - Securing GET /tecnico/dashboard
2026-07-07 13:35:41.342 [http-nio-8080-exec-1] DEBUG o.s.s.w.c.HttpSessionSecurityContextRepository - Retrieved SecurityContextImpl [Authentication=UsernamePasswordAuthenticationToken [Principal=com.itsm.incidentmanagement.security.service.CustomUserDetails@f3b1ad7, Credentials=[PROTECTED], Authenticated=true, Details=WebAuthenticationDetails [RemoteIpAddress=127.0.0.1, SessionId=055A462A69443072BB9BEFD7FDEEA0D0], Granted Authorities=[ROLE_TECNICO]]]
2026-07-07 13:35:41.342 [http-nio-8080-exec-1] DEBUG o.s.security.web.FilterChainProxy - Secured GET /tecnico/dashboard
2026-07-07 13:35:41.343 [http-nio-8080-exec-1] DEBUG org.hibernate.SQL - 
    select
        u1_0.id,
        u1_0.created_at,
        u1_0.email,
        u1_0.nome,
        u1_0.password_hash,
        u1_0.role,
        u1_0.username 
    from
        utilizador u1_0 
    where
        u1_0.username=?
2026-07-07 13:35:41.345 [http-nio-8080-exec-1] DEBUG org.hibernate.SQL - 
    select
        t1_0.id,
        t1_0.carga_trabalho_atual,
        t1_0.disponibilidade,
        t1_0.utilizador_id 
    from
        tecnico t1_0 
    left join
        utilizador u1_0 
            on u1_0.id=t1_0.utilizador_id 
    where
        u1_0.id=?
2026-07-07 13:35:41.346 [http-nio-8080-exec-1] DEBUG org.hibernate.SQL - 
    select
        c1_0.tecnico_id,
        c1_1.id,
        c1_1.nome 
    from
        tecnico_competencia c1_0 
    join
        competencia c1_1 
            on c1_1.id=c1_0.competencia_id 
    where
        c1_0.tecnico_id=?
2026-07-07 13:35:41.349 [http-nio-8080-exec-1] DEBUG org.hibernate.SQL - 
    select
        t1_0.id,
        t1_0.aberto_por_id,
        t1_0.ativo_id,
        t1_0.data_abertura,
        t1_0.data_fecho,
        t1_0.descricao,
        t1_0.estado,
        t1_0.prioridade,
        t1_0.tecnico_id,
        t1_0.tipo,
        t1_0.titulo 
    from
        ticket t1_0 
    left join
        tecnico t2_0 
            on t2_0.id=t1_0.tecnico_id 
    where
        t2_0.id=?
2026-07-07 13:35:41.349 [http-nio-8080-exec-1] DEBUG org.hibernate.SQL - 
    select
        u1_0.id,
        u1_0.created_at,
        u1_0.email,
        u1_0.nome,
        u1_0.password_hash,
        u1_0.role,
        u1_0.username 
    from
        utilizador u1_0 
    where
        u1_0.id=?
2026-07-07 13:35:41.350 [http-nio-8080-exec-1] DEBUG org.hibernate.SQL - 
    select
        u1_0.id,
        u1_0.created_at,
        u1_0.email,
        u1_0.nome,
        u1_0.password_hash,
        u1_0.role,
        u1_0.username 
    from
        utilizador u1_0 
    where
        u1_0.id=?
2026-07-07 13:35:41.379 [http-nio-8080-exec-3] DEBUG o.s.security.web.FilterChainProxy - Securing GET /favicon.ico
2026-07-07 13:35:41.380 [http-nio-8080-exec-3] DEBUG o.s.security.web.FilterChainProxy - Secured GET /favicon.ico
2026-07-07 13:35:41.384 [http-nio-8080-exec-3] DEBUG o.s.s.w.c.HttpSessionSecurityContextRepository - Retrieved SecurityContextImpl [Authentication=UsernamePasswordAuthenticationToken [Principal=com.itsm.incidentmanagement.security.service.CustomUserDetails@f3b1ad7, Credentials=[PROTECTED], Authenticated=true, Details=WebAuthenticationDetails [RemoteIpAddress=127.0.0.1, SessionId=055A462A69443072BB9BEFD7FDEEA0D0], Granted Authorities=[ROLE_TECNICO]]]
2026-07-07 13:35:43.530 [http-nio-8080-exec-4] DEBUG o.s.security.web.FilterChainProxy - Securing GET /logout
2026-07-07 13:35:43.530 [http-nio-8080-exec-4] DEBUG o.s.s.w.c.HttpSessionSecurityContextRepository - Retrieved SecurityContextImpl [Authentication=UsernamePasswordAuthenticationToken [Principal=com.itsm.incidentmanagement.security.service.CustomUserDetails@f3b1ad7, Credentials=[PROTECTED], Authenticated=true, Details=WebAuthenticationDetails [RemoteIpAddress=127.0.0.1, SessionId=055A462A69443072BB9BEFD7FDEEA0D0], Granted Authorities=[ROLE_TECNICO]]]
2026-07-07 13:35:43.530 [http-nio-8080-exec-4] DEBUG o.s.s.w.a.logout.LogoutFilter - Logging out [UsernamePasswordAuthenticationToken [Principal=com.itsm.incidentmanagement.security.service.CustomUserDetails@f3b1ad7, Credentials=[PROTECTED], Authenticated=true, Details=WebAuthenticationDetails [RemoteIpAddress=127.0.0.1, SessionId=055A462A69443072BB9BEFD7FDEEA0D0], Granted Authorities=[ROLE_TECNICO]]]
2026-07-07 13:35:43.530 [http-nio-8080-exec-4] DEBUG o.s.s.w.a.l.SecurityContextLogoutHandler - Invalidated session FB32B3ADCD37418CF7D82164599FC7DF
2026-07-07 13:35:43.530 [http-nio-8080-exec-4] DEBUG o.s.s.web.DefaultRedirectStrategy - Redirecting to /login?logout=true
2026-07-07 13:35:43.537 [http-nio-8080-exec-2] DEBUG o.s.security.web.FilterChainProxy - Securing GET /login?logout=true
2026-07-07 13:35:43.538 [http-nio-8080-exec-2] DEBUG o.s.s.w.a.AnonymousAuthenticationFilter - Set SecurityContextHolder to anonymous SecurityContext
2026-07-07 13:35:43.538 [http-nio-8080-exec-2] DEBUG o.s.security.web.FilterChainProxy - Secured GET /login?logout=true
2026-07-07 13:35:43.539 [http-nio-8080-exec-2] DEBUG c.i.i.controller.AuthController - Página de login acessada
2026-07-07 13:35:45.374 [http-nio-8080-exec-5] DEBUG o.s.security.web.FilterChainProxy - Securing POST /login
2026-07-07 13:35:45.375 [http-nio-8080-exec-5] DEBUG c.i.i.s.s.CustomUserDetailsService - Buscando utilizador: admin
2026-07-07 13:35:45.376 [http-nio-8080-exec-5] DEBUG org.hibernate.SQL - 
    select
        u1_0.id,
        u1_0.created_at,
        u1_0.email,
        u1_0.nome,
        u1_0.password_hash,
        u1_0.role,
        u1_0.username 
    from
        utilizador u1_0 
    where
        u1_0.username=?
2026-07-07 13:35:45.377 [http-nio-8080-exec-5] DEBUG c.i.i.s.s.CustomUserDetailsService - Utilizador encontrado: admin | Role: ADMIN
2026-07-07 13:35:45.378 [http-nio-8080-exec-5] DEBUG c.i.i.s.s.CustomUserDetailsService - Password hash limpo para utilizador: admin
2026-07-07 13:35:45.378 [http-nio-8080-exec-5] DEBUG c.i.i.s.service.CustomUserDetails - CustomUserDetails criado para: admin
2026-07-07 13:35:45.378 [http-nio-8080-exec-5] DEBUG c.i.i.s.service.CustomUserDetails - Password hash retrieved
2026-07-07 13:35:45.447 [http-nio-8080-exec-5] DEBUG c.i.i.s.service.CustomUserDetails - GrantedAuthority: ROLE_ADMIN
2026-07-07 13:35:45.447 [http-nio-8080-exec-5] DEBUG o.s.s.a.d.DaoAuthenticationProvider - Authenticated user
2026-07-07 13:35:45.447 [http-nio-8080-exec-5] DEBUG o.s.s.w.a.s.ChangeSessionIdAuthenticationStrategy - Changed session id from 0F48361A911A0D110C7EF47089329EA1
2026-07-07 13:35:45.447 [http-nio-8080-exec-5] DEBUG o.s.s.w.c.CsrfAuthenticationStrategy - Replaced CSRF Token
2026-07-07 13:35:45.447 [http-nio-8080-exec-5] DEBUG o.s.s.w.c.HttpSessionSecurityContextRepository - Stored SecurityContextImpl [Authentication=UsernamePasswordAuthenticationToken [Principal=com.itsm.incidentmanagement.security.service.CustomUserDetails@2cfb0b5b, Credentials=[PROTECTED], Authenticated=true, Details=WebAuthenticationDetails [RemoteIpAddress=127.0.0.1, SessionId=0F48361A911A0D110C7EF47089329EA1], Granted Authorities=[ROLE_ADMIN]]] to HttpSession [org.apache.catalina.session.StandardSessionFacade@389087e0]
2026-07-07 13:35:45.447 [http-nio-8080-exec-5] DEBUG o.s.s.w.a.UsernamePasswordAuthenticationFilter - Set SecurityContextHolder to UsernamePasswordAuthenticationToken [Principal=com.itsm.incidentmanagement.security.service.CustomUserDetails@2cfb0b5b, Credentials=[PROTECTED], Authenticated=true, Details=WebAuthenticationDetails [RemoteIpAddress=127.0.0.1, SessionId=0F48361A911A0D110C7EF47089329EA1], Granted Authorities=[ROLE_ADMIN]]
2026-07-07 13:35:45.448 [http-nio-8080-exec-5] INFO  c.i.i.security.config.SecurityConfig - Redirecionando por role: ROLE_ADMIN
2026-07-07 13:35:45.453 [http-nio-8080-exec-9] DEBUG o.s.security.web.FilterChainProxy - Securing GET /admin/dashboard
2026-07-07 13:35:45.454 [http-nio-8080-exec-9] DEBUG o.s.s.w.c.HttpSessionSecurityContextRepository - Retrieved SecurityContextImpl [Authentication=UsernamePasswordAuthenticationToken [Principal=com.itsm.incidentmanagement.security.service.CustomUserDetails@2cfb0b5b, Credentials=[PROTECTED], Authenticated=true, Details=WebAuthenticationDetails [RemoteIpAddress=127.0.0.1, SessionId=0F48361A911A0D110C7EF47089329EA1], Granted Authorities=[ROLE_ADMIN]]]
2026-07-07 13:35:45.454 [http-nio-8080-exec-9] DEBUG o.s.security.web.FilterChainProxy - Secured GET /admin/dashboard
2026-07-07 13:35:45.455 [http-nio-8080-exec-9] DEBUG org.hibernate.SQL - 
    select
        t1_0.id,
        t1_0.aberto_por_id,
        t1_0.ativo_id,
        t1_0.data_abertura,
        t1_0.data_fecho,
        t1_0.descricao,
        t1_0.estado,
        t1_0.prioridade,
        t1_0.tecnico_id,
        t1_0.tipo,
        t1_0.titulo 
    from
        ticket t1_0
2026-07-07 13:35:45.456 [http-nio-8080-exec-9] DEBUG org.hibernate.SQL - 
    select
        u1_0.id,
        u1_0.created_at,
        u1_0.email,
        u1_0.nome,
        u1_0.password_hash,
        u1_0.role,
        u1_0.username 
    from
        utilizador u1_0 
    where
        u1_0.id=?
2026-07-07 13:35:45.456 [http-nio-8080-exec-9] DEBUG org.hibernate.SQL - 
    select
        t1_0.id,
        t1_0.carga_trabalho_atual,
        c1_0.tecnico_id,
        c1_1.id,
        c1_1.nome,
        t1_0.disponibilidade,
        t1_0.utilizador_id,
        u1_0.id,
        u1_0.created_at,
        u1_0.email,
        u1_0.nome,
        u1_0.password_hash,
        u1_0.role,
        u1_0.username 
    from
        tecnico t1_0 
    left join
        tecnico_competencia c1_0 
            on t1_0.id=c1_0.tecnico_id 
    left join
        competencia c1_1 
            on c1_1.id=c1_0.competencia_id 
    join
        utilizador u1_0 
            on u1_0.id=t1_0.utilizador_id 
    where
        t1_0.id=?
2026-07-07 13:35:45.457 [http-nio-8080-exec-9] DEBUG org.hibernate.SQL - 
    select
        u1_0.id,
        u1_0.created_at,
        u1_0.email,
        u1_0.nome,
        u1_0.password_hash,
        u1_0.role,
        u1_0.username 
    from
        utilizador u1_0 
    where
        u1_0.id=?
2026-07-07 13:35:45.459 [http-nio-8080-exec-9] DEBUG org.hibernate.SQL - 
    select
        t1_0.id,
        t1_0.carga_trabalho_atual,
        c1_0.tecnico_id,
        c1_1.id,
        c1_1.nome,
        t1_0.disponibilidade,
        t1_0.utilizador_id,
        u1_0.id,
        u1_0.created_at,
        u1_0.email,
        u1_0.nome,
        u1_0.password_hash,
        u1_0.role,
        u1_0.username 
    from
        tecnico t1_0 
    left join
        tecnico_competencia c1_0 
            on t1_0.id=c1_0.tecnico_id 
    left join
        competencia c1_1 
            on c1_1.id=c1_0.competencia_id 
    join
        utilizador u1_0 
            on u1_0.id=t1_0.utilizador_id 
    where
        t1_0.id=?
2026-07-07 13:35:45.461 [http-nio-8080-exec-9] DEBUG org.hibernate.SQL - 
    select
        t1_0.id,
        t1_0.aberto_por_id,
        t1_0.ativo_id,
        t1_0.data_abertura,
        t1_0.data_fecho,
        t1_0.descricao,
        t1_0.estado,
        t1_0.prioridade,
        t1_0.tecnico_id,
        t1_0.tipo,
        t1_0.titulo 
    from
        ticket t1_0 
    where
        t1_0.estado=?
2026-07-07 13:35:45.462 [http-nio-8080-exec-9] DEBUG org.hibernate.SQL - 
    select
        t1_0.id,
        t1_0.carga_trabalho_atual,
        t1_0.disponibilidade,
        t1_0.utilizador_id 
    from
        tecnico t1_0
2026-07-07 13:35:45.464 [http-nio-8080-exec-9] DEBUG org.hibernate.SQL - 
    select
        u1_0.id,
        u1_0.created_at,
        u1_0.email,
        u1_0.nome,
        u1_0.password_hash,
        u1_0.role,
        u1_0.username 
    from
        utilizador u1_0
2026-07-07 13:35:45.466 [http-nio-8080-exec-9] DEBUG org.hibernate.SQL - 
    select
        t1_0.id,
        t1_0.aberto_por_id,
        t1_0.ativo_id,
        t1_0.data_abertura,
        t1_0.data_fecho,
        t1_0.descricao,
        t1_0.estado,
        t1_0.prioridade,
        t1_0.tecnico_id,
        t1_0.tipo,
        t1_0.titulo 
    from
        ticket t1_0
2026-07-07 13:35:45.498 [http-nio-8080-exec-10] DEBUG o.s.security.web.FilterChainProxy - Securing GET /favicon.ico
2026-07-07 13:35:45.498 [http-nio-8080-exec-10] DEBUG o.s.security.web.FilterChainProxy - Secured GET /favicon.ico
2026-07-07 13:35:45.501 [http-nio-8080-exec-10] DEBUG o.s.s.w.c.HttpSessionSecurityContextRepository - Retrieved SecurityContextImpl [Authentication=UsernamePasswordAuthenticationToken [Principal=com.itsm.incidentmanagement.security.service.CustomUserDetails@2cfb0b5b, Credentials=[PROTECTED], Authenticated=true, Details=WebAuthenticationDetails [RemoteIpAddress=127.0.0.1, SessionId=0F48361A911A0D110C7EF47089329EA1], Granted Authorities=[ROLE_ADMIN]]]
2026-07-07 13:35:47.476 [http-nio-8080-exec-8] DEBUG o.s.security.web.FilterChainProxy - Securing GET /admin/tickets
2026-07-07 13:35:47.476 [http-nio-8080-exec-8] DEBUG o.s.s.w.c.HttpSessionSecurityContextRepository - Retrieved SecurityContextImpl [Authentication=UsernamePasswordAuthenticationToken [Principal=com.itsm.incidentmanagement.security.service.CustomUserDetails@2cfb0b5b, Credentials=[PROTECTED], Authenticated=true, Details=WebAuthenticationDetails [RemoteIpAddress=127.0.0.1, SessionId=0F48361A911A0D110C7EF47089329EA1], Granted Authorities=[ROLE_ADMIN]]]
2026-07-07 13:35:47.476 [http-nio-8080-exec-8] DEBUG o.s.security.web.FilterChainProxy - Secured GET /admin/tickets
2026-07-07 13:35:47.478 [http-nio-8080-exec-8] DEBUG org.hibernate.SQL - 
    select
        t1_0.id,
        t1_0.aberto_por_id,
        t1_0.ativo_id,
        t1_0.data_abertura,
        t1_0.data_fecho,
        t1_0.descricao,
        t1_0.estado,
        t1_0.prioridade,
        t1_0.tecnico_id,
        t1_0.tipo,
        t1_0.titulo 
    from
        ticket t1_0
2026-07-07 13:35:47.479 [http-nio-8080-exec-8] DEBUG org.hibernate.SQL - 
    select
        u1_0.id,
        u1_0.created_at,
        u1_0.email,
        u1_0.nome,
        u1_0.password_hash,
        u1_0.role,
        u1_0.username 
    from
        utilizador u1_0 
    where
        u1_0.id=?
2026-07-07 13:35:47.480 [http-nio-8080-exec-8] DEBUG org.hibernate.SQL - 
    select
        t1_0.id,
        t1_0.carga_trabalho_atual,
        c1_0.tecnico_id,
        c1_1.id,
        c1_1.nome,
        t1_0.disponibilidade,
        t1_0.utilizador_id,
        u1_0.id,
        u1_0.created_at,
        u1_0.email,
        u1_0.nome,
        u1_0.password_hash,
        u1_0.role,
        u1_0.username 
    from
        tecnico t1_0 
    left join
        tecnico_competencia c1_0 
            on t1_0.id=c1_0.tecnico_id 
    left join
        competencia c1_1 
            on c1_1.id=c1_0.competencia_id 
    join
        utilizador u1_0 
            on u1_0.id=t1_0.utilizador_id 
    where
        t1_0.id=?
2026-07-07 13:35:47.482 [http-nio-8080-exec-8] DEBUG org.hibernate.SQL - 
    select
        u1_0.id,
        u1_0.created_at,
        u1_0.email,
        u1_0.nome,
        u1_0.password_hash,
        u1_0.role,
        u1_0.username 
    from
        utilizador u1_0 
    where
        u1_0.id=?
2026-07-07 13:35:47.483 [http-nio-8080-exec-8] DEBUG org.hibernate.SQL - 
    select
        t1_0.id,
        t1_0.carga_trabalho_atual,
        c1_0.tecnico_id,
        c1_1.id,
        c1_1.nome,
        t1_0.disponibilidade,
        t1_0.utilizador_id,
        u1_0.id,
        u1_0.created_at,
        u1_0.email,
        u1_0.nome,
        u1_0.password_hash,
        u1_0.role,
        u1_0.username 
    from
        tecnico t1_0 
    left join
        tecnico_competencia c1_0 
            on t1_0.id=c1_0.tecnico_id 
    left join
        competencia c1_1 
            on c1_1.id=c1_0.competencia_id 
    join
        utilizador u1_0 
            on u1_0.id=t1_0.utilizador_id 
    where
        t1_0.id=?
2026-07-07 13:35:47.485 [http-nio-8080-exec-8] DEBUG org.hibernate.SQL - 
    select
        t1_0.id,
        t1_0.aberto_por_id,
        t1_0.ativo_id,
        t1_0.data_abertura,
        t1_0.data_fecho,
        t1_0.descricao,
        t1_0.estado,
        t1_0.prioridade,
        t1_0.tecnico_id,
        t1_0.tipo,
        t1_0.titulo 
    from
        ticket t1_0 
    where
        t1_0.estado=?
2026-07-07 13:35:47.488 [http-nio-8080-exec-8] DEBUG org.hibernate.SQL - 
    select
        t1_0.id,
        t1_0.aberto_por_id,
        t1_0.ativo_id,
        t1_0.data_abertura,
        t1_0.data_fecho,
        t1_0.descricao,
        t1_0.estado,
        t1_0.prioridade,
        t1_0.tecnico_id,
        t1_0.tipo,
        t1_0.titulo 
    from
        ticket t1_0 
    where
        t1_0.estado=?
2026-07-07 13:35:47.490 [http-nio-8080-exec-8] DEBUG org.hibernate.SQL - 
    select
        t1_0.id,
        t1_0.aberto_por_id,
        t1_0.ativo_id,
        t1_0.data_abertura,
        t1_0.data_fecho,
        t1_0.descricao,
        t1_0.estado,
        t1_0.prioridade,
        t1_0.tecnico_id,
        t1_0.tipo,
        t1_0.titulo 
    from
        ticket t1_0 
    where
        t1_0.estado=?
2026-07-07 13:36:07.846 [http-nio-8080-exec-6] DEBUG o.s.security.web.FilterChainProxy - Securing GET /logout
2026-07-07 13:36:07.846 [http-nio-8080-exec-6] DEBUG o.s.s.w.c.HttpSessionSecurityContextRepository - Retrieved SecurityContextImpl [Authentication=UsernamePasswordAuthenticationToken [Principal=com.itsm.incidentmanagement.security.service.CustomUserDetails@2cfb0b5b, Credentials=[PROTECTED], Authenticated=true, Details=WebAuthenticationDetails [RemoteIpAddress=127.0.0.1, SessionId=0F48361A911A0D110C7EF47089329EA1], Granted Authorities=[ROLE_ADMIN]]]
2026-07-07 13:36:07.846 [http-nio-8080-exec-6] DEBUG o.s.s.w.a.logout.LogoutFilter - Logging out [UsernamePasswordAuthenticationToken [Principal=com.itsm.incidentmanagement.security.service.CustomUserDetails@2cfb0b5b, Credentials=[PROTECTED], Authenticated=true, Details=WebAuthenticationDetails [RemoteIpAddress=127.0.0.1, SessionId=0F48361A911A0D110C7EF47089329EA1], Granted Authorities=[ROLE_ADMIN]]]
2026-07-07 13:36:07.846 [http-nio-8080-exec-6] DEBUG o.s.s.w.a.l.SecurityContextLogoutHandler - Invalidated session 11F52CB9037E7C60031D57DD5A35A75E
2026-07-07 13:36:07.846 [http-nio-8080-exec-6] DEBUG o.s.s.web.DefaultRedirectStrategy - Redirecting to /login?logout=true
2026-07-07 13:36:07.850 [http-nio-8080-exec-7] DEBUG o.s.security.web.FilterChainProxy - Securing GET /login?logout=true
2026-07-07 13:36:07.850 [http-nio-8080-exec-7] DEBUG o.s.s.w.a.AnonymousAuthenticationFilter - Set SecurityContextHolder to anonymous SecurityContext
2026-07-07 13:36:07.850 [http-nio-8080-exec-7] DEBUG o.s.security.web.FilterChainProxy - Secured GET /login?logout=true
2026-07-07 13:36:07.851 [http-nio-8080-exec-7] DEBUG c.i.i.controller.AuthController - Página de login acessada
2026-07-07 13:36:09.847 [http-nio-8080-exec-1] DEBUG o.s.security.web.FilterChainProxy - Securing POST /login
2026-07-07 13:36:09.848 [http-nio-8080-exec-1] DEBUG c.i.i.s.s.CustomUserDetailsService - Buscando utilizador: marcio_user
2026-07-07 13:36:09.850 [http-nio-8080-exec-1] DEBUG org.hibernate.SQL - 
    select
        u1_0.id,
        u1_0.created_at,
        u1_0.email,
        u1_0.nome,
        u1_0.password_hash,
        u1_0.role,
        u1_0.username 
    from
        utilizador u1_0 
    where
        u1_0.username=?
2026-07-07 13:36:09.851 [http-nio-8080-exec-1] DEBUG c.i.i.s.s.CustomUserDetailsService - Utilizador encontrado: marcio_user | Role: UTILIZADOR
2026-07-07 13:36:09.851 [http-nio-8080-exec-1] DEBUG c.i.i.s.s.CustomUserDetailsService - Password hash limpo para utilizador: marcio_user
2026-07-07 13:36:09.851 [http-nio-8080-exec-1] DEBUG c.i.i.s.service.CustomUserDetails - CustomUserDetails criado para: marcio_user
2026-07-07 13:36:09.852 [http-nio-8080-exec-1] DEBUG c.i.i.s.service.CustomUserDetails - Password hash retrieved
2026-07-07 13:36:09.920 [http-nio-8080-exec-1] DEBUG c.i.i.s.service.CustomUserDetails - GrantedAuthority: ROLE_UTILIZADOR
2026-07-07 13:36:09.920 [http-nio-8080-exec-1] DEBUG o.s.s.a.d.DaoAuthenticationProvider - Authenticated user
2026-07-07 13:36:09.920 [http-nio-8080-exec-1] DEBUG o.s.s.w.a.s.ChangeSessionIdAuthenticationStrategy - Changed session id from 060BE4E3A28BB9852BF72FF759F18E04
2026-07-07 13:36:09.920 [http-nio-8080-exec-1] DEBUG o.s.s.w.c.CsrfAuthenticationStrategy - Replaced CSRF Token
2026-07-07 13:36:09.921 [http-nio-8080-exec-1] DEBUG o.s.s.w.c.HttpSessionSecurityContextRepository - Stored SecurityContextImpl [Authentication=UsernamePasswordAuthenticationToken [Principal=com.itsm.incidentmanagement.security.service.CustomUserDetails@671dcd6f, Credentials=[PROTECTED], Authenticated=true, Details=WebAuthenticationDetails [RemoteIpAddress=127.0.0.1, SessionId=060BE4E3A28BB9852BF72FF759F18E04], Granted Authorities=[ROLE_UTILIZADOR]]] to HttpSession [org.apache.catalina.session.StandardSessionFacade@1d5de1ea]
2026-07-07 13:36:09.921 [http-nio-8080-exec-1] DEBUG o.s.s.w.a.UsernamePasswordAuthenticationFilter - Set SecurityContextHolder to UsernamePasswordAuthenticationToken [Principal=com.itsm.incidentmanagement.security.service.CustomUserDetails@671dcd6f, Credentials=[PROTECTED], Authenticated=true, Details=WebAuthenticationDetails [RemoteIpAddress=127.0.0.1, SessionId=060BE4E3A28BB9852BF72FF759F18E04], Granted Authorities=[ROLE_UTILIZADOR]]
2026-07-07 13:36:09.921 [http-nio-8080-exec-1] INFO  c.i.i.security.config.SecurityConfig - Redirecionando por role: ROLE_UTILIZADOR
2026-07-07 13:36:09.924 [http-nio-8080-exec-3] DEBUG o.s.security.web.FilterChainProxy - Securing GET /utilizador/dashboard
2026-07-07 13:36:09.925 [http-nio-8080-exec-3] DEBUG o.s.s.w.c.HttpSessionSecurityContextRepository - Retrieved SecurityContextImpl [Authentication=UsernamePasswordAuthenticationToken [Principal=com.itsm.incidentmanagement.security.service.CustomUserDetails@671dcd6f, Credentials=[PROTECTED], Authenticated=true, Details=WebAuthenticationDetails [RemoteIpAddress=127.0.0.1, SessionId=060BE4E3A28BB9852BF72FF759F18E04], Granted Authorities=[ROLE_UTILIZADOR]]]
2026-07-07 13:36:09.925 [http-nio-8080-exec-3] DEBUG o.s.security.web.FilterChainProxy - Secured GET /utilizador/dashboard
2026-07-07 13:36:09.928 [http-nio-8080-exec-3] DEBUG org.hibernate.SQL - 
    select
        u1_0.id,
        u1_0.created_at,
        u1_0.email,
        u1_0.nome,
        u1_0.password_hash,
        u1_0.role,
        u1_0.username 
    from
        utilizador u1_0 
    where
        u1_0.username=?
2026-07-07 13:36:09.930 [http-nio-8080-exec-3] DEBUG org.hibernate.SQL - 
    select
        t1_0.id,
        t1_0.aberto_por_id,
        t1_0.ativo_id,
        t1_0.data_abertura,
        t1_0.data_fecho,
        t1_0.descricao,
        t1_0.estado,
        t1_0.prioridade,
        t1_0.tecnico_id,
        t1_0.tipo,
        t1_0.titulo 
    from
        ticket t1_0 
    left join
        utilizador ap1_0 
            on ap1_0.id=t1_0.aberto_por_id 
    where
        ap1_0.id=?
2026-07-07 13:36:09.931 [http-nio-8080-exec-3] DEBUG org.hibernate.SQL - 
    select
        t1_0.id,
        t1_0.carga_trabalho_atual,
        c1_0.tecnico_id,
        c1_1.id,
        c1_1.nome,
        t1_0.disponibilidade,
        t1_0.utilizador_id,
        u1_0.id,
        u1_0.created_at,
        u1_0.email,
        u1_0.nome,
        u1_0.password_hash,
        u1_0.role,
        u1_0.username 
    from
        tecnico t1_0 
    left join
        tecnico_competencia c1_0 
            on t1_0.id=c1_0.tecnico_id 
    left join
        competencia c1_1 
            on c1_1.id=c1_0.competencia_id 
    join
        utilizador u1_0 
            on u1_0.id=t1_0.utilizador_id 
    where
        t1_0.id=?
2026-07-07 13:36:09.933 [http-nio-8080-exec-3] DEBUG org.hibernate.SQL - 
    select
        t1_0.id,
        t1_0.carga_trabalho_atual,
        c1_0.tecnico_id,
        c1_1.id,
        c1_1.nome,
        t1_0.disponibilidade,
        t1_0.utilizador_id,
        u1_0.id,
        u1_0.created_at,
        u1_0.email,
        u1_0.nome,
        u1_0.password_hash,
        u1_0.role,
        u1_0.username 
    from
        tecnico t1_0 
    left join
        tecnico_competencia c1_0 
            on t1_0.id=c1_0.tecnico_id 
    left join
        competencia c1_1 
            on c1_1.id=c1_0.competencia_id 
    join
        utilizador u1_0 
            on u1_0.id=t1_0.utilizador_id 
    where
        t1_0.id=?
2026-07-07 13:36:09.967 [http-nio-8080-exec-4] DEBUG o.s.security.web.FilterChainProxy - Securing GET /favicon.ico
2026-07-07 13:36:09.967 [http-nio-8080-exec-4] DEBUG o.s.security.web.FilterChainProxy - Secured GET /favicon.ico
2026-07-07 13:36:09.970 [http-nio-8080-exec-4] DEBUG o.s.s.w.c.HttpSessionSecurityContextRepository - Retrieved SecurityContextImpl [Authentication=UsernamePasswordAuthenticationToken [Principal=com.itsm.incidentmanagement.security.service.CustomUserDetails@671dcd6f, Credentials=[PROTECTED], Authenticated=true, Details=WebAuthenticationDetails [RemoteIpAddress=127.0.0.1, SessionId=060BE4E3A28BB9852BF72FF759F18E04], Granted Authorities=[ROLE_UTILIZADOR]]]
2026-07-07 13:36:22.877 [http-nio-8080-exec-2] DEBUG o.s.security.web.FilterChainProxy - Securing GET /logout
2026-07-07 13:36:22.878 [http-nio-8080-exec-2] DEBUG o.s.s.w.c.HttpSessionSecurityContextRepository - Retrieved SecurityContextImpl [Authentication=UsernamePasswordAuthenticationToken [Principal=com.itsm.incidentmanagement.security.service.CustomUserDetails@671dcd6f, Credentials=[PROTECTED], Authenticated=true, Details=WebAuthenticationDetails [RemoteIpAddress=127.0.0.1, SessionId=060BE4E3A28BB9852BF72FF759F18E04], Granted Authorities=[ROLE_UTILIZADOR]]]
2026-07-07 13:36:22.878 [http-nio-8080-exec-2] DEBUG o.s.s.w.a.logout.LogoutFilter - Logging out [UsernamePasswordAuthenticationToken [Principal=com.itsm.incidentmanagement.security.service.CustomUserDetails@671dcd6f, Credentials=[PROTECTED], Authenticated=true, Details=WebAuthenticationDetails [RemoteIpAddress=127.0.0.1, SessionId=060BE4E3A28BB9852BF72FF759F18E04], Granted Authorities=[ROLE_UTILIZADOR]]]
2026-07-07 13:36:22.878 [http-nio-8080-exec-2] DEBUG o.s.s.w.a.l.SecurityContextLogoutHandler - Invalidated session F039C700078D0FEC72905E2DD751C616
2026-07-07 13:36:22.878 [http-nio-8080-exec-2] DEBUG o.s.s.web.DefaultRedirectStrategy - Redirecting to /login?logout=true
2026-07-07 13:36:22.882 [http-nio-8080-exec-5] DEBUG o.s.security.web.FilterChainProxy - Securing GET /login?logout=true
2026-07-07 13:36:22.883 [http-nio-8080-exec-5] DEBUG o.s.s.w.a.AnonymousAuthenticationFilter - Set SecurityContextHolder to anonymous SecurityContext
2026-07-07 13:36:22.883 [http-nio-8080-exec-5] DEBUG o.s.security.web.FilterChainProxy - Secured GET /login?logout=true
2026-07-07 13:36:22.884 [http-nio-8080-exec-5] DEBUG c.i.i.controller.AuthController - Página de login acessada
2026-07-07 13:36:47.644 [background-preinit] INFO  o.h.validator.internal.util.Version - HV000001: Hibernate Validator 8.0.3.Final
2026-07-07 13:36:47.737 [main] INFO  c.i.i.c.DashboardControllerTest - Starting DashboardControllerTest using Java 21.0.10 with PID 4292 (started by Usuario in C:\Users\Usuario\Documents\Tecnisign\UFCD 10790 – Projeto de Programação\incident-management)
2026-07-07 13:36:47.738 [main] DEBUG c.i.i.c.DashboardControllerTest - Running with Spring Boot v3.5.14, Spring v6.2.18
2026-07-07 13:36:47.739 [main] INFO  c.i.i.c.DashboardControllerTest - No active profile set, falling back to 1 default profile: "default"
2026-07-07 13:36:50.605 [main] INFO  c.i.i.s.f.JwtAuthenticationFilter - JwtAuthenticationFilter inicializado!
2026-07-07 13:36:50.762 [main] INFO  o.s.b.a.w.s.WelcomePageHandlerMapping - Adding welcome page: class path resource [static/index.html]
2026-07-07 13:36:51.091 [main] INFO  c.i.i.security.config.SecurityConfig - SecurityConfig inicializado!
2026-07-07 13:36:51.118 [main] INFO  o.s.s.c.a.a.c.InitializeUserDetailsBeanManagerConfigurer$InitializeUserDetailsManagerConfigurer - Global AuthenticationManager configured with UserDetailsService bean with name com.itsm.incidentmanagement.security.service.CustomUserDetailsService#0
2026-07-07 13:36:51.234 [main] INFO  c.i.i.security.config.SecurityConfig - Modo seguranÃ§a ativado (JWT + Web)
2026-07-07 13:36:51.334 [main] DEBUG o.s.s.web.DefaultSecurityFilterChain - Will secure any request with filters: DisableEncodeUrlFilter, WebAsyncManagerIntegrationFilter, SecurityContextHolderFilter, HeaderWriterFilter, CorsFilter, CsrfFilter, LogoutFilter, JwtAuthenticationFilter, UsernamePasswordAuthenticationFilter, RequestCacheAwareFilter, SecurityContextHolderAwareRequestFilter, AnonymousAuthenticationFilter, SessionManagementFilter, ExceptionTranslationFilter, AuthorizationFilter
2026-07-07 13:36:51.729 [main] DEBUG c.i.i.s.f.JwtAuthenticationFilter - Filter 'jwtAuthenticationFilter' configured for use
2026-07-07 13:36:51.741 [main] INFO  o.s.b.t.m.w.SpringBootMockServletContext - Initializing Spring TestDispatcherServlet ''
2026-07-07 13:36:51.742 [main] INFO  o.s.t.w.s.TestDispatcherServlet - Initializing Servlet ''
2026-07-07 13:36:51.744 [main] INFO  o.s.t.w.s.TestDispatcherServlet - Completed initialization in 2 ms
2026-07-07 13:36:51.786 [main] INFO  c.i.i.c.DashboardControllerTest - Started DashboardControllerTest in 4.906 seconds (process running for 6.791)
2026-07-07 13:36:51.913 [main] DEBUG o.s.s.w.c.HttpSessionSecurityContextRepository - Created HttpSession as SecurityContext is non-default
2026-07-07 13:36:51.914 [main] DEBUG o.s.s.w.c.HttpSessionSecurityContextRepository - Stored SecurityContextImpl [Authentication=UsernamePasswordAuthenticationToken [Principal=org.springframework.security.core.userdetails.User [Username=user, Password=[PROTECTED], Enabled=true, AccountNonExpired=true, CredentialsNonExpired=true, AccountNonLocked=true, Granted Authorities=[ROLE_ADMIN]], Credentials=[PROTECTED], Authenticated=true, Details=null, Granted Authorities=[ROLE_ADMIN]]] to HttpSession [org.springframework.mock.web.MockHttpSession@6fa741b5]
2026-07-07 13:36:51.942 [main] DEBUG o.s.security.web.FilterChainProxy - Securing GET /admin/tickets
2026-07-07 13:36:51.959 [main] DEBUG o.s.s.w.c.HttpSessionSecurityContextRepository - Retrieved SecurityContextImpl [Authentication=UsernamePasswordAuthenticationToken [Principal=org.springframework.security.core.userdetails.User [Username=user, Password=[PROTECTED], Enabled=true, AccountNonExpired=true, CredentialsNonExpired=true, AccountNonLocked=true, Granted Authorities=[ROLE_ADMIN]], Credentials=[PROTECTED], Authenticated=true, Details=null, Granted Authorities=[ROLE_ADMIN]]]
2026-07-07 13:36:51.960 [main] DEBUG o.s.security.web.FilterChainProxy - Secured GET /admin/tickets
2026-07-07 13:36:52.641 [main] DEBUG o.s.s.w.c.HttpSessionSecurityContextRepository - Created HttpSession as SecurityContext is non-default
2026-07-07 13:36:52.642 [main] DEBUG o.s.s.w.c.HttpSessionSecurityContextRepository - Stored SecurityContextImpl [Authentication=UsernamePasswordAuthenticationToken [Principal=org.springframework.security.core.userdetails.User [Username=user, Password=[PROTECTED], Enabled=true, AccountNonExpired=true, CredentialsNonExpired=true, AccountNonLocked=true, Granted Authorities=[ROLE_ADMIN]], Credentials=[PROTECTED], Authenticated=true, Details=null, Granted Authorities=[ROLE_ADMIN]]] to HttpSession [org.springframework.mock.web.MockHttpSession@3bf1aba7]
2026-07-07 13:36:52.642 [main] DEBUG o.s.security.web.FilterChainProxy - Securing GET /admin/dashboard
2026-07-07 13:36:52.642 [main] DEBUG o.s.s.w.c.HttpSessionSecurityContextRepository - Retrieved SecurityContextImpl [Authentication=UsernamePasswordAuthenticationToken [Principal=org.springframework.security.core.userdetails.User [Username=user, Password=[PROTECTED], Enabled=true, AccountNonExpired=true, CredentialsNonExpired=true, AccountNonLocked=true, Granted Authorities=[ROLE_ADMIN]], Credentials=[PROTECTED], Authenticated=true, Details=null, Granted Authorities=[ROLE_ADMIN]]]
2026-07-07 13:36:52.643 [main] DEBUG o.s.security.web.FilterChainProxy - Secured GET /admin/dashboard
2026-07-07 13:36:52.684 [main] INFO  o.s.t.c.s.AnnotationConfigContextLoaderUtils - Could not detect default configuration classes for test class [com.itsm.incidentmanagement.controller.WebControllerTest]: WebControllerTest does not declare any static, non-private, non-final, nested classes annotated with @Configuration.
2026-07-07 13:36:52.710 [main] INFO  o.s.b.t.c.SpringBootTestContextBootstrapper - Found @SpringBootConfiguration com.itsm.incidentmanagement.IncidentManagementApplication for test class com.itsm.incidentmanagement.controller.WebControllerTest
2026-07-07 13:36:52.769 [main] INFO  c.i.i.controller.WebControllerTest - Starting WebControllerTest using Java 21.0.10 with PID 4292 (started by Usuario in C:\Users\Usuario\Documents\Tecnisign\UFCD 10790 – Projeto de Programação\incident-management)
2026-07-07 13:36:52.769 [main] DEBUG c.i.i.controller.WebControllerTest - Running with Spring Boot v3.5.14, Spring v6.2.18
2026-07-07 13:36:52.770 [main] INFO  c.i.i.controller.WebControllerTest - No active profile set, falling back to 1 default profile: "default"
2026-07-07 13:36:53.083 [main] INFO  c.i.i.controller.WebController - WebController carregado com sucesso
2026-07-07 13:36:53.084 [main] INFO  c.i.i.s.f.JwtAuthenticationFilter - JwtAuthenticationFilter inicializado!
2026-07-07 13:36:53.107 [main] INFO  o.s.b.a.w.s.WelcomePageHandlerMapping - Adding welcome page: class path resource [static/index.html]
2026-07-07 13:36:53.164 [main] INFO  c.i.i.security.config.SecurityConfig - SecurityConfig inicializado!
2026-07-07 13:36:53.170 [main] INFO  o.s.s.c.a.a.c.InitializeUserDetailsBeanManagerConfigurer$InitializeUserDetailsManagerConfigurer - Global AuthenticationManager configured with UserDetailsService bean with name com.itsm.incidentmanagement.security.service.CustomUserDetailsService#0
2026-07-07 13:36:53.171 [main] INFO  c.i.i.security.config.SecurityConfig - Modo seguranÃ§a ativado (JWT + Web)
2026-07-07 13:36:53.192 [main] DEBUG o.s.s.web.DefaultSecurityFilterChain - Will secure any request with filters: DisableEncodeUrlFilter, WebAsyncManagerIntegrationFilter, SecurityContextHolderFilter, HeaderWriterFilter, CorsFilter, CsrfFilter, LogoutFilter, JwtAuthenticationFilter, UsernamePasswordAuthenticationFilter, RequestCacheAwareFilter, SecurityContextHolderAwareRequestFilter, AnonymousAuthenticationFilter, SessionManagementFilter, ExceptionTranslationFilter, AuthorizationFilter
2026-07-07 13:36:53.247 [main] DEBUG c.i.i.s.f.JwtAuthenticationFilter - Filter 'jwtAuthenticationFilter' configured for use
2026-07-07 13:36:53.247 [main] INFO  o.s.b.t.m.w.SpringBootMockServletContext - Initializing Spring TestDispatcherServlet ''
2026-07-07 13:36:53.247 [main] INFO  o.s.t.w.s.TestDispatcherServlet - Initializing Servlet ''
2026-07-07 13:36:53.248 [main] INFO  o.s.t.w.s.TestDispatcherServlet - Completed initialization in 1 ms
2026-07-07 13:36:53.258 [main] INFO  c.i.i.controller.WebControllerTest - Started WebControllerTest in 0.54 seconds (process running for 8.264)
2026-07-07 13:36:53.268 [main] DEBUG o.s.s.w.c.HttpSessionSecurityContextRepository - Created HttpSession as SecurityContext is non-default
2026-07-07 13:36:53.268 [main] DEBUG o.s.s.w.c.HttpSessionSecurityContextRepository - Stored SecurityContextImpl [Authentication=UsernamePasswordAuthenticationToken [Principal=org.springframework.security.core.userdetails.User [Username=user, Password=[PROTECTED], Enabled=true, AccountNonExpired=true, CredentialsNonExpired=true, AccountNonLocked=true, Granted Authorities=[ROLE_ADMIN]], Credentials=[PROTECTED], Authenticated=true, Details=null, Granted Authorities=[ROLE_ADMIN]]] to HttpSession [org.springframework.mock.web.MockHttpSession@967b0a2]
2026-07-07 13:36:53.268 [main] DEBUG o.s.security.web.FilterChainProxy - Securing GET /admin/users/new
2026-07-07 13:36:53.269 [main] DEBUG o.s.s.w.c.HttpSessionSecurityContextRepository - Retrieved SecurityContextImpl [Authentication=UsernamePasswordAuthenticationToken [Principal=org.springframework.security.core.userdetails.User [Username=user, Password=[PROTECTED], Enabled=true, AccountNonExpired=true, CredentialsNonExpired=true, AccountNonLocked=true, Granted Authorities=[ROLE_ADMIN]], Credentials=[PROTECTED], Authenticated=true, Details=null, Granted Authorities=[ROLE_ADMIN]]]
2026-07-07 13:36:53.269 [main] DEBUG o.s.security.web.FilterChainProxy - Secured GET /admin/users/new
2026-07-07 13:36:53.370 [main] DEBUG o.s.s.w.c.HttpSessionSecurityContextRepository - Created HttpSession as SecurityContext is non-default
2026-07-07 13:36:53.371 [main] DEBUG o.s.s.w.c.HttpSessionSecurityContextRepository - Stored SecurityContextImpl [Authentication=UsernamePasswordAuthenticationToken [Principal=org.springframework.security.core.userdetails.User [Username=user, Password=[PROTECTED], Enabled=true, AccountNonExpired=true, CredentialsNonExpired=true, AccountNonLocked=true, Granted Authorities=[ROLE_ADMIN]], Credentials=[PROTECTED], Authenticated=true, Details=null, Granted Authorities=[ROLE_ADMIN]]] to HttpSession [org.springframework.mock.web.MockHttpSession@39d80c30]
2026-07-07 13:36:53.371 [main] DEBUG o.s.security.web.FilterChainProxy - Securing GET /admin/users/edit/1
2026-07-07 13:36:53.371 [main] DEBUG o.s.s.w.c.HttpSessionSecurityContextRepository - Retrieved SecurityContextImpl [Authentication=UsernamePasswordAuthenticationToken [Principal=org.springframework.security.core.userdetails.User [Username=user, Password=[PROTECTED], Enabled=true, AccountNonExpired=true, CredentialsNonExpired=true, AccountNonLocked=true, Granted Authorities=[ROLE_ADMIN]], Credentials=[PROTECTED], Authenticated=true, Details=null, Granted Authorities=[ROLE_ADMIN]]]
2026-07-07 13:36:53.373 [main] DEBUG o.s.security.web.FilterChainProxy - Secured GET /admin/users/edit/1
2026-07-07 13:36:53.399 [main] DEBUG o.s.s.w.c.HttpSessionSecurityContextRepository - Created HttpSession as SecurityContext is non-default
2026-07-07 13:36:53.399 [main] DEBUG o.s.s.w.c.HttpSessionSecurityContextRepository - Stored SecurityContextImpl [Authentication=UsernamePasswordAuthenticationToken [Principal=org.springframework.security.core.userdetails.User [Username=user, Password=[PROTECTED], Enabled=true, AccountNonExpired=true, CredentialsNonExpired=true, AccountNonLocked=true, Granted Authorities=[ROLE_ADMIN]], Credentials=[PROTECTED], Authenticated=true, Details=null, Granted Authorities=[ROLE_ADMIN]]] to HttpSession [org.springframework.mock.web.MockHttpSession@4daaad61]
2026-07-07 13:36:53.400 [main] DEBUG o.s.security.web.FilterChainProxy - Securing GET /admin/tickets/new
2026-07-07 13:36:53.400 [main] DEBUG o.s.s.w.c.HttpSessionSecurityContextRepository - Retrieved SecurityContextImpl [Authentication=UsernamePasswordAuthenticationToken [Principal=org.springframework.security.core.userdetails.User [Username=user, Password=[PROTECTED], Enabled=true, AccountNonExpired=true, CredentialsNonExpired=true, AccountNonLocked=true, Granted Authorities=[ROLE_ADMIN]], Credentials=[PROTECTED], Authenticated=true, Details=null, Granted Authorities=[ROLE_ADMIN]]]
2026-07-07 13:36:53.400 [main] DEBUG o.s.security.web.FilterChainProxy - Secured GET /admin/tickets/new
2026-07-07 13:36:53.427 [main] DEBUG o.s.s.w.c.HttpSessionSecurityContextRepository - Created HttpSession as SecurityContext is non-default
2026-07-07 13:36:53.428 [main] DEBUG o.s.s.w.c.HttpSessionSecurityContextRepository - Stored SecurityContextImpl [Authentication=UsernamePasswordAuthenticationToken [Principal=org.springframework.security.core.userdetails.User [Username=user, Password=[PROTECTED], Enabled=true, AccountNonExpired=true, CredentialsNonExpired=true, AccountNonLocked=true, Granted Authorities=[ROLE_ADMIN]], Credentials=[PROTECTED], Authenticated=true, Details=null, Granted Authorities=[ROLE_ADMIN]]] to HttpSession [org.springframework.mock.web.MockHttpSession@2595ecb2]
2026-07-07 13:36:53.428 [main] DEBUG o.s.security.web.FilterChainProxy - Securing GET /admin/tickets/edit/1
2026-07-07 13:36:53.429 [main] DEBUG o.s.s.w.c.HttpSessionSecurityContextRepository - Retrieved SecurityContextImpl [Authentication=UsernamePasswordAuthenticationToken [Principal=org.springframework.security.core.userdetails.User [Username=user, Password=[PROTECTED], Enabled=true, AccountNonExpired=true, CredentialsNonExpired=true, AccountNonLocked=true, Granted Authorities=[ROLE_ADMIN]], Credentials=[PROTECTED], Authenticated=true, Details=null, Granted Authorities=[ROLE_ADMIN]]]
2026-07-07 13:36:53.429 [main] DEBUG o.s.security.web.FilterChainProxy - Secured GET /admin/tickets/edit/1
2026-07-07 13:36:53.464 [main] DEBUG o.s.s.w.c.HttpSessionSecurityContextRepository - Created HttpSession as SecurityContext is non-default
2026-07-07 13:36:53.464 [main] DEBUG o.s.s.w.c.HttpSessionSecurityContextRepository - Stored SecurityContextImpl [Authentication=UsernamePasswordAuthenticationToken [Principal=org.springframework.security.core.userdetails.User [Username=user, Password=[PROTECTED], Enabled=true, AccountNonExpired=true, CredentialsNonExpired=true, AccountNonLocked=true, Granted Authorities=[ROLE_ADMIN]], Credentials=[PROTECTED], Authenticated=true, Details=null, Granted Authorities=[ROLE_ADMIN]]] to HttpSession [org.springframework.mock.web.MockHttpSession@608df685]
2026-07-07 13:36:53.465 [main] DEBUG o.s.security.web.FilterChainProxy - Securing GET /admin/users/delete/1
2026-07-07 13:36:53.466 [main] DEBUG o.s.s.w.c.HttpSessionSecurityContextRepository - Retrieved SecurityContextImpl [Authentication=UsernamePasswordAuthenticationToken [Principal=org.springframework.security.core.userdetails.User [Username=user, Password=[PROTECTED], Enabled=true, AccountNonExpired=true, CredentialsNonExpired=true, AccountNonLocked=true, Granted Authorities=[ROLE_ADMIN]], Credentials=[PROTECTED], Authenticated=true, Details=null, Granted Authorities=[ROLE_ADMIN]]]
2026-07-07 13:36:53.466 [main] DEBUG o.s.security.web.FilterChainProxy - Secured GET /admin/users/delete/1
2026-07-07 13:36:53.480 [main] DEBUG o.s.s.w.c.HttpSessionSecurityContextRepository - Created HttpSession as SecurityContext is non-default
2026-07-07 13:36:53.482 [main] DEBUG o.s.s.w.c.HttpSessionSecurityContextRepository - Stored SecurityContextImpl [Authentication=UsernamePasswordAuthenticationToken [Principal=org.springframework.security.core.userdetails.User [Username=user, Password=[PROTECTED], Enabled=true, AccountNonExpired=true, CredentialsNonExpired=true, AccountNonLocked=true, Granted Authorities=[ROLE_ADMIN]], Credentials=[PROTECTED], Authenticated=true, Details=null, Granted Authorities=[ROLE_ADMIN]]] to HttpSession [org.springframework.mock.web.MockHttpSession@12bc9995]
2026-07-07 13:36:53.482 [main] DEBUG o.s.security.web.FilterChainProxy - Securing GET /admin/technicians/new
2026-07-07 13:36:53.483 [main] DEBUG o.s.s.w.c.HttpSessionSecurityContextRepository - Retrieved SecurityContextImpl [Authentication=UsernamePasswordAuthenticationToken [Principal=org.springframework.security.core.userdetails.User [Username=user, Password=[PROTECTED], Enabled=true, AccountNonExpired=true, CredentialsNonExpired=true, AccountNonLocked=true, Granted Authorities=[ROLE_ADMIN]], Credentials=[PROTECTED], Authenticated=true, Details=null, Granted Authorities=[ROLE_ADMIN]]]
2026-07-07 13:36:53.483 [main] DEBUG o.s.security.web.FilterChainProxy - Secured GET /admin/technicians/new
2026-07-07 13:36:53.501 [main] DEBUG o.s.s.w.c.HttpSessionSecurityContextRepository - Created HttpSession as SecurityContext is non-default
2026-07-07 13:36:53.501 [main] DEBUG o.s.s.w.c.HttpSessionSecurityContextRepository - Stored SecurityContextImpl [Authentication=UsernamePasswordAuthenticationToken [Principal=org.springframework.security.core.userdetails.User [Username=user, Password=[PROTECTED], Enabled=true, AccountNonExpired=true, CredentialsNonExpired=true, AccountNonLocked=true, Granted Authorities=[ROLE_ADMIN]], Credentials=[PROTECTED], Authenticated=true, Details=null, Granted Authorities=[ROLE_ADMIN]]] to HttpSession [org.springframework.mock.web.MockHttpSession@1e9d611a]
2026-07-07 13:36:53.501 [main] DEBUG o.s.security.web.FilterChainProxy - Securing GET /admin/technicians
2026-07-07 13:36:53.503 [main] DEBUG o.s.s.w.c.HttpSessionSecurityContextRepository - Retrieved SecurityContextImpl [Authentication=UsernamePasswordAuthenticationToken [Principal=org.springframework.security.core.userdetails.User [Username=user, Password=[PROTECTED], Enabled=true, AccountNonExpired=true, CredentialsNonExpired=true, AccountNonLocked=true, Granted Authorities=[ROLE_ADMIN]], Credentials=[PROTECTED], Authenticated=true, Details=null, Granted Authorities=[ROLE_ADMIN]]]
2026-07-07 13:36:53.503 [main] DEBUG o.s.security.web.FilterChainProxy - Secured GET /admin/technicians
2026-07-07 13:36:53.527 [main] DEBUG o.s.security.web.FilterChainProxy - Securing GET /
2026-07-07 13:36:53.529 [main] DEBUG o.s.s.w.a.AnonymousAuthenticationFilter - Set SecurityContextHolder to anonymous SecurityContext
2026-07-07 13:36:53.529 [main] DEBUG o.s.security.web.FilterChainProxy - Secured GET /
2026-07-07 13:36:53.540 [main] DEBUG o.s.s.w.c.HttpSessionSecurityContextRepository - Created HttpSession as SecurityContext is non-default
2026-07-07 13:36:53.540 [main] DEBUG o.s.s.w.c.HttpSessionSecurityContextRepository - Stored SecurityContextImpl [Authentication=UsernamePasswordAuthenticationToken [Principal=org.springframework.security.core.userdetails.User [Username=user, Password=[PROTECTED], Enabled=true, AccountNonExpired=true, CredentialsNonExpired=true, AccountNonLocked=true, Granted Authorities=[ROLE_ADMIN]], Credentials=[PROTECTED], Authenticated=true, Details=null, Granted Authorities=[ROLE_ADMIN]]] to HttpSession [org.springframework.mock.web.MockHttpSession@4ce8ca9f]
2026-07-07 13:36:53.541 [main] DEBUG o.s.security.web.FilterChainProxy - Securing GET /admin/technicians/delete/1
2026-07-07 13:36:53.542 [main] DEBUG o.s.s.w.c.HttpSessionSecurityContextRepository - Retrieved SecurityContextImpl [Authentication=UsernamePasswordAuthenticationToken [Principal=org.springframework.security.core.userdetails.User [Username=user, Password=[PROTECTED], Enabled=true, AccountNonExpired=true, CredentialsNonExpired=true, AccountNonLocked=true, Granted Authorities=[ROLE_ADMIN]], Credentials=[PROTECTED], Authenticated=true, Details=null, Granted Authorities=[ROLE_ADMIN]]]
2026-07-07 13:36:53.542 [main] DEBUG o.s.security.web.FilterChainProxy - Secured GET /admin/technicians/delete/1
2026-07-07 13:36:53.552 [main] DEBUG o.s.s.w.c.HttpSessionSecurityContextRepository - Created HttpSession as SecurityContext is non-default
2026-07-07 13:36:53.552 [main] DEBUG o.s.s.w.c.HttpSessionSecurityContextRepository - Stored SecurityContextImpl [Authentication=UsernamePasswordAuthenticationToken [Principal=org.springframework.security.core.userdetails.User [Username=user, Password=[PROTECTED], Enabled=true, AccountNonExpired=true, CredentialsNonExpired=true, AccountNonLocked=true, Granted Authorities=[ROLE_ADMIN]], Credentials=[PROTECTED], Authenticated=true, Details=null, Granted Authorities=[ROLE_ADMIN]]] to HttpSession [org.springframework.mock.web.MockHttpSession@2948726d]
2026-07-07 13:36:53.554 [main] DEBUG o.s.security.web.FilterChainProxy - Securing GET /admin/users
2026-07-07 13:36:53.554 [main] DEBUG o.s.s.w.c.HttpSessionSecurityContextRepository - Retrieved SecurityContextImpl [Authentication=UsernamePasswordAuthenticationToken [Principal=org.springframework.security.core.userdetails.User [Username=user, Password=[PROTECTED], Enabled=true, AccountNonExpired=true, CredentialsNonExpired=true, AccountNonLocked=true, Granted Authorities=[ROLE_ADMIN]], Credentials=[PROTECTED], Authenticated=true, Details=null, Granted Authorities=[ROLE_ADMIN]]]
2026-07-07 13:36:53.554 [main] DEBUG o.s.security.web.FilterChainProxy - Secured GET /admin/users
2026-07-07 13:36:53.583 [main] INFO  o.s.t.c.s.AnnotationConfigContextLoaderUtils - Could not detect default configuration classes for test class [com.itsm.incidentmanagement.IncidentManagementApplicationTests]: IncidentManagementApplicationTests does not declare any static, non-private, non-final, nested classes annotated with @Configuration.
2026-07-07 13:36:53.602 [main] INFO  o.s.b.t.c.SpringBootTestContextBootstrapper - Found @SpringBootConfiguration com.itsm.incidentmanagement.IncidentManagementApplication for test class com.itsm.incidentmanagement.IncidentManagementApplicationTests
2026-07-07 13:36:53.639 [main] INFO  c.i.i.IncidentManagementApplicationTests - Starting IncidentManagementApplicationTests using Java 21.0.10 with PID 4292 (started by Usuario in C:\Users\Usuario\Documents\Tecnisign\UFCD 10790 – Projeto de Programação\incident-management)
2026-07-07 13:36:53.639 [main] DEBUG c.i.i.IncidentManagementApplicationTests - Running with Spring Boot v3.5.14, Spring v6.2.18
2026-07-07 13:36:53.639 [main] INFO  c.i.i.IncidentManagementApplicationTests - No active profile set, falling back to 1 default profile: "default"
2026-07-07 13:36:54.593 [main] INFO  o.s.d.r.c.RepositoryConfigurationDelegate - Bootstrapping Spring Data JPA repositories in DEFAULT mode.
2026-07-07 13:36:54.677 [main] INFO  o.s.d.r.c.RepositoryConfigurationDelegate - Finished Spring Data repository scanning in 67 ms. Found 5 JPA repository interfaces.
2026-07-07 13:36:55.084 [main] INFO  o.h.jpa.internal.util.LogHelper - HHH000204: Processing PersistenceUnitInfo [name: default]
2026-07-07 13:36:55.185 [main] INFO  org.hibernate.Version - HHH000412: Hibernate ORM core version 6.6.49.Final
2026-07-07 13:36:55.240 [main] INFO  o.h.c.i.RegionFactoryInitiator - HHH000026: Second-level cache disabled
2026-07-07 13:36:55.495 [main] INFO  o.s.o.j.p.SpringPersistenceUnitInfo - No LoadTimeWeaver setup: ignoring JPA class transformer
2026-07-07 13:36:55.539 [main] INFO  com.zaxxer.hikari.HikariDataSource - HikariPool-1 - Starting...
2026-07-07 13:36:55.724 [main] INFO  com.zaxxer.hikari.pool.HikariPool - HikariPool-1 - Added connection org.postgresql.jdbc.PgConnection@195f7478
2026-07-07 13:36:55.727 [main] INFO  com.zaxxer.hikari.HikariDataSource - HikariPool-1 - Start completed.
2026-07-07 13:36:55.778 [main] WARN  org.hibernate.orm.deprecation - HHH90000025: PostgreSQLDialect does not need to be specified explicitly using 'hibernate.dialect' (remove the property setting and it will be selected by default)
2026-07-07 13:36:55.810 [main] INFO  o.hibernate.orm.connections.pooling - HHH10001005: Database info:
	Database JDBC URL [Connecting through datasource 'HikariDataSource (HikariPool-1)']
	Database driver: undefined/unknown
	Database version: 15.18
	Autocommit mode: undefined/unknown
	Isolation level: undefined/unknown
	Minimum pool size: undefined/unknown
	Maximum pool size: undefined/unknown
2026-07-07 13:36:57.213 [main] INFO  o.h.e.t.j.p.i.JtaPlatformInitiator - HHH000489: No JTA platform available (set 'hibernate.transaction.jta.platform' to enable JTA platform integration)
2026-07-07 13:36:57.361 [main] INFO  o.s.o.j.LocalContainerEntityManagerFactoryBean - Initialized JPA EntityManagerFactory for persistence unit 'default'
2026-07-07 13:36:57.804 [main] INFO  c.i.i.s.s.CustomUserDetailsService - CustomUserDetailsService inicializado!
2026-07-07 13:36:57.804 [main] INFO  c.i.i.s.f.JwtAuthenticationFilter - JwtAuthenticationFilter inicializado!
2026-07-07 13:36:57.806 [main] INFO  c.i.i.security.config.SecurityConfig - SecurityConfig inicializado!
2026-07-07 13:36:57.806 [main] DEBUG c.i.i.security.config.SecurityConfig - PasswordEncoder BCrypt criado
2026-07-07 13:36:57.808 [main] INFO  c.i.i.controller.ApiAuthController - ApiAuthController inicializado
2026-07-07 13:36:57.830 [main] INFO  c.i.i.c.CompetenciaWebController - CompetenciaWebController inicializado
2026-07-07 13:36:57.992 [main] DEBUG org.hibernate.SQL - 
    select
        t1_0.id,
        t1_0.carga_trabalho_atual,
        t1_0.disponibilidade,
        t1_0.utilizador_id 
    from
        tecnico t1_0
2026-07-07 13:36:58.041 [main] DEBUG org.hibernate.SQL - 
    select
        u1_0.id,
        u1_0.created_at,
        u1_0.email,
        u1_0.nome,
        u1_0.password_hash,
        u1_0.role,
        u1_0.username 
    from
        utilizador u1_0 
    where
        u1_0.id=?
2026-07-07 13:36:58.052 [main] DEBUG org.hibernate.SQL - 
    select
        u1_0.id,
        u1_0.created_at,
        u1_0.email,
        u1_0.nome,
        u1_0.password_hash,
        u1_0.role,
        u1_0.username 
    from
        utilizador u1_0 
    where
        u1_0.id=?
2026-07-07 13:36:58.056 [main] DEBUG org.hibernate.SQL - 
    select
        c1_0.tecnico_id,
        c1_1.id,
        c1_1.nome 
    from
        tecnico_competencia c1_0 
    join
        competencia c1_1 
            on c1_1.id=c1_0.competencia_id 
    where
        c1_0.tecnico_id=?
2026-07-07 13:36:58.061 [main] DEBUG org.hibernate.SQL - 
    select
        c1_0.tecnico_id,
        c1_1.id,
        c1_1.nome 
    from
        tecnico_competencia c1_0 
    join
        competencia c1_1 
            on c1_1.id=c1_0.competencia_id 
    where
        c1_0.tecnico_id=?
2026-07-07 13:36:58.130 [main] INFO  c.i.i.service.CacheService -    Técnico carregado: Joao Tecnico | Competências: 8
2026-07-07 13:36:58.132 [main] INFO  c.i.i.service.CacheService -    Técnico carregado: Carlos Soares | Competências: 7
2026-07-07 13:36:58.134 [main] DEBUG org.hibernate.SQL - 
    select
        t1_0.id,
        t1_0.aberto_por_id,
        t1_0.ativo_id,
        t1_0.data_abertura,
        t1_0.data_fecho,
        t1_0.descricao,
        t1_0.estado,
        t1_0.prioridade,
        t1_0.tecnico_id,
        t1_0.tipo,
        t1_0.titulo 
    from
        ticket t1_0
2026-07-07 13:36:58.136 [main] DEBUG org.hibernate.SQL - 
    select
        u1_0.id,
        u1_0.created_at,
        u1_0.email,
        u1_0.nome,
        u1_0.password_hash,
        u1_0.role,
        u1_0.username 
    from
        utilizador u1_0 
    where
        u1_0.id=?
2026-07-07 13:36:58.137 [main] DEBUG org.hibernate.SQL - 
    select
        t1_0.id,
        t1_0.carga_trabalho_atual,
        c1_0.tecnico_id,
        c1_1.id,
        c1_1.nome,
        t1_0.disponibilidade,
        t1_0.utilizador_id,
        u1_0.id,
        u1_0.created_at,
        u1_0.email,
        u1_0.nome,
        u1_0.password_hash,
        u1_0.role,
        u1_0.username 
    from
        tecnico t1_0 
    left join
        tecnico_competencia c1_0 
            on t1_0.id=c1_0.tecnico_id 
    left join
        competencia c1_1 
            on c1_1.id=c1_0.competencia_id 
    join
        utilizador u1_0 
            on u1_0.id=t1_0.utilizador_id 
    where
        t1_0.id=?
2026-07-07 13:36:58.142 [main] DEBUG org.hibernate.SQL - 
    select
        u1_0.id,
        u1_0.created_at,
        u1_0.email,
        u1_0.nome,
        u1_0.password_hash,
        u1_0.role,
        u1_0.username 
    from
        utilizador u1_0 
    where
        u1_0.id=?
2026-07-07 13:36:58.143 [main] DEBUG org.hibernate.SQL - 
    select
        t1_0.id,
        t1_0.carga_trabalho_atual,
        c1_0.tecnico_id,
        c1_1.id,
        c1_1.nome,
        t1_0.disponibilidade,
        t1_0.utilizador_id,
        u1_0.id,
        u1_0.created_at,
        u1_0.email,
        u1_0.nome,
        u1_0.password_hash,
        u1_0.role,
        u1_0.username 
    from
        tecnico t1_0 
    left join
        tecnico_competencia c1_0 
            on t1_0.id=c1_0.tecnico_id 
    left join
        competencia c1_1 
            on c1_1.id=c1_0.competencia_id 
    join
        utilizador u1_0 
            on u1_0.id=t1_0.utilizador_id 
    where
        t1_0.id=?
2026-07-07 13:36:58.148 [main] INFO  c.i.i.service.CacheService - Cache carregado: 2 técnicos, 12 tickets
2026-07-07 13:36:58.174 [main] INFO  c.i.i.controller.WebController - WebController carregado com sucesso
2026-07-07 13:36:58.442 [main] INFO  o.s.b.a.e.web.EndpointLinksResolver - Exposing 3 endpoints beneath base path '/actuator'
2026-07-07 13:36:58.464 [main] WARN  o.s.b.a.o.j.JpaBaseConfiguration$JpaWebConfiguration - spring.jpa.open-in-view is enabled by default. Therefore, database queries may be performed during view rendering. Explicitly configure spring.jpa.open-in-view to disable this warning
2026-07-07 13:36:58.475 [main] INFO  o.s.b.a.w.s.WelcomePageHandlerMapping - Adding welcome page: class path resource [static/index.html]
2026-07-07 13:36:58.564 [main] INFO  o.s.s.c.a.a.c.InitializeUserDetailsBeanManagerConfigurer$InitializeUserDetailsManagerConfigurer - Global AuthenticationManager configured with UserDetailsService bean with name customUserDetailsService
2026-07-07 13:36:58.565 [main] INFO  c.i.i.security.config.SecurityConfig - Modo seguranÃ§a ativado (JWT + Web)
2026-07-07 13:36:58.601 [main] DEBUG o.s.s.web.DefaultSecurityFilterChain - Will secure any request with filters: DisableEncodeUrlFilter, WebAsyncManagerIntegrationFilter, SecurityContextHolderFilter, HeaderWriterFilter, CorsFilter, CsrfFilter, LogoutFilter, JwtAuthenticationFilter, UsernamePasswordAuthenticationFilter, RequestCacheAwareFilter, SecurityContextHolderAwareRequestFilter, AnonymousAuthenticationFilter, SessionManagementFilter, ExceptionTranslationFilter, AuthorizationFilter
2026-07-07 13:36:58.970 [main] INFO  c.i.i.IncidentManagementApplicationTests - Started IncidentManagementApplicationTests in 5.36 seconds (process running for 13.976)
2026-07-07 13:36:59.095 [main] INFO  AUDIT - TICKET_CREATE | TicketId: 1 | Titulo: Problema de rede | UserId: 9 | Status: ABERTO
2026-07-07 13:36:59.103 [main] ERROR AUDIT - ERROR | Operation: ATRIBUICAO | Message: Erro ao atribuir | Details: Detalhes do erro
2026-07-07 13:36:59.105 [main] INFO  AUDIT - LOGIN | Username: admin | Success: true | IP: 127.0.0.1
2026-07-07 13:36:59.108 [main] INFO  AUDIT - TICKET_STATE_CHANGE | TicketId: 1 | OldState: ABERTO | NewState: EM_CURSO | UserId: 9
2026-07-07 13:36:59.111 [main] INFO  AUDIT - TICKET_ASSIGN | TicketId: 1 | TecnicoId: 1 | AssignedBy: 9
2026-07-07 13:36:59.523 [main] INFO  c.i.i.s.TicketAssignmentService - ========================================
2026-07-07 13:36:59.524 [main] INFO  c.i.i.s.TicketAssignmentService - A atribuir técnico para ticket: Problema de rede
2026-07-07 13:36:59.524 [main] INFO  c.i.i.s.TicketAssignmentService - ========================================
2026-07-07 13:36:59.524 [main] DEBUG c.i.i.s.TicketAssignmentService - Total de técnicos na cache: 2
2026-07-07 13:36:59.524 [main] DEBUG c.i.i.s.TicketAssignmentService - Palavras-chave extraídas: [rede, intermitente, acesso, problema, internet]
2026-07-07 13:36:59.525 [main] DEBUG c.i.i.s.TicketAssignmentService -    Joao Tecnico | Competências: Servidores, PostgreSQL | Carga: 1
2026-07-07 13:36:59.525 [main] DEBUG c.i.i.s.TicketAssignmentService -    Maria Tecnico | Competências: Redes, Linux | Carga: 0
2026-07-07 13:36:59.527 [main] DEBUG c.i.i.s.TicketAssignmentService - Técnicos com competências relevantes: 1
2026-07-07 13:36:59.527 [main] DEBUG c.i.i.s.TicketAssignmentService - Dia atual: TUESDAY | Hora: 13:36:59.527816300
2026-07-07 13:36:59.548 [main] DEBUG c.i.i.s.TicketAssignmentService - Técnicos disponíveis (horário): 1
2026-07-07 13:36:59.548 [main] INFO  c.i.i.s.TicketAssignmentService - Técnico ESCOLHIDO: Maria Tecnico (carga atual: 0)
2026-07-07 13:36:59.549 [main] INFO  c.i.i.s.TicketAssignmentService - ========================================
2026-07-07 13:36:59.551 [main] INFO  c.i.i.s.TicketAssignmentService - ========================================
2026-07-07 13:36:59.551 [main] INFO  c.i.i.s.TicketAssignmentService - A atribuir técnico para ticket: Problema de impressora
2026-07-07 13:36:59.551 [main] INFO  c.i.i.s.TicketAssignmentService - ========================================
2026-07-07 13:36:59.551 [main] DEBUG c.i.i.s.TicketAssignmentService - Total de técnicos na cache: 2
2026-07-07 13:36:59.553 [main] DEBUG c.i.i.s.TicketAssignmentService - Palavras-chave extraídas: [imprime, problema, nao, impressora]
2026-07-07 13:36:59.553 [main] DEBUG c.i.i.s.TicketAssignmentService -    Joao Tecnico | Competências: Servidores, PostgreSQL | Carga: 0
2026-07-07 13:36:59.553 [main] DEBUG c.i.i.s.TicketAssignmentService -    Maria Tecnico | Competências: Redes, Linux | Carga: 0
2026-07-07 13:36:59.553 [main] DEBUG c.i.i.s.TicketAssignmentService - Técnicos com competências relevantes: 0
2026-07-07 13:36:59.553 [main] DEBUG c.i.i.s.TicketAssignmentService - Nenhum técnico com competências relevantes!
2026-07-07 13:36:59.557 [main] INFO  c.i.i.s.TicketAssignmentService - ========================================
2026-07-07 13:36:59.557 [main] INFO  c.i.i.s.TicketAssignmentService - A atribuir técnico para ticket: Problema de rede
2026-07-07 13:36:59.557 [main] INFO  c.i.i.s.TicketAssignmentService - ========================================
2026-07-07 13:36:59.558 [main] DEBUG c.i.i.s.TicketAssignmentService - Total de técnicos na cache: 0
2026-07-07 13:36:59.558 [main] DEBUG c.i.i.s.TicketAssignmentService - Nenhum técnico encontrado na cache! A recarregar...
2026-07-07 13:36:59.558 [main] DEBUG c.i.i.s.TicketAssignmentService - Após recarregar: 0 técnicos
2026-07-07 13:36:59.558 [main] DEBUG c.i.i.s.TicketAssignmentService - Continua sem técnicos! Verificar base de dados.
2026-07-07 13:36:59.561 [main] INFO  c.i.i.s.TicketAssignmentService - ========================================
2026-07-07 13:36:59.561 [main] INFO  c.i.i.s.TicketAssignmentService - A atribuir técnico para ticket: Problema de rede
2026-07-07 13:36:59.561 [main] INFO  c.i.i.s.TicketAssignmentService - ========================================
2026-07-07 13:36:59.562 [main] DEBUG c.i.i.s.TicketAssignmentService - Total de técnicos na cache: 2
2026-07-07 13:36:59.562 [main] DEBUG c.i.i.s.TicketAssignmentService - Palavras-chave extraídas: [rede, intermitente, acesso, problema, internet]
2026-07-07 13:36:59.562 [main] DEBUG c.i.i.s.TicketAssignmentService -    Joao Tecnico | Competências: PostgreSQL, Servidores | Carga: 0
2026-07-07 13:36:59.562 [main] DEBUG c.i.i.s.TicketAssignmentService -    Maria Tecnico | Competências: Redes, Linux | Carga: 0
2026-07-07 13:36:59.562 [main] DEBUG c.i.i.s.TicketAssignmentService - Técnicos com competências relevantes: 1
2026-07-07 13:36:59.562 [main] DEBUG c.i.i.s.TicketAssignmentService - Dia atual: TUESDAY | Hora: 13:36:59.562754200
2026-07-07 13:36:59.562 [main] DEBUG c.i.i.s.TicketAssignmentService - Técnicos disponíveis (horário): 1
2026-07-07 13:36:59.562 [main] INFO  c.i.i.s.TicketAssignmentService - Técnico ESCOLHIDO: Maria Tecnico (carga atual: 0)
2026-07-07 13:36:59.563 [main] INFO  c.i.i.s.TicketAssignmentService - ========================================
2026-07-07 13:36:59.618 [main] INFO  c.i.i.service.TicketService - AUDIT - Criação de ticket: Teste
2026-07-07 13:36:59.619 [main] INFO  c.i.i.service.TicketService - ✅ AUDIT - Ticket 1 atribuído ao técnico 1 (carga: 1)
2026-07-07 13:36:59.620 [main] INFO  c.i.i.service.TicketService - AUDIT - Ticket criado com ID: 1
2026-07-07 13:36:59.624 [main] INFO  c.i.i.service.TicketService - AUDIT - Criação de ticket: Teste
2026-07-07 13:36:59.625 [main] INFO  c.i.i.service.TicketService - ✅ AUDIT - Ticket 1 atribuído ao técnico 1 (carga: 1)
2026-07-07 13:36:59.625 [main] INFO  c.i.i.service.TicketService - AUDIT - Ticket criado com ID: 1
2026-07-07 13:36:59.629 [main] INFO  c.i.i.service.TicketService - AUDIT - Atualizando estado do ticket 1 para RESOLVIDO
2026-07-07 13:36:59.630 [main] INFO  c.i.i.service.TicketService - AUDIT - Carga do técnico 1 reduzida para 0
2026-07-07 13:36:59.630 [main] INFO  c.i.i.service.TicketService - AUDIT - Ticket 1 resolvido em 2026-07-07T13:36:59.630886600
2026-07-07 13:36:59.656 [main] INFO  c.i.i.service.UtilizadorService - Utilizador 9 removido com sucesso!
2026-07-07 13:36:59.693 [SpringApplicationShutdownHook] INFO  o.s.o.j.LocalContainerEntityManagerFactoryBean - Closing JPA EntityManagerFactory for persistence unit 'default'
2026-07-07 13:36:59.898 [SpringApplicationShutdownHook] INFO  com.zaxxer.hikari.HikariDataSource - HikariPool-1 - Shutdown initiated...
2026-07-07 13:36:59.902 [SpringApplicationShutdownHook] INFO  com.zaxxer.hikari.HikariDataSource - HikariPool-1 - Shutdown completed.
2026-07-07 13:37:34.346 [http-nio-8080-exec-10] DEBUG o.s.security.web.FilterChainProxy - Securing GET /ltarget/site/jacoco/index.html
2026-07-07 13:37:34.347 [http-nio-8080-exec-10] DEBUG o.s.s.w.a.AnonymousAuthenticationFilter - Set SecurityContextHolder to anonymous SecurityContext
2026-07-07 13:37:34.348 [http-nio-8080-exec-10] DEBUG o.s.s.w.s.HttpSessionRequestCache - Saved request http://localhost:8080/ltarget/site/jacoco/index.html?continue to session
2026-07-07 13:37:34.348 [http-nio-8080-exec-10] DEBUG o.s.s.web.DefaultRedirectStrategy - Redirecting to http://localhost:8080/login
2026-07-07 13:37:34.352 [http-nio-8080-exec-8] DEBUG o.s.security.web.FilterChainProxy - Securing GET /login
2026-07-07 13:37:34.352 [http-nio-8080-exec-8] DEBUG o.s.s.w.a.AnonymousAuthenticationFilter - Set SecurityContextHolder to anonymous SecurityContext
2026-07-07 13:37:34.352 [http-nio-8080-exec-8] DEBUG o.s.security.web.FilterChainProxy - Secured GET /login
2026-07-07 13:37:34.353 [http-nio-8080-exec-8] DEBUG c.i.i.controller.AuthController - Página de login acessada
2026-07-07 13:37:34.390 [http-nio-8080-exec-6] DEBUG o.s.security.web.FilterChainProxy - Securing GET /favicon.ico
2026-07-07 13:37:34.390 [http-nio-8080-exec-6] DEBUG o.s.s.w.a.AnonymousAuthenticationFilter - Set SecurityContextHolder to anonymous SecurityContext
2026-07-07 13:37:34.391 [http-nio-8080-exec-6] DEBUG o.s.security.web.FilterChainProxy - Secured GET /favicon.ico
2026-07-07 13:38:29.630 [http-nio-8080-exec-7] DEBUG o.s.security.web.FilterChainProxy - Securing GET /login
2026-07-07 13:38:29.632 [http-nio-8080-exec-7] DEBUG o.s.s.w.a.AnonymousAuthenticationFilter - Set SecurityContextHolder to anonymous SecurityContext
2026-07-07 13:38:29.632 [http-nio-8080-exec-7] DEBUG o.s.security.web.FilterChainProxy - Secured GET /login
2026-07-07 13:38:29.632 [http-nio-8080-exec-7] DEBUG c.i.i.controller.AuthController - Página de login acessada
2026-07-07 13:38:29.725 [http-nio-8080-exec-1] DEBUG o.s.security.web.FilterChainProxy - Securing GET /favicon.ico
2026-07-07 13:38:29.725 [http-nio-8080-exec-1] DEBUG o.s.s.w.a.AnonymousAuthenticationFilter - Set SecurityContextHolder to anonymous SecurityContext
2026-07-07 13:38:29.725 [http-nio-8080-exec-1] DEBUG o.s.security.web.FilterChainProxy - Secured GET /favicon.ico
2026-07-07 13:38:32.034 [http-nio-8080-exec-3] DEBUG o.s.security.web.FilterChainProxy - Securing POST /login
2026-07-07 13:38:32.035 [http-nio-8080-exec-3] DEBUG c.i.i.s.s.CustomUserDetailsService - Buscando utilizador: admin
2026-07-07 13:38:32.036 [http-nio-8080-exec-3] DEBUG org.hibernate.SQL - 
    select
        u1_0.id,
        u1_0.created_at,
        u1_0.email,
        u1_0.nome,
        u1_0.password_hash,
        u1_0.role,
        u1_0.username 
    from
        utilizador u1_0 
    where
        u1_0.username=?
2026-07-07 13:38:32.038 [http-nio-8080-exec-3] DEBUG c.i.i.s.s.CustomUserDetailsService - Utilizador encontrado: admin | Role: ADMIN
2026-07-07 13:38:32.038 [http-nio-8080-exec-3] DEBUG c.i.i.s.s.CustomUserDetailsService - Password hash limpo para utilizador: admin
2026-07-07 13:38:32.038 [http-nio-8080-exec-3] DEBUG c.i.i.s.service.CustomUserDetails - CustomUserDetails criado para: admin
2026-07-07 13:38:32.038 [http-nio-8080-exec-3] DEBUG c.i.i.s.service.CustomUserDetails - Password hash retrieved
2026-07-07 13:38:32.106 [http-nio-8080-exec-3] DEBUG c.i.i.s.service.CustomUserDetails - GrantedAuthority: ROLE_ADMIN
2026-07-07 13:38:32.107 [http-nio-8080-exec-3] DEBUG o.s.s.a.d.DaoAuthenticationProvider - Authenticated user
2026-07-07 13:38:32.107 [http-nio-8080-exec-3] DEBUG o.s.s.w.a.s.ChangeSessionIdAuthenticationStrategy - Changed session id from 125837C528E31319D9803F6A455C91CC
2026-07-07 13:38:32.107 [http-nio-8080-exec-3] DEBUG o.s.s.w.c.CsrfAuthenticationStrategy - Replaced CSRF Token
2026-07-07 13:38:32.107 [http-nio-8080-exec-3] DEBUG o.s.s.w.c.HttpSessionSecurityContextRepository - Stored SecurityContextImpl [Authentication=UsernamePasswordAuthenticationToken [Principal=com.itsm.incidentmanagement.security.service.CustomUserDetails@3bfa510c, Credentials=[PROTECTED], Authenticated=true, Details=WebAuthenticationDetails [RemoteIpAddress=127.0.0.1, SessionId=125837C528E31319D9803F6A455C91CC], Granted Authorities=[ROLE_ADMIN]]] to HttpSession [org.apache.catalina.session.StandardSessionFacade@3f34de6d]
2026-07-07 13:38:32.107 [http-nio-8080-exec-3] DEBUG o.s.s.w.a.UsernamePasswordAuthenticationFilter - Set SecurityContextHolder to UsernamePasswordAuthenticationToken [Principal=com.itsm.incidentmanagement.security.service.CustomUserDetails@3bfa510c, Credentials=[PROTECTED], Authenticated=true, Details=WebAuthenticationDetails [RemoteIpAddress=127.0.0.1, SessionId=125837C528E31319D9803F6A455C91CC], Granted Authorities=[ROLE_ADMIN]]
2026-07-07 13:38:32.107 [http-nio-8080-exec-3] INFO  c.i.i.security.config.SecurityConfig - Redirecionando por role: ROLE_ADMIN
2026-07-07 13:38:32.110 [http-nio-8080-exec-4] DEBUG o.s.security.web.FilterChainProxy - Securing GET /admin/dashboard
2026-07-07 13:38:32.111 [http-nio-8080-exec-4] DEBUG o.s.s.w.c.HttpSessionSecurityContextRepository - Retrieved SecurityContextImpl [Authentication=UsernamePasswordAuthenticationToken [Principal=com.itsm.incidentmanagement.security.service.CustomUserDetails@3bfa510c, Credentials=[PROTECTED], Authenticated=true, Details=WebAuthenticationDetails [RemoteIpAddress=127.0.0.1, SessionId=125837C528E31319D9803F6A455C91CC], Granted Authorities=[ROLE_ADMIN]]]
2026-07-07 13:38:32.111 [http-nio-8080-exec-4] DEBUG o.s.security.web.FilterChainProxy - Secured GET /admin/dashboard
2026-07-07 13:38:32.112 [http-nio-8080-exec-4] DEBUG org.hibernate.SQL - 
    select
        t1_0.id,
        t1_0.aberto_por_id,
        t1_0.ativo_id,
        t1_0.data_abertura,
        t1_0.data_fecho,
        t1_0.descricao,
        t1_0.estado,
        t1_0.prioridade,
        t1_0.tecnico_id,
        t1_0.tipo,
        t1_0.titulo 
    from
        ticket t1_0
2026-07-07 13:38:32.115 [http-nio-8080-exec-4] DEBUG org.hibernate.SQL - 
    select
        u1_0.id,
        u1_0.created_at,
        u1_0.email,
        u1_0.nome,
        u1_0.password_hash,
        u1_0.role,
        u1_0.username 
    from
        utilizador u1_0 
    where
        u1_0.id=?
2026-07-07 13:38:32.116 [http-nio-8080-exec-4] DEBUG org.hibernate.SQL - 
    select
        t1_0.id,
        t1_0.carga_trabalho_atual,
        c1_0.tecnico_id,
        c1_1.id,
        c1_1.nome,
        t1_0.disponibilidade,
        t1_0.utilizador_id,
        u1_0.id,
        u1_0.created_at,
        u1_0.email,
        u1_0.nome,
        u1_0.password_hash,
        u1_0.role,
        u1_0.username 
    from
        tecnico t1_0 
    left join
        tecnico_competencia c1_0 
            on t1_0.id=c1_0.tecnico_id 
    left join
        competencia c1_1 
            on c1_1.id=c1_0.competencia_id 
    join
        utilizador u1_0 
            on u1_0.id=t1_0.utilizador_id 
    where
        t1_0.id=?
2026-07-07 13:38:32.117 [http-nio-8080-exec-4] DEBUG org.hibernate.SQL - 
    select
        u1_0.id,
        u1_0.created_at,
        u1_0.email,
        u1_0.nome,
        u1_0.password_hash,
        u1_0.role,
        u1_0.username 
    from
        utilizador u1_0 
    where
        u1_0.id=?
2026-07-07 13:38:32.118 [http-nio-8080-exec-4] DEBUG org.hibernate.SQL - 
    select
        t1_0.id,
        t1_0.carga_trabalho_atual,
        c1_0.tecnico_id,
        c1_1.id,
        c1_1.nome,
        t1_0.disponibilidade,
        t1_0.utilizador_id,
        u1_0.id,
        u1_0.created_at,
        u1_0.email,
        u1_0.nome,
        u1_0.password_hash,
        u1_0.role,
        u1_0.username 
    from
        tecnico t1_0 
    left join
        tecnico_competencia c1_0 
            on t1_0.id=c1_0.tecnico_id 
    left join
        competencia c1_1 
            on c1_1.id=c1_0.competencia_id 
    join
        utilizador u1_0 
            on u1_0.id=t1_0.utilizador_id 
    where
        t1_0.id=?
2026-07-07 13:38:32.120 [http-nio-8080-exec-4] DEBUG org.hibernate.SQL - 
    select
        t1_0.id,
        t1_0.aberto_por_id,
        t1_0.ativo_id,
        t1_0.data_abertura,
        t1_0.data_fecho,
        t1_0.descricao,
        t1_0.estado,
        t1_0.prioridade,
        t1_0.tecnico_id,
        t1_0.tipo,
        t1_0.titulo 
    from
        ticket t1_0 
    where
        t1_0.estado=?
2026-07-07 13:38:32.121 [http-nio-8080-exec-4] DEBUG org.hibernate.SQL - 
    select
        t1_0.id,
        t1_0.carga_trabalho_atual,
        t1_0.disponibilidade,
        t1_0.utilizador_id 
    from
        tecnico t1_0
2026-07-07 13:38:32.124 [http-nio-8080-exec-4] DEBUG org.hibernate.SQL - 
    select
        u1_0.id,
        u1_0.created_at,
        u1_0.email,
        u1_0.nome,
        u1_0.password_hash,
        u1_0.role,
        u1_0.username 
    from
        utilizador u1_0
2026-07-07 13:38:32.126 [http-nio-8080-exec-4] DEBUG org.hibernate.SQL - 
    select
        t1_0.id,
        t1_0.aberto_por_id,
        t1_0.ativo_id,
        t1_0.data_abertura,
        t1_0.data_fecho,
        t1_0.descricao,
        t1_0.estado,
        t1_0.prioridade,
        t1_0.tecnico_id,
        t1_0.tipo,
        t1_0.titulo 
    from
        ticket t1_0
2026-07-07 13:46:19.040 [background-preinit] INFO  o.h.validator.internal.util.Version - HV000001: Hibernate Validator 8.0.3.Final
2026-07-07 13:46:19.172 [main] INFO  c.i.i.c.DashboardControllerTest - Starting DashboardControllerTest using Java 21.0.10 with PID 16704 (started by Usuario in C:\Users\Usuario\Documents\Tecnisign\UFCD 10790 – Projeto de Programação\incident-management)
2026-07-07 13:46:19.174 [main] DEBUG c.i.i.c.DashboardControllerTest - Running with Spring Boot v3.5.14, Spring v6.2.18
2026-07-07 13:46:19.175 [main] INFO  c.i.i.c.DashboardControllerTest - No active profile set, falling back to 1 default profile: "default"
2026-07-07 13:46:22.290 [main] INFO  c.i.i.s.f.JwtAuthenticationFilter - JwtAuthenticationFilter inicializado!
2026-07-07 13:46:22.447 [main] INFO  o.s.b.a.w.s.WelcomePageHandlerMapping - Adding welcome page: class path resource [static/index.html]
2026-07-07 13:46:22.839 [main] INFO  c.i.i.security.config.SecurityConfig - SecurityConfig inicializado!
2026-07-07 13:46:22.888 [main] INFO  o.s.s.c.a.a.c.InitializeUserDetailsBeanManagerConfigurer$InitializeUserDetailsManagerConfigurer - Global AuthenticationManager configured with UserDetailsService bean with name com.itsm.incidentmanagement.security.service.CustomUserDetailsService#0
2026-07-07 13:46:23.022 [main] INFO  c.i.i.security.config.SecurityConfig - Modo seguranÃ§a ativado (JWT + Web)
2026-07-07 13:46:23.132 [main] DEBUG o.s.s.web.DefaultSecurityFilterChain - Will secure any request with filters: DisableEncodeUrlFilter, WebAsyncManagerIntegrationFilter, SecurityContextHolderFilter, HeaderWriterFilter, CorsFilter, CsrfFilter, LogoutFilter, JwtAuthenticationFilter, UsernamePasswordAuthenticationFilter, RequestCacheAwareFilter, SecurityContextHolderAwareRequestFilter, AnonymousAuthenticationFilter, SessionManagementFilter, ExceptionTranslationFilter, AuthorizationFilter
2026-07-07 13:46:23.534 [main] DEBUG c.i.i.s.f.JwtAuthenticationFilter - Filter 'jwtAuthenticationFilter' configured for use
2026-07-07 13:46:23.548 [main] INFO  o.s.b.t.m.w.SpringBootMockServletContext - Initializing Spring TestDispatcherServlet ''
2026-07-07 13:46:23.548 [main] INFO  o.s.t.w.s.TestDispatcherServlet - Initializing Servlet ''
2026-07-07 13:46:23.551 [main] INFO  o.s.t.w.s.TestDispatcherServlet - Completed initialization in 1 ms
2026-07-07 13:46:23.594 [main] INFO  c.i.i.c.DashboardControllerTest - Started DashboardControllerTest in 5.362 seconds (process running for 7.373)
2026-07-07 13:46:23.723 [main] DEBUG o.s.s.w.c.HttpSessionSecurityContextRepository - Created HttpSession as SecurityContext is non-default
2026-07-07 13:46:23.725 [main] DEBUG o.s.s.w.c.HttpSessionSecurityContextRepository - Stored SecurityContextImpl [Authentication=UsernamePasswordAuthenticationToken [Principal=org.springframework.security.core.userdetails.User [Username=user, Password=[PROTECTED], Enabled=true, AccountNonExpired=true, CredentialsNonExpired=true, AccountNonLocked=true, Granted Authorities=[ROLE_ADMIN]], Credentials=[PROTECTED], Authenticated=true, Details=null, Granted Authorities=[ROLE_ADMIN]]] to HttpSession [org.springframework.mock.web.MockHttpSession@77ffb5e9]
2026-07-07 13:46:23.754 [main] DEBUG o.s.security.web.FilterChainProxy - Securing GET /admin/tickets
2026-07-07 13:46:23.771 [main] DEBUG o.s.s.w.c.HttpSessionSecurityContextRepository - Retrieved SecurityContextImpl [Authentication=UsernamePasswordAuthenticationToken [Principal=org.springframework.security.core.userdetails.User [Username=user, Password=[PROTECTED], Enabled=true, AccountNonExpired=true, CredentialsNonExpired=true, AccountNonLocked=true, Granted Authorities=[ROLE_ADMIN]], Credentials=[PROTECTED], Authenticated=true, Details=null, Granted Authorities=[ROLE_ADMIN]]]
2026-07-07 13:46:23.773 [main] DEBUG o.s.security.web.FilterChainProxy - Secured GET /admin/tickets
2026-07-07 13:46:24.465 [main] DEBUG o.s.s.w.c.HttpSessionSecurityContextRepository - Created HttpSession as SecurityContext is non-default
2026-07-07 13:46:24.465 [main] DEBUG o.s.s.w.c.HttpSessionSecurityContextRepository - Stored SecurityContextImpl [Authentication=UsernamePasswordAuthenticationToken [Principal=org.springframework.security.core.userdetails.User [Username=user, Password=[PROTECTED], Enabled=true, AccountNonExpired=true, CredentialsNonExpired=true, AccountNonLocked=true, Granted Authorities=[ROLE_ADMIN]], Credentials=[PROTECTED], Authenticated=true, Details=null, Granted Authorities=[ROLE_ADMIN]]] to HttpSession [org.springframework.mock.web.MockHttpSession@7618e4bf]
2026-07-07 13:46:24.466 [main] DEBUG o.s.security.web.FilterChainProxy - Securing GET /admin/dashboard
2026-07-07 13:46:24.466 [main] DEBUG o.s.s.w.c.HttpSessionSecurityContextRepository - Retrieved SecurityContextImpl [Authentication=UsernamePasswordAuthenticationToken [Principal=org.springframework.security.core.userdetails.User [Username=user, Password=[PROTECTED], Enabled=true, AccountNonExpired=true, CredentialsNonExpired=true, AccountNonLocked=true, Granted Authorities=[ROLE_ADMIN]], Credentials=[PROTECTED], Authenticated=true, Details=null, Granted Authorities=[ROLE_ADMIN]]]
2026-07-07 13:46:24.466 [main] DEBUG o.s.security.web.FilterChainProxy - Secured GET /admin/dashboard
2026-07-07 13:46:24.517 [main] INFO  o.s.t.c.s.AnnotationConfigContextLoaderUtils - Could not detect default configuration classes for test class [com.itsm.incidentmanagement.controller.WebControllerTest]: WebControllerTest does not declare any static, non-private, non-final, nested classes annotated with @Configuration.
2026-07-07 13:46:24.542 [main] INFO  o.s.b.t.c.SpringBootTestContextBootstrapper - Found @SpringBootConfiguration com.itsm.incidentmanagement.IncidentManagementApplication for test class com.itsm.incidentmanagement.controller.WebControllerTest
2026-07-07 13:46:24.589 [main] INFO  c.i.i.controller.WebControllerTest - Starting WebControllerTest using Java 21.0.10 with PID 16704 (started by Usuario in C:\Users\Usuario\Documents\Tecnisign\UFCD 10790 – Projeto de Programação\incident-management)
2026-07-07 13:46:24.589 [main] DEBUG c.i.i.controller.WebControllerTest - Running with Spring Boot v3.5.14, Spring v6.2.18
2026-07-07 13:46:24.589 [main] INFO  c.i.i.controller.WebControllerTest - No active profile set, falling back to 1 default profile: "default"
2026-07-07 13:46:24.944 [main] INFO  c.i.i.controller.WebController - WebController carregado com sucesso
2026-07-07 13:46:24.947 [main] INFO  c.i.i.s.f.JwtAuthenticationFilter - JwtAuthenticationFilter inicializado!
2026-07-07 13:46:24.997 [main] INFO  o.s.b.a.w.s.WelcomePageHandlerMapping - Adding welcome page: class path resource [static/index.html]
2026-07-07 13:46:25.094 [main] INFO  c.i.i.security.config.SecurityConfig - SecurityConfig inicializado!
2026-07-07 13:46:25.101 [main] INFO  o.s.s.c.a.a.c.InitializeUserDetailsBeanManagerConfigurer$InitializeUserDetailsManagerConfigurer - Global AuthenticationManager configured with UserDetailsService bean with name com.itsm.incidentmanagement.security.service.CustomUserDetailsService#0
2026-07-07 13:46:25.103 [main] INFO  c.i.i.security.config.SecurityConfig - Modo seguranÃ§a ativado (JWT + Web)
2026-07-07 13:46:25.125 [main] DEBUG o.s.s.web.DefaultSecurityFilterChain - Will secure any request with filters: DisableEncodeUrlFilter, WebAsyncManagerIntegrationFilter, SecurityContextHolderFilter, HeaderWriterFilter, CorsFilter, CsrfFilter, LogoutFilter, JwtAuthenticationFilter, UsernamePasswordAuthenticationFilter, RequestCacheAwareFilter, SecurityContextHolderAwareRequestFilter, AnonymousAuthenticationFilter, SessionManagementFilter, ExceptionTranslationFilter, AuthorizationFilter
2026-07-07 13:46:25.200 [main] DEBUG c.i.i.s.f.JwtAuthenticationFilter - Filter 'jwtAuthenticationFilter' configured for use
2026-07-07 13:46:25.200 [main] INFO  o.s.b.t.m.w.SpringBootMockServletContext - Initializing Spring TestDispatcherServlet ''
2026-07-07 13:46:25.200 [main] INFO  o.s.t.w.s.TestDispatcherServlet - Initializing Servlet ''
2026-07-07 13:46:25.201 [main] INFO  o.s.t.w.s.TestDispatcherServlet - Completed initialization in 1 ms
2026-07-07 13:46:25.212 [main] INFO  c.i.i.controller.WebControllerTest - Started WebControllerTest in 0.661 seconds (process running for 8.991)
2026-07-07 13:46:25.223 [main] DEBUG o.s.s.w.c.HttpSessionSecurityContextRepository - Created HttpSession as SecurityContext is non-default
2026-07-07 13:46:25.223 [main] DEBUG o.s.s.w.c.HttpSessionSecurityContextRepository - Stored SecurityContextImpl [Authentication=UsernamePasswordAuthenticationToken [Principal=org.springframework.security.core.userdetails.User [Username=user, Password=[PROTECTED], Enabled=true, AccountNonExpired=true, CredentialsNonExpired=true, AccountNonLocked=true, Granted Authorities=[ROLE_ADMIN]], Credentials=[PROTECTED], Authenticated=true, Details=null, Granted Authorities=[ROLE_ADMIN]]] to HttpSession [org.springframework.mock.web.MockHttpSession@60d2a1c6]
2026-07-07 13:46:25.224 [main] DEBUG o.s.security.web.FilterChainProxy - Securing GET /admin/users/new
2026-07-07 13:46:25.224 [main] DEBUG o.s.s.w.c.HttpSessionSecurityContextRepository - Retrieved SecurityContextImpl [Authentication=UsernamePasswordAuthenticationToken [Principal=org.springframework.security.core.userdetails.User [Username=user, Password=[PROTECTED], Enabled=true, AccountNonExpired=true, CredentialsNonExpired=true, AccountNonLocked=true, Granted Authorities=[ROLE_ADMIN]], Credentials=[PROTECTED], Authenticated=true, Details=null, Granted Authorities=[ROLE_ADMIN]]]
2026-07-07 13:46:25.225 [main] DEBUG o.s.security.web.FilterChainProxy - Secured GET /admin/users/new
2026-07-07 13:46:25.332 [main] DEBUG o.s.s.w.c.HttpSessionSecurityContextRepository - Created HttpSession as SecurityContext is non-default
2026-07-07 13:46:25.332 [main] DEBUG o.s.s.w.c.HttpSessionSecurityContextRepository - Stored SecurityContextImpl [Authentication=UsernamePasswordAuthenticationToken [Principal=org.springframework.security.core.userdetails.User [Username=user, Password=[PROTECTED], Enabled=true, AccountNonExpired=true, CredentialsNonExpired=true, AccountNonLocked=true, Granted Authorities=[ROLE_ADMIN]], Credentials=[PROTECTED], Authenticated=true, Details=null, Granted Authorities=[ROLE_ADMIN]]] to HttpSession [org.springframework.mock.web.MockHttpSession@485d3d1]
2026-07-07 13:46:25.332 [main] DEBUG o.s.security.web.FilterChainProxy - Securing GET /admin/users/edit/1
2026-07-07 13:46:25.334 [main] DEBUG o.s.s.w.c.HttpSessionSecurityContextRepository - Retrieved SecurityContextImpl [Authentication=UsernamePasswordAuthenticationToken [Principal=org.springframework.security.core.userdetails.User [Username=user, Password=[PROTECTED], Enabled=true, AccountNonExpired=true, CredentialsNonExpired=true, AccountNonLocked=true, Granted Authorities=[ROLE_ADMIN]], Credentials=[PROTECTED], Authenticated=true, Details=null, Granted Authorities=[ROLE_ADMIN]]]
2026-07-07 13:46:25.334 [main] DEBUG o.s.security.web.FilterChainProxy - Secured GET /admin/users/edit/1
2026-07-07 13:46:25.363 [main] DEBUG o.s.s.w.c.HttpSessionSecurityContextRepository - Created HttpSession as SecurityContext is non-default
2026-07-07 13:46:25.363 [main] DEBUG o.s.s.w.c.HttpSessionSecurityContextRepository - Stored SecurityContextImpl [Authentication=UsernamePasswordAuthenticationToken [Principal=org.springframework.security.core.userdetails.User [Username=user, Password=[PROTECTED], Enabled=true, AccountNonExpired=true, CredentialsNonExpired=true, AccountNonLocked=true, Granted Authorities=[ROLE_ADMIN]], Credentials=[PROTECTED], Authenticated=true, Details=null, Granted Authorities=[ROLE_ADMIN]]] to HttpSession [org.springframework.mock.web.MockHttpSession@14eaec27]
2026-07-07 13:46:25.364 [main] DEBUG o.s.security.web.FilterChainProxy - Securing GET /admin/tickets/new
2026-07-07 13:46:25.365 [main] DEBUG o.s.s.w.c.HttpSessionSecurityContextRepository - Retrieved SecurityContextImpl [Authentication=UsernamePasswordAuthenticationToken [Principal=org.springframework.security.core.userdetails.User [Username=user, Password=[PROTECTED], Enabled=true, AccountNonExpired=true, CredentialsNonExpired=true, AccountNonLocked=true, Granted Authorities=[ROLE_ADMIN]], Credentials=[PROTECTED], Authenticated=true, Details=null, Granted Authorities=[ROLE_ADMIN]]]
2026-07-07 13:46:25.365 [main] DEBUG o.s.security.web.FilterChainProxy - Secured GET /admin/tickets/new
2026-07-07 13:46:25.394 [main] DEBUG o.s.s.w.c.HttpSessionSecurityContextRepository - Created HttpSession as SecurityContext is non-default
2026-07-07 13:46:25.394 [main] DEBUG o.s.s.w.c.HttpSessionSecurityContextRepository - Stored SecurityContextImpl [Authentication=UsernamePasswordAuthenticationToken [Principal=org.springframework.security.core.userdetails.User [Username=user, Password=[PROTECTED], Enabled=true, AccountNonExpired=true, CredentialsNonExpired=true, AccountNonLocked=true, Granted Authorities=[ROLE_ADMIN]], Credentials=[PROTECTED], Authenticated=true, Details=null, Granted Authorities=[ROLE_ADMIN]]] to HttpSession [org.springframework.mock.web.MockHttpSession@253646c2]
2026-07-07 13:46:25.394 [main] DEBUG o.s.security.web.FilterChainProxy - Securing GET /admin/tickets/edit/1
2026-07-07 13:46:25.395 [main] DEBUG o.s.s.w.c.HttpSessionSecurityContextRepository - Retrieved SecurityContextImpl [Authentication=UsernamePasswordAuthenticationToken [Principal=org.springframework.security.core.userdetails.User [Username=user, Password=[PROTECTED], Enabled=true, AccountNonExpired=true, CredentialsNonExpired=true, AccountNonLocked=true, Granted Authorities=[ROLE_ADMIN]], Credentials=[PROTECTED], Authenticated=true, Details=null, Granted Authorities=[ROLE_ADMIN]]]
2026-07-07 13:46:25.395 [main] DEBUG o.s.security.web.FilterChainProxy - Secured GET /admin/tickets/edit/1
2026-07-07 13:46:25.429 [main] DEBUG o.s.s.w.c.HttpSessionSecurityContextRepository - Created HttpSession as SecurityContext is non-default
2026-07-07 13:46:25.429 [main] DEBUG o.s.s.w.c.HttpSessionSecurityContextRepository - Stored SecurityContextImpl [Authentication=UsernamePasswordAuthenticationToken [Principal=org.springframework.security.core.userdetails.User [Username=user, Password=[PROTECTED], Enabled=true, AccountNonExpired=true, CredentialsNonExpired=true, AccountNonLocked=true, Granted Authorities=[ROLE_ADMIN]], Credentials=[PROTECTED], Authenticated=true, Details=null, Granted Authorities=[ROLE_ADMIN]]] to HttpSession [org.springframework.mock.web.MockHttpSession@17993651]
2026-07-07 13:46:25.429 [main] DEBUG o.s.security.web.FilterChainProxy - Securing GET /admin/users/delete/1
2026-07-07 13:46:25.430 [main] DEBUG o.s.s.w.c.HttpSessionSecurityContextRepository - Retrieved SecurityContextImpl [Authentication=UsernamePasswordAuthenticationToken [Principal=org.springframework.security.core.userdetails.User [Username=user, Password=[PROTECTED], Enabled=true, AccountNonExpired=true, CredentialsNonExpired=true, AccountNonLocked=true, Granted Authorities=[ROLE_ADMIN]], Credentials=[PROTECTED], Authenticated=true, Details=null, Granted Authorities=[ROLE_ADMIN]]]
2026-07-07 13:46:25.430 [main] DEBUG o.s.security.web.FilterChainProxy - Secured GET /admin/users/delete/1
2026-07-07 13:46:25.445 [main] DEBUG o.s.s.w.c.HttpSessionSecurityContextRepository - Created HttpSession as SecurityContext is non-default
2026-07-07 13:46:25.445 [main] DEBUG o.s.s.w.c.HttpSessionSecurityContextRepository - Stored SecurityContextImpl [Authentication=UsernamePasswordAuthenticationToken [Principal=org.springframework.security.core.userdetails.User [Username=user, Password=[PROTECTED], Enabled=true, AccountNonExpired=true, CredentialsNonExpired=true, AccountNonLocked=true, Granted Authorities=[ROLE_ADMIN]], Credentials=[PROTECTED], Authenticated=true, Details=null, Granted Authorities=[ROLE_ADMIN]]] to HttpSession [org.springframework.mock.web.MockHttpSession@4bfb91df]
2026-07-07 13:46:25.445 [main] DEBUG o.s.security.web.FilterChainProxy - Securing GET /admin/technicians/new
2026-07-07 13:46:25.446 [main] DEBUG o.s.s.w.c.HttpSessionSecurityContextRepository - Retrieved SecurityContextImpl [Authentication=UsernamePasswordAuthenticationToken [Principal=org.springframework.security.core.userdetails.User [Username=user, Password=[PROTECTED], Enabled=true, AccountNonExpired=true, CredentialsNonExpired=true, AccountNonLocked=true, Granted Authorities=[ROLE_ADMIN]], Credentials=[PROTECTED], Authenticated=true, Details=null, Granted Authorities=[ROLE_ADMIN]]]
2026-07-07 13:46:25.446 [main] DEBUG o.s.security.web.FilterChainProxy - Secured GET /admin/technicians/new
2026-07-07 13:46:25.464 [main] DEBUG o.s.s.w.c.HttpSessionSecurityContextRepository - Created HttpSession as SecurityContext is non-default
2026-07-07 13:46:25.464 [main] DEBUG o.s.s.w.c.HttpSessionSecurityContextRepository - Stored SecurityContextImpl [Authentication=UsernamePasswordAuthenticationToken [Principal=org.springframework.security.core.userdetails.User [Username=user, Password=[PROTECTED], Enabled=true, AccountNonExpired=true, CredentialsNonExpired=true, AccountNonLocked=true, Granted Authorities=[ROLE_ADMIN]], Credentials=[PROTECTED], Authenticated=true, Details=null, Granted Authorities=[ROLE_ADMIN]]] to HttpSession [org.springframework.mock.web.MockHttpSession@768ceda4]
2026-07-07 13:46:25.465 [main] DEBUG o.s.security.web.FilterChainProxy - Securing GET /admin/technicians
2026-07-07 13:46:25.465 [main] DEBUG o.s.s.w.c.HttpSessionSecurityContextRepository - Retrieved SecurityContextImpl [Authentication=UsernamePasswordAuthenticationToken [Principal=org.springframework.security.core.userdetails.User [Username=user, Password=[PROTECTED], Enabled=true, AccountNonExpired=true, CredentialsNonExpired=true, AccountNonLocked=true, Granted Authorities=[ROLE_ADMIN]], Credentials=[PROTECTED], Authenticated=true, Details=null, Granted Authorities=[ROLE_ADMIN]]]
2026-07-07 13:46:25.465 [main] DEBUG o.s.security.web.FilterChainProxy - Secured GET /admin/technicians
2026-07-07 13:46:25.491 [main] DEBUG o.s.security.web.FilterChainProxy - Securing GET /
2026-07-07 13:46:25.492 [main] DEBUG o.s.s.w.a.AnonymousAuthenticationFilter - Set SecurityContextHolder to anonymous SecurityContext
2026-07-07 13:46:25.493 [main] DEBUG o.s.security.web.FilterChainProxy - Secured GET /
2026-07-07 13:46:25.502 [main] DEBUG o.s.s.w.c.HttpSessionSecurityContextRepository - Created HttpSession as SecurityContext is non-default
2026-07-07 13:46:25.502 [main] DEBUG o.s.s.w.c.HttpSessionSecurityContextRepository - Stored SecurityContextImpl [Authentication=UsernamePasswordAuthenticationToken [Principal=org.springframework.security.core.userdetails.User [Username=user, Password=[PROTECTED], Enabled=true, AccountNonExpired=true, CredentialsNonExpired=true, AccountNonLocked=true, Granted Authorities=[ROLE_ADMIN]], Credentials=[PROTECTED], Authenticated=true, Details=null, Granted Authorities=[ROLE_ADMIN]]] to HttpSession [org.springframework.mock.web.MockHttpSession@5f5e99af]
2026-07-07 13:46:25.503 [main] DEBUG o.s.security.web.FilterChainProxy - Securing GET /admin/technicians/delete/1
2026-07-07 13:46:25.503 [main] DEBUG o.s.s.w.c.HttpSessionSecurityContextRepository - Retrieved SecurityContextImpl [Authentication=UsernamePasswordAuthenticationToken [Principal=org.springframework.security.core.userdetails.User [Username=user, Password=[PROTECTED], Enabled=true, AccountNonExpired=true, CredentialsNonExpired=true, AccountNonLocked=true, Granted Authorities=[ROLE_ADMIN]], Credentials=[PROTECTED], Authenticated=true, Details=null, Granted Authorities=[ROLE_ADMIN]]]
2026-07-07 13:46:25.504 [main] DEBUG o.s.security.web.FilterChainProxy - Secured GET /admin/technicians/delete/1
2026-07-07 13:46:25.516 [main] DEBUG o.s.s.w.c.HttpSessionSecurityContextRepository - Created HttpSession as SecurityContext is non-default
2026-07-07 13:46:25.516 [main] DEBUG o.s.s.w.c.HttpSessionSecurityContextRepository - Stored SecurityContextImpl [Authentication=UsernamePasswordAuthenticationToken [Principal=org.springframework.security.core.userdetails.User [Username=user, Password=[PROTECTED], Enabled=true, AccountNonExpired=true, CredentialsNonExpired=true, AccountNonLocked=true, Granted Authorities=[ROLE_ADMIN]], Credentials=[PROTECTED], Authenticated=true, Details=null, Granted Authorities=[ROLE_ADMIN]]] to HttpSession [org.springframework.mock.web.MockHttpSession@40285739]
2026-07-07 13:46:25.516 [main] DEBUG o.s.security.web.FilterChainProxy - Securing GET /admin/users
2026-07-07 13:46:25.517 [main] DEBUG o.s.s.w.c.HttpSessionSecurityContextRepository - Retrieved SecurityContextImpl [Authentication=UsernamePasswordAuthenticationToken [Principal=org.springframework.security.core.userdetails.User [Username=user, Password=[PROTECTED], Enabled=true, AccountNonExpired=true, CredentialsNonExpired=true, AccountNonLocked=true, Granted Authorities=[ROLE_ADMIN]], Credentials=[PROTECTED], Authenticated=true, Details=null, Granted Authorities=[ROLE_ADMIN]]]
2026-07-07 13:46:25.517 [main] DEBUG o.s.security.web.FilterChainProxy - Secured GET /admin/users
2026-07-07 13:46:25.541 [main] INFO  o.s.t.c.s.AnnotationConfigContextLoaderUtils - Could not detect default configuration classes for test class [com.itsm.incidentmanagement.IncidentManagementApplicationTests]: IncidentManagementApplicationTests does not declare any static, non-private, non-final, nested classes annotated with @Configuration.
2026-07-07 13:46:25.555 [main] INFO  o.s.b.t.c.SpringBootTestContextBootstrapper - Found @SpringBootConfiguration com.itsm.incidentmanagement.IncidentManagementApplication for test class com.itsm.incidentmanagement.IncidentManagementApplicationTests
2026-07-07 13:46:25.587 [main] INFO  c.i.i.IncidentManagementApplicationTests - Starting IncidentManagementApplicationTests using Java 21.0.10 with PID 16704 (started by Usuario in C:\Users\Usuario\Documents\Tecnisign\UFCD 10790 – Projeto de Programação\incident-management)
2026-07-07 13:46:25.588 [main] DEBUG c.i.i.IncidentManagementApplicationTests - Running with Spring Boot v3.5.14, Spring v6.2.18
2026-07-07 13:46:25.588 [main] INFO  c.i.i.IncidentManagementApplicationTests - No active profile set, falling back to 1 default profile: "default"
2026-07-07 13:46:26.488 [main] INFO  o.s.d.r.c.RepositoryConfigurationDelegate - Bootstrapping Spring Data JPA repositories in DEFAULT mode.
2026-07-07 13:46:26.565 [main] INFO  o.s.d.r.c.RepositoryConfigurationDelegate - Finished Spring Data repository scanning in 64 ms. Found 5 JPA repository interfaces.
2026-07-07 13:46:26.929 [main] INFO  o.h.jpa.internal.util.LogHelper - HHH000204: Processing PersistenceUnitInfo [name: default]
2026-07-07 13:46:27.040 [main] INFO  org.hibernate.Version - HHH000412: Hibernate ORM core version 6.6.49.Final
2026-07-07 13:46:27.090 [main] INFO  o.h.c.i.RegionFactoryInitiator - HHH000026: Second-level cache disabled
2026-07-07 13:46:27.336 [main] INFO  o.s.o.j.p.SpringPersistenceUnitInfo - No LoadTimeWeaver setup: ignoring JPA class transformer
2026-07-07 13:46:27.394 [main] INFO  com.zaxxer.hikari.HikariDataSource - HikariPool-1 - Starting...
2026-07-07 13:46:27.594 [main] INFO  com.zaxxer.hikari.pool.HikariPool - HikariPool-1 - Added connection org.postgresql.jdbc.PgConnection@4fb4bccf
2026-07-07 13:46:27.597 [main] INFO  com.zaxxer.hikari.HikariDataSource - HikariPool-1 - Start completed.
2026-07-07 13:46:27.649 [main] WARN  org.hibernate.orm.deprecation - HHH90000025: PostgreSQLDialect does not need to be specified explicitly using 'hibernate.dialect' (remove the property setting and it will be selected by default)
2026-07-07 13:46:27.683 [main] INFO  o.hibernate.orm.connections.pooling - HHH10001005: Database info:
	Database JDBC URL [Connecting through datasource 'HikariDataSource (HikariPool-1)']
	Database driver: undefined/unknown
	Database version: 15.18
	Autocommit mode: undefined/unknown
	Isolation level: undefined/unknown
	Minimum pool size: undefined/unknown
	Maximum pool size: undefined/unknown
2026-07-07 13:46:29.095 [main] INFO  o.h.e.t.j.p.i.JtaPlatformInitiator - HHH000489: No JTA platform available (set 'hibernate.transaction.jta.platform' to enable JTA platform integration)
2026-07-07 13:46:29.253 [main] INFO  o.s.o.j.LocalContainerEntityManagerFactoryBean - Initialized JPA EntityManagerFactory for persistence unit 'default'
2026-07-07 13:46:29.686 [main] INFO  c.i.i.s.s.CustomUserDetailsService - CustomUserDetailsService inicializado!
2026-07-07 13:46:29.686 [main] INFO  c.i.i.s.f.JwtAuthenticationFilter - JwtAuthenticationFilter inicializado!
2026-07-07 13:46:29.687 [main] INFO  c.i.i.security.config.SecurityConfig - SecurityConfig inicializado!
2026-07-07 13:46:29.688 [main] DEBUG c.i.i.security.config.SecurityConfig - PasswordEncoder BCrypt criado
2026-07-07 13:46:29.690 [main] INFO  c.i.i.controller.ApiAuthController - ApiAuthController inicializado
2026-07-07 13:46:29.714 [main] INFO  c.i.i.c.CompetenciaWebController - CompetenciaWebController inicializado
2026-07-07 13:46:29.866 [main] DEBUG org.hibernate.SQL - 
    select
        t1_0.id,
        t1_0.carga_trabalho_atual,
        t1_0.disponibilidade,
        t1_0.utilizador_id 
    from
        tecnico t1_0
2026-07-07 13:46:29.912 [main] DEBUG org.hibernate.SQL - 
    select
        u1_0.id,
        u1_0.created_at,
        u1_0.email,
        u1_0.nome,
        u1_0.password_hash,
        u1_0.role,
        u1_0.username 
    from
        utilizador u1_0 
    where
        u1_0.id=?
2026-07-07 13:46:29.923 [main] DEBUG org.hibernate.SQL - 
    select
        u1_0.id,
        u1_0.created_at,
        u1_0.email,
        u1_0.nome,
        u1_0.password_hash,
        u1_0.role,
        u1_0.username 
    from
        utilizador u1_0 
    where
        u1_0.id=?
2026-07-07 13:46:29.927 [main] DEBUG org.hibernate.SQL - 
    select
        c1_0.tecnico_id,
        c1_1.id,
        c1_1.nome 
    from
        tecnico_competencia c1_0 
    join
        competencia c1_1 
            on c1_1.id=c1_0.competencia_id 
    where
        c1_0.tecnico_id=?
2026-07-07 13:46:29.932 [main] DEBUG org.hibernate.SQL - 
    select
        c1_0.tecnico_id,
        c1_1.id,
        c1_1.nome 
    from
        tecnico_competencia c1_0 
    join
        competencia c1_1 
            on c1_1.id=c1_0.competencia_id 
    where
        c1_0.tecnico_id=?
2026-07-07 13:46:29.994 [main] INFO  c.i.i.service.CacheService -    Técnico carregado: Joao Tecnico | Competências: 8
2026-07-07 13:46:29.994 [main] INFO  c.i.i.service.CacheService -    Técnico carregado: Carlos Soares | Competências: 7
2026-07-07 13:46:29.998 [main] DEBUG org.hibernate.SQL - 
    select
        t1_0.id,
        t1_0.aberto_por_id,
        t1_0.ativo_id,
        t1_0.data_abertura,
        t1_0.data_fecho,
        t1_0.descricao,
        t1_0.estado,
        t1_0.prioridade,
        t1_0.tecnico_id,
        t1_0.tipo,
        t1_0.titulo 
    from
        ticket t1_0
2026-07-07 13:46:30.000 [main] DEBUG org.hibernate.SQL - 
    select
        u1_0.id,
        u1_0.created_at,
        u1_0.email,
        u1_0.nome,
        u1_0.password_hash,
        u1_0.role,
        u1_0.username 
    from
        utilizador u1_0 
    where
        u1_0.id=?
2026-07-07 13:46:30.001 [main] DEBUG org.hibernate.SQL - 
    select
        t1_0.id,
        t1_0.carga_trabalho_atual,
        c1_0.tecnico_id,
        c1_1.id,
        c1_1.nome,
        t1_0.disponibilidade,
        t1_0.utilizador_id,
        u1_0.id,
        u1_0.created_at,
        u1_0.email,
        u1_0.nome,
        u1_0.password_hash,
        u1_0.role,
        u1_0.username 
    from
        tecnico t1_0 
    left join
        tecnico_competencia c1_0 
            on t1_0.id=c1_0.tecnico_id 
    left join
        competencia c1_1 
            on c1_1.id=c1_0.competencia_id 
    join
        utilizador u1_0 
            on u1_0.id=t1_0.utilizador_id 
    where
        t1_0.id=?
2026-07-07 13:46:30.007 [main] DEBUG org.hibernate.SQL - 
    select
        u1_0.id,
        u1_0.created_at,
        u1_0.email,
        u1_0.nome,
        u1_0.password_hash,
        u1_0.role,
        u1_0.username 
    from
        utilizador u1_0 
    where
        u1_0.id=?
2026-07-07 13:46:30.009 [main] DEBUG org.hibernate.SQL - 
    select
        t1_0.id,
        t1_0.carga_trabalho_atual,
        c1_0.tecnico_id,
        c1_1.id,
        c1_1.nome,
        t1_0.disponibilidade,
        t1_0.utilizador_id,
        u1_0.id,
        u1_0.created_at,
        u1_0.email,
        u1_0.nome,
        u1_0.password_hash,
        u1_0.role,
        u1_0.username 
    from
        tecnico t1_0 
    left join
        tecnico_competencia c1_0 
            on t1_0.id=c1_0.tecnico_id 
    left join
        competencia c1_1 
            on c1_1.id=c1_0.competencia_id 
    join
        utilizador u1_0 
            on u1_0.id=t1_0.utilizador_id 
    where
        t1_0.id=?
2026-07-07 13:46:30.013 [main] INFO  c.i.i.service.CacheService - Cache carregado: 2 técnicos, 12 tickets
2026-07-07 13:46:30.043 [main] INFO  c.i.i.controller.WebController - WebController carregado com sucesso
2026-07-07 13:46:30.365 [main] INFO  o.s.b.a.e.web.EndpointLinksResolver - Exposing 3 endpoints beneath base path '/actuator'
2026-07-07 13:46:30.392 [main] WARN  o.s.b.a.o.j.JpaBaseConfiguration$JpaWebConfiguration - spring.jpa.open-in-view is enabled by default. Therefore, database queries may be performed during view rendering. Explicitly configure spring.jpa.open-in-view to disable this warning
2026-07-07 13:46:30.404 [main] INFO  o.s.b.a.w.s.WelcomePageHandlerMapping - Adding welcome page: class path resource [static/index.html]
2026-07-07 13:46:30.502 [main] INFO  o.s.s.c.a.a.c.InitializeUserDetailsBeanManagerConfigurer$InitializeUserDetailsManagerConfigurer - Global AuthenticationManager configured with UserDetailsService bean with name customUserDetailsService
2026-07-07 13:46:30.504 [main] INFO  c.i.i.security.config.SecurityConfig - Modo seguranÃ§a ativado (JWT + Web)
2026-07-07 13:46:30.544 [main] DEBUG o.s.s.web.DefaultSecurityFilterChain - Will secure any request with filters: DisableEncodeUrlFilter, WebAsyncManagerIntegrationFilter, SecurityContextHolderFilter, HeaderWriterFilter, CorsFilter, CsrfFilter, LogoutFilter, JwtAuthenticationFilter, UsernamePasswordAuthenticationFilter, RequestCacheAwareFilter, SecurityContextHolderAwareRequestFilter, AnonymousAuthenticationFilter, SessionManagementFilter, ExceptionTranslationFilter, AuthorizationFilter
2026-07-07 13:46:30.961 [main] INFO  c.i.i.IncidentManagementApplicationTests - Started IncidentManagementApplicationTests in 5.398 seconds (process running for 14.74)
2026-07-07 13:46:31.104 [main] INFO  AUDIT - TICKET_CREATE | TicketId: 1 | Titulo: Problema de rede | UserId: 9 | Status: ABERTO
2026-07-07 13:46:31.113 [main] ERROR AUDIT - ERROR | Operation: ATRIBUICAO | Message: Erro ao atribuir | Details: Detalhes do erro
2026-07-07 13:46:31.117 [main] INFO  AUDIT - LOGIN | Username: admin | Success: true | IP: 127.0.0.1
2026-07-07 13:46:31.120 [main] INFO  AUDIT - TICKET_STATE_CHANGE | TicketId: 1 | OldState: ABERTO | NewState: EM_CURSO | UserId: 9
2026-07-07 13:46:31.123 [main] INFO  AUDIT - TICKET_ASSIGN | TicketId: 1 | TecnicoId: 1 | AssignedBy: 9
2026-07-07 13:46:31.548 [main] INFO  c.i.i.s.TicketAssignmentService - ========================================
2026-07-07 13:46:31.548 [main] INFO  c.i.i.s.TicketAssignmentService - A atribuir técnico para ticket: Problema de rede
2026-07-07 13:46:31.548 [main] INFO  c.i.i.s.TicketAssignmentService - ========================================
2026-07-07 13:46:31.548 [main] DEBUG c.i.i.s.TicketAssignmentService - Total de técnicos na cache: 2
2026-07-07 13:46:31.549 [main] DEBUG c.i.i.s.TicketAssignmentService - Palavras-chave extraídas: [rede, intermitente, acesso, problema, internet]
2026-07-07 13:46:31.550 [main] DEBUG c.i.i.s.TicketAssignmentService -    Joao Tecnico | Competências: PostgreSQL, Servidores | Carga: 1
2026-07-07 13:46:31.550 [main] DEBUG c.i.i.s.TicketAssignmentService -    Maria Tecnico | Competências: Redes, Linux | Carga: 0
2026-07-07 13:46:31.551 [main] DEBUG c.i.i.s.TicketAssignmentService - Técnicos com competências relevantes: 1
2026-07-07 13:46:31.551 [main] DEBUG c.i.i.s.TicketAssignmentService - Dia atual: TUESDAY | Hora: 13:46:31.551830800
2026-07-07 13:46:31.573 [main] DEBUG c.i.i.s.TicketAssignmentService - Técnicos disponíveis (horário): 1
2026-07-07 13:46:31.574 [main] INFO  c.i.i.s.TicketAssignmentService - Técnico ESCOLHIDO: Maria Tecnico (carga atual: 0)
2026-07-07 13:46:31.574 [main] INFO  c.i.i.s.TicketAssignmentService - ========================================
2026-07-07 13:46:31.578 [main] INFO  c.i.i.s.TicketAssignmentService - ========================================
2026-07-07 13:46:31.578 [main] INFO  c.i.i.s.TicketAssignmentService - A atribuir técnico para ticket: Problema de impressora
2026-07-07 13:46:31.578 [main] INFO  c.i.i.s.TicketAssignmentService - ========================================
2026-07-07 13:46:31.578 [main] DEBUG c.i.i.s.TicketAssignmentService - Total de técnicos na cache: 2
2026-07-07 13:46:31.579 [main] DEBUG c.i.i.s.TicketAssignmentService - Palavras-chave extraídas: [imprime, problema, nao, impressora]
2026-07-07 13:46:31.579 [main] DEBUG c.i.i.s.TicketAssignmentService -    Joao Tecnico | Competências: Servidores, PostgreSQL | Carga: 0
2026-07-07 13:46:31.579 [main] DEBUG c.i.i.s.TicketAssignmentService -    Maria Tecnico | Competências: Redes, Linux | Carga: 0
2026-07-07 13:46:31.579 [main] DEBUG c.i.i.s.TicketAssignmentService - Técnicos com competências relevantes: 0
2026-07-07 13:46:31.579 [main] DEBUG c.i.i.s.TicketAssignmentService - Nenhum técnico com competências relevantes!
2026-07-07 13:46:31.583 [main] INFO  c.i.i.s.TicketAssignmentService - ========================================
2026-07-07 13:46:31.584 [main] INFO  c.i.i.s.TicketAssignmentService - A atribuir técnico para ticket: Problema de rede
2026-07-07 13:46:31.584 [main] INFO  c.i.i.s.TicketAssignmentService - ========================================
2026-07-07 13:46:31.584 [main] DEBUG c.i.i.s.TicketAssignmentService - Total de técnicos na cache: 0
2026-07-07 13:46:31.584 [main] DEBUG c.i.i.s.TicketAssignmentService - Nenhum técnico encontrado na cache! A recarregar...
2026-07-07 13:46:31.584 [main] DEBUG c.i.i.s.TicketAssignmentService - Após recarregar: 0 técnicos
2026-07-07 13:46:31.584 [main] DEBUG c.i.i.s.TicketAssignmentService - Continua sem técnicos! Verificar base de dados.
2026-07-07 13:46:31.587 [main] INFO  c.i.i.s.TicketAssignmentService - ========================================
2026-07-07 13:46:31.588 [main] INFO  c.i.i.s.TicketAssignmentService - A atribuir técnico para ticket: Problema de rede
2026-07-07 13:46:31.588 [main] INFO  c.i.i.s.TicketAssignmentService - ========================================
2026-07-07 13:46:31.588 [main] DEBUG c.i.i.s.TicketAssignmentService - Total de técnicos na cache: 2
2026-07-07 13:46:31.588 [main] DEBUG c.i.i.s.TicketAssignmentService - Palavras-chave extraídas: [rede, intermitente, acesso, problema, internet]
2026-07-07 13:46:31.588 [main] DEBUG c.i.i.s.TicketAssignmentService -    Joao Tecnico | Competências: Servidores, PostgreSQL | Carga: 0
2026-07-07 13:46:31.588 [main] DEBUG c.i.i.s.TicketAssignmentService -    Maria Tecnico | Competências: Redes, Linux | Carga: 0
2026-07-07 13:46:31.588 [main] DEBUG c.i.i.s.TicketAssignmentService - Técnicos com competências relevantes: 1
2026-07-07 13:46:31.588 [main] DEBUG c.i.i.s.TicketAssignmentService - Dia atual: TUESDAY | Hora: 13:46:31.588966600
2026-07-07 13:46:31.589 [main] DEBUG c.i.i.s.TicketAssignmentService - Técnicos disponíveis (horário): 1
2026-07-07 13:46:31.589 [main] INFO  c.i.i.s.TicketAssignmentService - Técnico ESCOLHIDO: Maria Tecnico (carga atual: 0)
2026-07-07 13:46:31.590 [main] INFO  c.i.i.s.TicketAssignmentService - ========================================
2026-07-07 13:46:31.645 [main] INFO  c.i.i.service.TicketService - AUDIT - Criação de ticket: Teste
2026-07-07 13:46:31.646 [main] INFO  c.i.i.service.TicketService - ✅ AUDIT - Ticket 1 atribuído ao técnico 1 (carga: 1)
2026-07-07 13:46:31.646 [main] INFO  c.i.i.service.TicketService - AUDIT - Ticket criado com ID: 1
2026-07-07 13:46:31.651 [main] INFO  c.i.i.service.TicketService - AUDIT - Criação de ticket: Teste
2026-07-07 13:46:31.652 [main] INFO  c.i.i.service.TicketService - ✅ AUDIT - Ticket 1 atribuído ao técnico 1 (carga: 1)
2026-07-07 13:46:31.653 [main] INFO  c.i.i.service.TicketService - AUDIT - Ticket criado com ID: 1
2026-07-07 13:46:31.657 [main] INFO  c.i.i.service.TicketService - AUDIT - Atualizando estado do ticket 1 para RESOLVIDO
2026-07-07 13:46:31.658 [main] INFO  c.i.i.service.TicketService - AUDIT - Carga do técnico 1 reduzida para 0
2026-07-07 13:46:31.658 [main] INFO  c.i.i.service.TicketService - AUDIT - Ticket 1 resolvido em 2026-07-07T13:46:31.658841800
2026-07-07 13:46:31.682 [main] INFO  c.i.i.service.UtilizadorService - Utilizador 9 removido com sucesso!
2026-07-07 13:46:31.723 [SpringApplicationShutdownHook] INFO  o.s.o.j.LocalContainerEntityManagerFactoryBean - Closing JPA EntityManagerFactory for persistence unit 'default'
2026-07-07 13:46:31.925 [SpringApplicationShutdownHook] INFO  com.zaxxer.hikari.HikariDataSource - HikariPool-1 - Shutdown initiated...
2026-07-07 13:46:31.928 [SpringApplicationShutdownHook] INFO  com.zaxxer.hikari.HikariDataSource - HikariPool-1 - Shutdown completed.
2026-07-07 13:47:02.258 [background-preinit] INFO  o.h.validator.internal.util.Version - HV000001: Hibernate Validator 8.0.3.Final
2026-07-07 13:47:02.359 [main] INFO  c.i.i.c.DashboardControllerTest - Starting DashboardControllerTest using Java 21.0.10 with PID 15424 (started by Usuario in C:\Users\Usuario\Documents\Tecnisign\UFCD 10790 – Projeto de Programação\incident-management)
2026-07-07 13:47:02.360 [main] DEBUG c.i.i.c.DashboardControllerTest - Running with Spring Boot v3.5.14, Spring v6.2.18
2026-07-07 13:47:02.360 [main] INFO  c.i.i.c.DashboardControllerTest - No active profile set, falling back to 1 default profile: "default"
2026-07-07 13:47:05.725 [main] INFO  c.i.i.s.f.JwtAuthenticationFilter - JwtAuthenticationFilter inicializado!
2026-07-07 13:47:05.906 [main] INFO  o.s.b.a.w.s.WelcomePageHandlerMapping - Adding welcome page: class path resource [static/index.html]
2026-07-07 13:47:06.306 [main] INFO  c.i.i.security.config.SecurityConfig - SecurityConfig inicializado!
2026-07-07 13:47:06.333 [main] INFO  o.s.s.c.a.a.c.InitializeUserDetailsBeanManagerConfigurer$InitializeUserDetailsManagerConfigurer - Global AuthenticationManager configured with UserDetailsService bean with name com.itsm.incidentmanagement.security.service.CustomUserDetailsService#0
2026-07-07 13:47:06.474 [main] INFO  c.i.i.security.config.SecurityConfig - Modo seguranÃ§a ativado (JWT + Web)
2026-07-07 13:47:06.593 [main] DEBUG o.s.s.web.DefaultSecurityFilterChain - Will secure any request with filters: DisableEncodeUrlFilter, WebAsyncManagerIntegrationFilter, SecurityContextHolderFilter, HeaderWriterFilter, CorsFilter, CsrfFilter, LogoutFilter, JwtAuthenticationFilter, UsernamePasswordAuthenticationFilter, RequestCacheAwareFilter, SecurityContextHolderAwareRequestFilter, AnonymousAuthenticationFilter, SessionManagementFilter, ExceptionTranslationFilter, AuthorizationFilter
2026-07-07 13:47:07.061 [main] DEBUG c.i.i.s.f.JwtAuthenticationFilter - Filter 'jwtAuthenticationFilter' configured for use
2026-07-07 13:47:07.072 [main] INFO  o.s.b.t.m.w.SpringBootMockServletContext - Initializing Spring TestDispatcherServlet ''
2026-07-07 13:47:07.073 [main] INFO  o.s.t.w.s.TestDispatcherServlet - Initializing Servlet ''
2026-07-07 13:47:07.074 [main] INFO  o.s.t.w.s.TestDispatcherServlet - Completed initialization in 1 ms
2026-07-07 13:47:07.125 [main] INFO  c.i.i.c.DashboardControllerTest - Started DashboardControllerTest in 5.647 seconds (process running for 7.639)
2026-07-07 13:47:07.294 [main] DEBUG o.s.s.w.c.HttpSessionSecurityContextRepository - Created HttpSession as SecurityContext is non-default
2026-07-07 13:47:07.296 [main] DEBUG o.s.s.w.c.HttpSessionSecurityContextRepository - Stored SecurityContextImpl [Authentication=UsernamePasswordAuthenticationToken [Principal=org.springframework.security.core.userdetails.User [Username=user, Password=[PROTECTED], Enabled=true, AccountNonExpired=true, CredentialsNonExpired=true, AccountNonLocked=true, Granted Authorities=[ROLE_ADMIN]], Credentials=[PROTECTED], Authenticated=true, Details=null, Granted Authorities=[ROLE_ADMIN]]] to HttpSession [org.springframework.mock.web.MockHttpSession@3ed6d7fb]
2026-07-07 13:47:07.336 [main] DEBUG o.s.security.web.FilterChainProxy - Securing GET /admin/tickets
2026-07-07 13:47:07.361 [main] DEBUG o.s.s.w.c.HttpSessionSecurityContextRepository - Retrieved SecurityContextImpl [Authentication=UsernamePasswordAuthenticationToken [Principal=org.springframework.security.core.userdetails.User [Username=user, Password=[PROTECTED], Enabled=true, AccountNonExpired=true, CredentialsNonExpired=true, AccountNonLocked=true, Granted Authorities=[ROLE_ADMIN]], Credentials=[PROTECTED], Authenticated=true, Details=null, Granted Authorities=[ROLE_ADMIN]]]
2026-07-07 13:47:07.363 [main] DEBUG o.s.security.web.FilterChainProxy - Secured GET /admin/tickets
2026-07-07 13:47:08.258 [main] DEBUG o.s.s.w.c.HttpSessionSecurityContextRepository - Created HttpSession as SecurityContext is non-default
2026-07-07 13:47:08.259 [main] DEBUG o.s.s.w.c.HttpSessionSecurityContextRepository - Stored SecurityContextImpl [Authentication=UsernamePasswordAuthenticationToken [Principal=org.springframework.security.core.userdetails.User [Username=user, Password=[PROTECTED], Enabled=true, AccountNonExpired=true, CredentialsNonExpired=true, AccountNonLocked=true, Granted Authorities=[ROLE_ADMIN]], Credentials=[PROTECTED], Authenticated=true, Details=null, Granted Authorities=[ROLE_ADMIN]]] to HttpSession [org.springframework.mock.web.MockHttpSession@56ed77b1]
2026-07-07 13:47:08.259 [main] DEBUG o.s.security.web.FilterChainProxy - Securing GET /admin/dashboard
2026-07-07 13:47:08.260 [main] DEBUG o.s.s.w.c.HttpSessionSecurityContextRepository - Retrieved SecurityContextImpl [Authentication=UsernamePasswordAuthenticationToken [Principal=org.springframework.security.core.userdetails.User [Username=user, Password=[PROTECTED], Enabled=true, AccountNonExpired=true, CredentialsNonExpired=true, AccountNonLocked=true, Granted Authorities=[ROLE_ADMIN]], Credentials=[PROTECTED], Authenticated=true, Details=null, Granted Authorities=[ROLE_ADMIN]]]
2026-07-07 13:47:08.261 [main] DEBUG o.s.security.web.FilterChainProxy - Secured GET /admin/dashboard
2026-07-07 13:47:08.320 [main] INFO  o.s.t.c.s.AnnotationConfigContextLoaderUtils - Could not detect default configuration classes for test class [com.itsm.incidentmanagement.controller.WebControllerTest]: WebControllerTest does not declare any static, non-private, non-final, nested classes annotated with @Configuration.
2026-07-07 13:47:08.354 [main] INFO  o.s.b.t.c.SpringBootTestContextBootstrapper - Found @SpringBootConfiguration com.itsm.incidentmanagement.IncidentManagementApplication for test class com.itsm.incidentmanagement.controller.WebControllerTest
2026-07-07 13:47:08.411 [main] INFO  c.i.i.controller.WebControllerTest - Starting WebControllerTest using Java 21.0.10 with PID 15424 (started by Usuario in C:\Users\Usuario\Documents\Tecnisign\UFCD 10790 – Projeto de Programação\incident-management)
2026-07-07 13:47:08.411 [main] DEBUG c.i.i.controller.WebControllerTest - Running with Spring Boot v3.5.14, Spring v6.2.18
2026-07-07 13:47:08.411 [main] INFO  c.i.i.controller.WebControllerTest - No active profile set, falling back to 1 default profile: "default"
2026-07-07 13:47:08.791 [main] INFO  c.i.i.controller.WebController - WebController carregado com sucesso
2026-07-07 13:47:08.793 [main] INFO  c.i.i.s.f.JwtAuthenticationFilter - JwtAuthenticationFilter inicializado!
2026-07-07 13:47:08.828 [main] INFO  o.s.b.a.w.s.WelcomePageHandlerMapping - Adding welcome page: class path resource [static/index.html]
2026-07-07 13:47:08.919 [main] INFO  c.i.i.security.config.SecurityConfig - SecurityConfig inicializado!
2026-07-07 13:47:08.928 [main] INFO  o.s.s.c.a.a.c.InitializeUserDetailsBeanManagerConfigurer$InitializeUserDetailsManagerConfigurer - Global AuthenticationManager configured with UserDetailsService bean with name com.itsm.incidentmanagement.security.service.CustomUserDetailsService#0
2026-07-07 13:47:08.929 [main] INFO  c.i.i.security.config.SecurityConfig - Modo seguranÃ§a ativado (JWT + Web)
2026-07-07 13:47:08.961 [main] DEBUG o.s.s.web.DefaultSecurityFilterChain - Will secure any request with filters: DisableEncodeUrlFilter, WebAsyncManagerIntegrationFilter, SecurityContextHolderFilter, HeaderWriterFilter, CorsFilter, CsrfFilter, LogoutFilter, JwtAuthenticationFilter, UsernamePasswordAuthenticationFilter, RequestCacheAwareFilter, SecurityContextHolderAwareRequestFilter, AnonymousAuthenticationFilter, SessionManagementFilter, ExceptionTranslationFilter, AuthorizationFilter
2026-07-07 13:47:09.035 [main] DEBUG c.i.i.s.f.JwtAuthenticationFilter - Filter 'jwtAuthenticationFilter' configured for use
2026-07-07 13:47:09.036 [main] INFO  o.s.b.t.m.w.SpringBootMockServletContext - Initializing Spring TestDispatcherServlet ''
2026-07-07 13:47:09.036 [main] INFO  o.s.t.w.s.TestDispatcherServlet - Initializing Servlet ''
2026-07-07 13:47:09.038 [main] INFO  o.s.t.w.s.TestDispatcherServlet - Completed initialization in 2 ms
2026-07-07 13:47:09.050 [main] INFO  c.i.i.controller.WebControllerTest - Started WebControllerTest in 0.688 seconds (process running for 9.566)
2026-07-07 13:47:09.063 [main] DEBUG o.s.s.w.c.HttpSessionSecurityContextRepository - Created HttpSession as SecurityContext is non-default
2026-07-07 13:47:09.064 [main] DEBUG o.s.s.w.c.HttpSessionSecurityContextRepository - Stored SecurityContextImpl [Authentication=UsernamePasswordAuthenticationToken [Principal=org.springframework.security.core.userdetails.User [Username=user, Password=[PROTECTED], Enabled=true, AccountNonExpired=true, CredentialsNonExpired=true, AccountNonLocked=true, Granted Authorities=[ROLE_ADMIN]], Credentials=[PROTECTED], Authenticated=true, Details=null, Granted Authorities=[ROLE_ADMIN]]] to HttpSession [org.springframework.mock.web.MockHttpSession@7d83321a]
2026-07-07 13:47:09.065 [main] DEBUG o.s.security.web.FilterChainProxy - Securing GET /admin/users/new
2026-07-07 13:47:09.066 [main] DEBUG o.s.s.w.c.HttpSessionSecurityContextRepository - Retrieved SecurityContextImpl [Authentication=UsernamePasswordAuthenticationToken [Principal=org.springframework.security.core.userdetails.User [Username=user, Password=[PROTECTED], Enabled=true, AccountNonExpired=true, CredentialsNonExpired=true, AccountNonLocked=true, Granted Authorities=[ROLE_ADMIN]], Credentials=[PROTECTED], Authenticated=true, Details=null, Granted Authorities=[ROLE_ADMIN]]]
2026-07-07 13:47:09.066 [main] DEBUG o.s.security.web.FilterChainProxy - Secured GET /admin/users/new
2026-07-07 13:47:09.203 [main] DEBUG o.s.s.w.c.HttpSessionSecurityContextRepository - Created HttpSession as SecurityContext is non-default
2026-07-07 13:47:09.204 [main] DEBUG o.s.s.w.c.HttpSessionSecurityContextRepository - Stored SecurityContextImpl [Authentication=UsernamePasswordAuthenticationToken [Principal=org.springframework.security.core.userdetails.User [Username=user, Password=[PROTECTED], Enabled=true, AccountNonExpired=true, CredentialsNonExpired=true, AccountNonLocked=true, Granted Authorities=[ROLE_ADMIN]], Credentials=[PROTECTED], Authenticated=true, Details=null, Granted Authorities=[ROLE_ADMIN]]] to HttpSession [org.springframework.mock.web.MockHttpSession@3644ae12]
2026-07-07 13:47:09.205 [main] DEBUG o.s.security.web.FilterChainProxy - Securing GET /admin/users/edit/1
2026-07-07 13:47:09.206 [main] DEBUG o.s.s.w.c.HttpSessionSecurityContextRepository - Retrieved SecurityContextImpl [Authentication=UsernamePasswordAuthenticationToken [Principal=org.springframework.security.core.userdetails.User [Username=user, Password=[PROTECTED], Enabled=true, AccountNonExpired=true, CredentialsNonExpired=true, AccountNonLocked=true, Granted Authorities=[ROLE_ADMIN]], Credentials=[PROTECTED], Authenticated=true, Details=null, Granted Authorities=[ROLE_ADMIN]]]
2026-07-07 13:47:09.206 [main] DEBUG o.s.security.web.FilterChainProxy - Secured GET /admin/users/edit/1
2026-07-07 13:47:09.243 [main] DEBUG o.s.s.w.c.HttpSessionSecurityContextRepository - Created HttpSession as SecurityContext is non-default
2026-07-07 13:47:09.243 [main] DEBUG o.s.s.w.c.HttpSessionSecurityContextRepository - Stored SecurityContextImpl [Authentication=UsernamePasswordAuthenticationToken [Principal=org.springframework.security.core.userdetails.User [Username=user, Password=[PROTECTED], Enabled=true, AccountNonExpired=true, CredentialsNonExpired=true, AccountNonLocked=true, Granted Authorities=[ROLE_ADMIN]], Credentials=[PROTECTED], Authenticated=true, Details=null, Granted Authorities=[ROLE_ADMIN]]] to HttpSession [org.springframework.mock.web.MockHttpSession@79b0128d]
2026-07-07 13:47:09.245 [main] DEBUG o.s.security.web.FilterChainProxy - Securing GET /admin/tickets/new
2026-07-07 13:47:09.245 [main] DEBUG o.s.s.w.c.HttpSessionSecurityContextRepository - Retrieved SecurityContextImpl [Authentication=UsernamePasswordAuthenticationToken [Principal=org.springframework.security.core.userdetails.User [Username=user, Password=[PROTECTED], Enabled=true, AccountNonExpired=true, CredentialsNonExpired=true, AccountNonLocked=true, Granted Authorities=[ROLE_ADMIN]], Credentials=[PROTECTED], Authenticated=true, Details=null, Granted Authorities=[ROLE_ADMIN]]]
2026-07-07 13:47:09.246 [main] DEBUG o.s.security.web.FilterChainProxy - Secured GET /admin/tickets/new
2026-07-07 13:47:09.280 [main] DEBUG o.s.s.w.c.HttpSessionSecurityContextRepository - Created HttpSession as SecurityContext is non-default
2026-07-07 13:47:09.280 [main] DEBUG o.s.s.w.c.HttpSessionSecurityContextRepository - Stored SecurityContextImpl [Authentication=UsernamePasswordAuthenticationToken [Principal=org.springframework.security.core.userdetails.User [Username=user, Password=[PROTECTED], Enabled=true, AccountNonExpired=true, CredentialsNonExpired=true, AccountNonLocked=true, Granted Authorities=[ROLE_ADMIN]], Credentials=[PROTECTED], Authenticated=true, Details=null, Granted Authorities=[ROLE_ADMIN]]] to HttpSession [org.springframework.mock.web.MockHttpSession@3f8d5d43]
2026-07-07 13:47:09.281 [main] DEBUG o.s.security.web.FilterChainProxy - Securing GET /admin/tickets/edit/1
2026-07-07 13:47:09.282 [main] DEBUG o.s.s.w.c.HttpSessionSecurityContextRepository - Retrieved SecurityContextImpl [Authentication=UsernamePasswordAuthenticationToken [Principal=org.springframework.security.core.userdetails.User [Username=user, Password=[PROTECTED], Enabled=true, AccountNonExpired=true, CredentialsNonExpired=true, AccountNonLocked=true, Granted Authorities=[ROLE_ADMIN]], Credentials=[PROTECTED], Authenticated=true, Details=null, Granted Authorities=[ROLE_ADMIN]]]
2026-07-07 13:47:09.282 [main] DEBUG o.s.security.web.FilterChainProxy - Secured GET /admin/tickets/edit/1
2026-07-07 13:47:09.323 [main] DEBUG o.s.s.w.c.HttpSessionSecurityContextRepository - Created HttpSession as SecurityContext is non-default
2026-07-07 13:47:09.324 [main] DEBUG o.s.s.w.c.HttpSessionSecurityContextRepository - Stored SecurityContextImpl [Authentication=UsernamePasswordAuthenticationToken [Principal=org.springframework.security.core.userdetails.User [Username=user, Password=[PROTECTED], Enabled=true, AccountNonExpired=true, CredentialsNonExpired=true, AccountNonLocked=true, Granted Authorities=[ROLE_ADMIN]], Credentials=[PROTECTED], Authenticated=true, Details=null, Granted Authorities=[ROLE_ADMIN]]] to HttpSession [org.springframework.mock.web.MockHttpSession@323e5176]
2026-07-07 13:47:09.325 [main] DEBUG o.s.security.web.FilterChainProxy - Securing GET /admin/users/delete/1
2026-07-07 13:47:09.327 [main] DEBUG o.s.s.w.c.HttpSessionSecurityContextRepository - Retrieved SecurityContextImpl [Authentication=UsernamePasswordAuthenticationToken [Principal=org.springframework.security.core.userdetails.User [Username=user, Password=[PROTECTED], Enabled=true, AccountNonExpired=true, CredentialsNonExpired=true, AccountNonLocked=true, Granted Authorities=[ROLE_ADMIN]], Credentials=[PROTECTED], Authenticated=true, Details=null, Granted Authorities=[ROLE_ADMIN]]]
2026-07-07 13:47:09.327 [main] DEBUG o.s.security.web.FilterChainProxy - Secured GET /admin/users/delete/1
2026-07-07 13:47:09.346 [main] DEBUG o.s.s.w.c.HttpSessionSecurityContextRepository - Created HttpSession as SecurityContext is non-default
2026-07-07 13:47:09.347 [main] DEBUG o.s.s.w.c.HttpSessionSecurityContextRepository - Stored SecurityContextImpl [Authentication=UsernamePasswordAuthenticationToken [Principal=org.springframework.security.core.userdetails.User [Username=user, Password=[PROTECTED], Enabled=true, AccountNonExpired=true, CredentialsNonExpired=true, AccountNonLocked=true, Granted Authorities=[ROLE_ADMIN]], Credentials=[PROTECTED], Authenticated=true, Details=null, Granted Authorities=[ROLE_ADMIN]]] to HttpSession [org.springframework.mock.web.MockHttpSession@3bec3641]
2026-07-07 13:47:09.348 [main] DEBUG o.s.security.web.FilterChainProxy - Securing GET /admin/technicians/new
2026-07-07 13:47:09.348 [main] DEBUG o.s.s.w.c.HttpSessionSecurityContextRepository - Retrieved SecurityContextImpl [Authentication=UsernamePasswordAuthenticationToken [Principal=org.springframework.security.core.userdetails.User [Username=user, Password=[PROTECTED], Enabled=true, AccountNonExpired=true, CredentialsNonExpired=true, AccountNonLocked=true, Granted Authorities=[ROLE_ADMIN]], Credentials=[PROTECTED], Authenticated=true, Details=null, Granted Authorities=[ROLE_ADMIN]]]
2026-07-07 13:47:09.348 [main] DEBUG o.s.security.web.FilterChainProxy - Secured GET /admin/technicians/new
2026-07-07 13:47:09.372 [main] DEBUG o.s.s.w.c.HttpSessionSecurityContextRepository - Created HttpSession as SecurityContext is non-default
2026-07-07 13:47:09.373 [main] DEBUG o.s.s.w.c.HttpSessionSecurityContextRepository - Stored SecurityContextImpl [Authentication=UsernamePasswordAuthenticationToken [Principal=org.springframework.security.core.userdetails.User [Username=user, Password=[PROTECTED], Enabled=true, AccountNonExpired=true, CredentialsNonExpired=true, AccountNonLocked=true, Granted Authorities=[ROLE_ADMIN]], Credentials=[PROTECTED], Authenticated=true, Details=null, Granted Authorities=[ROLE_ADMIN]]] to HttpSession [org.springframework.mock.web.MockHttpSession@61be6b03]
2026-07-07 13:47:09.373 [main] DEBUG o.s.security.web.FilterChainProxy - Securing GET /admin/technicians
2026-07-07 13:47:09.374 [main] DEBUG o.s.s.w.c.HttpSessionSecurityContextRepository - Retrieved SecurityContextImpl [Authentication=UsernamePasswordAuthenticationToken [Principal=org.springframework.security.core.userdetails.User [Username=user, Password=[PROTECTED], Enabled=true, AccountNonExpired=true, CredentialsNonExpired=true, AccountNonLocked=true, Granted Authorities=[ROLE_ADMIN]], Credentials=[PROTECTED], Authenticated=true, Details=null, Granted Authorities=[ROLE_ADMIN]]]
2026-07-07 13:47:09.374 [main] DEBUG o.s.security.web.FilterChainProxy - Secured GET /admin/technicians
2026-07-07 13:47:09.409 [main] DEBUG o.s.security.web.FilterChainProxy - Securing GET /
2026-07-07 13:47:09.410 [main] DEBUG o.s.s.w.a.AnonymousAuthenticationFilter - Set SecurityContextHolder to anonymous SecurityContext
2026-07-07 13:47:09.411 [main] DEBUG o.s.security.web.FilterChainProxy - Secured GET /
2026-07-07 13:47:09.424 [main] DEBUG o.s.s.w.c.HttpSessionSecurityContextRepository - Created HttpSession as SecurityContext is non-default
2026-07-07 13:47:09.424 [main] DEBUG o.s.s.w.c.HttpSessionSecurityContextRepository - Stored SecurityContextImpl [Authentication=UsernamePasswordAuthenticationToken [Principal=org.springframework.security.core.userdetails.User [Username=user, Password=[PROTECTED], Enabled=true, AccountNonExpired=true, CredentialsNonExpired=true, AccountNonLocked=true, Granted Authorities=[ROLE_ADMIN]], Credentials=[PROTECTED], Authenticated=true, Details=null, Granted Authorities=[ROLE_ADMIN]]] to HttpSession [org.springframework.mock.web.MockHttpSession@448d4d6b]
2026-07-07 13:47:09.425 [main] DEBUG o.s.security.web.FilterChainProxy - Securing GET /admin/technicians/delete/1
2026-07-07 13:47:09.426 [main] DEBUG o.s.s.w.c.HttpSessionSecurityContextRepository - Retrieved SecurityContextImpl [Authentication=UsernamePasswordAuthenticationToken [Principal=org.springframework.security.core.userdetails.User [Username=user, Password=[PROTECTED], Enabled=true, AccountNonExpired=true, CredentialsNonExpired=true, AccountNonLocked=true, Granted Authorities=[ROLE_ADMIN]], Credentials=[PROTECTED], Authenticated=true, Details=null, Granted Authorities=[ROLE_ADMIN]]]
2026-07-07 13:47:09.426 [main] DEBUG o.s.security.web.FilterChainProxy - Secured GET /admin/technicians/delete/1
2026-07-07 13:47:09.440 [main] DEBUG o.s.s.w.c.HttpSessionSecurityContextRepository - Created HttpSession as SecurityContext is non-default
2026-07-07 13:47:09.440 [main] DEBUG o.s.s.w.c.HttpSessionSecurityContextRepository - Stored SecurityContextImpl [Authentication=UsernamePasswordAuthenticationToken [Principal=org.springframework.security.core.userdetails.User [Username=user, Password=[PROTECTED], Enabled=true, AccountNonExpired=true, CredentialsNonExpired=true, AccountNonLocked=true, Granted Authorities=[ROLE_ADMIN]], Credentials=[PROTECTED], Authenticated=true, Details=null, Granted Authorities=[ROLE_ADMIN]]] to HttpSession [org.springframework.mock.web.MockHttpSession@39e17209]
2026-07-07 13:47:09.441 [main] DEBUG o.s.security.web.FilterChainProxy - Securing GET /admin/users
2026-07-07 13:47:09.442 [main] DEBUG o.s.s.w.c.HttpSessionSecurityContextRepository - Retrieved SecurityContextImpl [Authentication=UsernamePasswordAuthenticationToken [Principal=org.springframework.security.core.userdetails.User [Username=user, Password=[PROTECTED], Enabled=true, AccountNonExpired=true, CredentialsNonExpired=true, AccountNonLocked=true, Granted Authorities=[ROLE_ADMIN]], Credentials=[PROTECTED], Authenticated=true, Details=null, Granted Authorities=[ROLE_ADMIN]]]
2026-07-07 13:47:09.442 [main] DEBUG o.s.security.web.FilterChainProxy - Secured GET /admin/users
2026-07-07 13:47:09.476 [main] INFO  o.s.t.c.s.AnnotationConfigContextLoaderUtils - Could not detect default configuration classes for test class [com.itsm.incidentmanagement.IncidentManagementApplicationTests]: IncidentManagementApplicationTests does not declare any static, non-private, non-final, nested classes annotated with @Configuration.
2026-07-07 13:47:09.495 [main] INFO  o.s.b.t.c.SpringBootTestContextBootstrapper - Found @SpringBootConfiguration com.itsm.incidentmanagement.IncidentManagementApplication for test class com.itsm.incidentmanagement.IncidentManagementApplicationTests
2026-07-07 13:47:09.534 [main] INFO  c.i.i.IncidentManagementApplicationTests - Starting IncidentManagementApplicationTests using Java 21.0.10 with PID 15424 (started by Usuario in C:\Users\Usuario\Documents\Tecnisign\UFCD 10790 – Projeto de Programação\incident-management)
2026-07-07 13:47:09.534 [main] DEBUG c.i.i.IncidentManagementApplicationTests - Running with Spring Boot v3.5.14, Spring v6.2.18
2026-07-07 13:47:09.536 [main] INFO  c.i.i.IncidentManagementApplicationTests - No active profile set, falling back to 1 default profile: "default"
2026-07-07 13:47:10.738 [main] INFO  o.s.d.r.c.RepositoryConfigurationDelegate - Bootstrapping Spring Data JPA repositories in DEFAULT mode.
2026-07-07 13:47:10.831 [main] INFO  o.s.d.r.c.RepositoryConfigurationDelegate - Finished Spring Data repository scanning in 75 ms. Found 5 JPA repository interfaces.
2026-07-07 13:47:11.343 [main] INFO  o.h.jpa.internal.util.LogHelper - HHH000204: Processing PersistenceUnitInfo [name: default]
2026-07-07 13:47:11.452 [main] INFO  org.hibernate.Version - HHH000412: Hibernate ORM core version 6.6.49.Final
2026-07-07 13:47:11.514 [main] INFO  o.h.c.i.RegionFactoryInitiator - HHH000026: Second-level cache disabled
2026-07-07 13:47:11.798 [main] INFO  o.s.o.j.p.SpringPersistenceUnitInfo - No LoadTimeWeaver setup: ignoring JPA class transformer
2026-07-07 13:47:11.860 [main] INFO  com.zaxxer.hikari.HikariDataSource - HikariPool-1 - Starting...
2026-07-07 13:47:12.089 [main] INFO  com.zaxxer.hikari.pool.HikariPool - HikariPool-1 - Added connection org.postgresql.jdbc.PgConnection@62c3b8ca
2026-07-07 13:47:12.093 [main] INFO  com.zaxxer.hikari.HikariDataSource - HikariPool-1 - Start completed.
2026-07-07 13:47:12.154 [main] WARN  org.hibernate.orm.deprecation - HHH90000025: PostgreSQLDialect does not need to be specified explicitly using 'hibernate.dialect' (remove the property setting and it will be selected by default)
2026-07-07 13:47:12.204 [main] INFO  o.hibernate.orm.connections.pooling - HHH10001005: Database info:
	Database JDBC URL [Connecting through datasource 'HikariDataSource (HikariPool-1)']
	Database driver: undefined/unknown
	Database version: 15.18
	Autocommit mode: undefined/unknown
	Isolation level: undefined/unknown
	Minimum pool size: undefined/unknown
	Maximum pool size: undefined/unknown
2026-07-07 13:47:13.928 [main] INFO  o.h.e.t.j.p.i.JtaPlatformInitiator - HHH000489: No JTA platform available (set 'hibernate.transaction.jta.platform' to enable JTA platform integration)
2026-07-07 13:47:14.086 [main] INFO  o.s.o.j.LocalContainerEntityManagerFactoryBean - Initialized JPA EntityManagerFactory for persistence unit 'default'
2026-07-07 13:47:14.621 [main] INFO  c.i.i.s.s.CustomUserDetailsService - CustomUserDetailsService inicializado!
2026-07-07 13:47:14.622 [main] INFO  c.i.i.s.f.JwtAuthenticationFilter - JwtAuthenticationFilter inicializado!
2026-07-07 13:47:14.624 [main] INFO  c.i.i.security.config.SecurityConfig - SecurityConfig inicializado!
2026-07-07 13:47:14.624 [main] DEBUG c.i.i.security.config.SecurityConfig - PasswordEncoder BCrypt criado
2026-07-07 13:47:14.626 [main] INFO  c.i.i.controller.ApiAuthController - ApiAuthController inicializado
2026-07-07 13:47:14.653 [main] INFO  c.i.i.c.CompetenciaWebController - CompetenciaWebController inicializado
2026-07-07 13:47:14.821 [main] DEBUG org.hibernate.SQL - 
    select
        t1_0.id,
        t1_0.carga_trabalho_atual,
        t1_0.disponibilidade,
        t1_0.utilizador_id 
    from
        tecnico t1_0
2026-07-07 13:47:14.872 [main] DEBUG org.hibernate.SQL - 
    select
        u1_0.id,
        u1_0.created_at,
        u1_0.email,
        u1_0.nome,
        u1_0.password_hash,
        u1_0.role,
        u1_0.username 
    from
        utilizador u1_0 
    where
        u1_0.id=?
2026-07-07 13:47:14.885 [main] DEBUG org.hibernate.SQL - 
    select
        u1_0.id,
        u1_0.created_at,
        u1_0.email,
        u1_0.nome,
        u1_0.password_hash,
        u1_0.role,
        u1_0.username 
    from
        utilizador u1_0 
    where
        u1_0.id=?
2026-07-07 13:47:14.889 [main] DEBUG org.hibernate.SQL - 
    select
        c1_0.tecnico_id,
        c1_1.id,
        c1_1.nome 
    from
        tecnico_competencia c1_0 
    join
        competencia c1_1 
            on c1_1.id=c1_0.competencia_id 
    where
        c1_0.tecnico_id=?
2026-07-07 13:47:14.894 [main] DEBUG org.hibernate.SQL - 
    select
        c1_0.tecnico_id,
        c1_1.id,
        c1_1.nome 
    from
        tecnico_competencia c1_0 
    join
        competencia c1_1 
            on c1_1.id=c1_0.competencia_id 
    where
        c1_0.tecnico_id=?
2026-07-07 13:47:14.970 [main] INFO  c.i.i.service.CacheService -    Técnico carregado: Joao Tecnico | Competências: 8
2026-07-07 13:47:14.970 [main] INFO  c.i.i.service.CacheService -    Técnico carregado: Carlos Soares | Competências: 7
2026-07-07 13:47:14.973 [main] DEBUG org.hibernate.SQL - 
    select
        t1_0.id,
        t1_0.aberto_por_id,
        t1_0.ativo_id,
        t1_0.data_abertura,
        t1_0.data_fecho,
        t1_0.descricao,
        t1_0.estado,
        t1_0.prioridade,
        t1_0.tecnico_id,
        t1_0.tipo,
        t1_0.titulo 
    from
        ticket t1_0
2026-07-07 13:47:14.976 [main] DEBUG org.hibernate.SQL - 
    select
        u1_0.id,
        u1_0.created_at,
        u1_0.email,
        u1_0.nome,
        u1_0.password_hash,
        u1_0.role,
        u1_0.username 
    from
        utilizador u1_0 
    where
        u1_0.id=?
2026-07-07 13:47:14.977 [main] DEBUG org.hibernate.SQL - 
    select
        t1_0.id,
        t1_0.carga_trabalho_atual,
        c1_0.tecnico_id,
        c1_1.id,
        c1_1.nome,
        t1_0.disponibilidade,
        t1_0.utilizador_id,
        u1_0.id,
        u1_0.created_at,
        u1_0.email,
        u1_0.nome,
        u1_0.password_hash,
        u1_0.role,
        u1_0.username 
    from
        tecnico t1_0 
    left join
        tecnico_competencia c1_0 
            on t1_0.id=c1_0.tecnico_id 
    left join
        competencia c1_1 
            on c1_1.id=c1_0.competencia_id 
    join
        utilizador u1_0 
            on u1_0.id=t1_0.utilizador_id 
    where
        t1_0.id=?
2026-07-07 13:47:14.984 [main] DEBUG org.hibernate.SQL - 
    select
        u1_0.id,
        u1_0.created_at,
        u1_0.email,
        u1_0.nome,
        u1_0.password_hash,
        u1_0.role,
        u1_0.username 
    from
        utilizador u1_0 
    where
        u1_0.id=?
2026-07-07 13:47:14.986 [main] DEBUG org.hibernate.SQL - 
    select
        t1_0.id,
        t1_0.carga_trabalho_atual,
        c1_0.tecnico_id,
        c1_1.id,
        c1_1.nome,
        t1_0.disponibilidade,
        t1_0.utilizador_id,
        u1_0.id,
        u1_0.created_at,
        u1_0.email,
        u1_0.nome,
        u1_0.password_hash,
        u1_0.role,
        u1_0.username 
    from
        tecnico t1_0 
    left join
        tecnico_competencia c1_0 
            on t1_0.id=c1_0.tecnico_id 
    left join
        competencia c1_1 
            on c1_1.id=c1_0.competencia_id 
    join
        utilizador u1_0 
            on u1_0.id=t1_0.utilizador_id 
    where
        t1_0.id=?
2026-07-07 13:47:14.992 [main] INFO  c.i.i.service.CacheService - Cache carregado: 2 técnicos, 12 tickets
2026-07-07 13:47:15.023 [main] INFO  c.i.i.controller.WebController - WebController carregado com sucesso
2026-07-07 13:47:15.335 [main] INFO  o.s.b.a.e.web.EndpointLinksResolver - Exposing 3 endpoints beneath base path '/actuator'
2026-07-07 13:47:15.365 [main] WARN  o.s.b.a.o.j.JpaBaseConfiguration$JpaWebConfiguration - spring.jpa.open-in-view is enabled by default. Therefore, database queries may be performed during view rendering. Explicitly configure spring.jpa.open-in-view to disable this warning
2026-07-07 13:47:15.376 [main] INFO  o.s.b.a.w.s.WelcomePageHandlerMapping - Adding welcome page: class path resource [static/index.html]
2026-07-07 13:47:15.497 [main] INFO  o.s.s.c.a.a.c.InitializeUserDetailsBeanManagerConfigurer$InitializeUserDetailsManagerConfigurer - Global AuthenticationManager configured with UserDetailsService bean with name customUserDetailsService
2026-07-07 13:47:15.500 [main] INFO  c.i.i.security.config.SecurityConfig - Modo seguranÃ§a ativado (JWT + Web)
2026-07-07 13:47:15.552 [main] DEBUG o.s.s.web.DefaultSecurityFilterChain - Will secure any request with filters: DisableEncodeUrlFilter, WebAsyncManagerIntegrationFilter, SecurityContextHolderFilter, HeaderWriterFilter, CorsFilter, CsrfFilter, LogoutFilter, JwtAuthenticationFilter, UsernamePasswordAuthenticationFilter, RequestCacheAwareFilter, SecurityContextHolderAwareRequestFilter, AnonymousAuthenticationFilter, SessionManagementFilter, ExceptionTranslationFilter, AuthorizationFilter
2026-07-07 13:47:15.987 [main] INFO  c.i.i.IncidentManagementApplicationTests - Started IncidentManagementApplicationTests in 6.482 seconds (process running for 16.501)
2026-07-07 13:47:16.145 [main] INFO  AUDIT - TICKET_CREATE | TicketId: 1 | Titulo: Problema de rede | UserId: 9 | Status: ABERTO
2026-07-07 13:47:16.156 [main] ERROR AUDIT - ERROR | Operation: ATRIBUICAO | Message: Erro ao atribuir | Details: Detalhes do erro
2026-07-07 13:47:16.160 [main] INFO  AUDIT - LOGIN | Username: admin | Success: true | IP: 127.0.0.1
2026-07-07 13:47:16.164 [main] INFO  AUDIT - TICKET_STATE_CHANGE | TicketId: 1 | OldState: ABERTO | NewState: EM_CURSO | UserId: 9
2026-07-07 13:47:16.167 [main] INFO  AUDIT - TICKET_ASSIGN | TicketId: 1 | TecnicoId: 1 | AssignedBy: 9
2026-07-07 13:47:16.645 [main] INFO  c.i.i.s.TicketAssignmentService - ========================================
2026-07-07 13:47:16.646 [main] INFO  c.i.i.s.TicketAssignmentService - A atribuir técnico para ticket: Problema de rede
2026-07-07 13:47:16.646 [main] INFO  c.i.i.s.TicketAssignmentService - ========================================
2026-07-07 13:47:16.646 [main] DEBUG c.i.i.s.TicketAssignmentService - Total de técnicos na cache: 2
2026-07-07 13:47:16.647 [main] DEBUG c.i.i.s.TicketAssignmentService - Palavras-chave extraídas: [rede, intermitente, acesso, problema, internet]
2026-07-07 13:47:16.648 [main] DEBUG c.i.i.s.TicketAssignmentService -    Joao Tecnico | Competências: Servidores, PostgreSQL | Carga: 1
2026-07-07 13:47:16.648 [main] DEBUG c.i.i.s.TicketAssignmentService -    Maria Tecnico | Competências: Redes, Linux | Carga: 0
2026-07-07 13:47:16.649 [main] DEBUG c.i.i.s.TicketAssignmentService - Técnicos com competências relevantes: 1
2026-07-07 13:47:16.649 [main] DEBUG c.i.i.s.TicketAssignmentService - Dia atual: TUESDAY | Hora: 13:47:16.649549600
2026-07-07 13:47:16.670 [main] DEBUG c.i.i.s.TicketAssignmentService - Técnicos disponíveis (horário): 1
2026-07-07 13:47:16.671 [main] INFO  c.i.i.s.TicketAssignmentService - Técnico ESCOLHIDO: Maria Tecnico (carga atual: 0)
2026-07-07 13:47:16.672 [main] INFO  c.i.i.s.TicketAssignmentService - ========================================
2026-07-07 13:47:16.676 [main] INFO  c.i.i.s.TicketAssignmentService - ========================================
2026-07-07 13:47:16.676 [main] INFO  c.i.i.s.TicketAssignmentService - A atribuir técnico para ticket: Problema de impressora
2026-07-07 13:47:16.676 [main] INFO  c.i.i.s.TicketAssignmentService - ========================================
2026-07-07 13:47:16.676 [main] DEBUG c.i.i.s.TicketAssignmentService - Total de técnicos na cache: 2
2026-07-07 13:47:16.677 [main] DEBUG c.i.i.s.TicketAssignmentService - Palavras-chave extraídas: [imprime, problema, nao, impressora]
2026-07-07 13:47:16.677 [main] DEBUG c.i.i.s.TicketAssignmentService -    Joao Tecnico | Competências: PostgreSQL, Servidores | Carga: 0
2026-07-07 13:47:16.677 [main] DEBUG c.i.i.s.TicketAssignmentService -    Maria Tecnico | Competências: Redes, Linux | Carga: 0
2026-07-07 13:47:16.677 [main] DEBUG c.i.i.s.TicketAssignmentService - Técnicos com competências relevantes: 0
2026-07-07 13:47:16.677 [main] DEBUG c.i.i.s.TicketAssignmentService - Nenhum técnico com competências relevantes!
2026-07-07 13:47:16.681 [main] INFO  c.i.i.s.TicketAssignmentService - ========================================
2026-07-07 13:47:16.682 [main] INFO  c.i.i.s.TicketAssignmentService - A atribuir técnico para ticket: Problema de rede
2026-07-07 13:47:16.682 [main] INFO  c.i.i.s.TicketAssignmentService - ========================================
2026-07-07 13:47:16.682 [main] DEBUG c.i.i.s.TicketAssignmentService - Total de técnicos na cache: 0
2026-07-07 13:47:16.682 [main] DEBUG c.i.i.s.TicketAssignmentService - Nenhum técnico encontrado na cache! A recarregar...
2026-07-07 13:47:16.683 [main] DEBUG c.i.i.s.TicketAssignmentService - Após recarregar: 0 técnicos
2026-07-07 13:47:16.683 [main] DEBUG c.i.i.s.TicketAssignmentService - Continua sem técnicos! Verificar base de dados.
2026-07-07 13:47:16.686 [main] INFO  c.i.i.s.TicketAssignmentService - ========================================
2026-07-07 13:47:16.686 [main] INFO  c.i.i.s.TicketAssignmentService - A atribuir técnico para ticket: Problema de rede
2026-07-07 13:47:16.686 [main] INFO  c.i.i.s.TicketAssignmentService - ========================================
2026-07-07 13:47:16.686 [main] DEBUG c.i.i.s.TicketAssignmentService - Total de técnicos na cache: 2
2026-07-07 13:47:16.686 [main] DEBUG c.i.i.s.TicketAssignmentService - Palavras-chave extraídas: [rede, intermitente, acesso, problema, internet]
2026-07-07 13:47:16.686 [main] DEBUG c.i.i.s.TicketAssignmentService -    Joao Tecnico | Competências: Servidores, PostgreSQL | Carga: 0
2026-07-07 13:47:16.686 [main] DEBUG c.i.i.s.TicketAssignmentService -    Maria Tecnico | Competências: Redes, Linux | Carga: 0
2026-07-07 13:47:16.686 [main] DEBUG c.i.i.s.TicketAssignmentService - Técnicos com competências relevantes: 1
2026-07-07 13:47:16.686 [main] DEBUG c.i.i.s.TicketAssignmentService - Dia atual: TUESDAY | Hora: 13:47:16.686938600
2026-07-07 13:47:16.687 [main] DEBUG c.i.i.s.TicketAssignmentService - Técnicos disponíveis (horário): 1
2026-07-07 13:47:16.688 [main] INFO  c.i.i.s.TicketAssignmentService - Técnico ESCOLHIDO: Maria Tecnico (carga atual: 0)
2026-07-07 13:47:16.688 [main] INFO  c.i.i.s.TicketAssignmentService - ========================================
2026-07-07 13:47:16.744 [main] INFO  c.i.i.service.TicketService - AUDIT - Criação de ticket: Teste
2026-07-07 13:47:16.744 [main] INFO  c.i.i.service.TicketService - ✅ AUDIT - Ticket 1 atribuído ao técnico 1 (carga: 1)
2026-07-07 13:47:16.745 [main] INFO  c.i.i.service.TicketService - AUDIT - Ticket criado com ID: 1
2026-07-07 13:47:16.749 [main] INFO  c.i.i.service.TicketService - AUDIT - Criação de ticket: Teste
2026-07-07 13:47:16.750 [main] INFO  c.i.i.service.TicketService - ✅ AUDIT - Ticket 1 atribuído ao técnico 1 (carga: 1)
2026-07-07 13:47:16.751 [main] INFO  c.i.i.service.TicketService - AUDIT - Ticket criado com ID: 1
2026-07-07 13:47:16.755 [main] INFO  c.i.i.service.TicketService - AUDIT - Atualizando estado do ticket 1 para RESOLVIDO
2026-07-07 13:47:16.756 [main] INFO  c.i.i.service.TicketService - AUDIT - Carga do técnico 1 reduzida para 0
2026-07-07 13:47:16.756 [main] INFO  c.i.i.service.TicketService - AUDIT - Ticket 1 resolvido em 2026-07-07T13:47:16.756265600
2026-07-07 13:47:16.777 [main] INFO  c.i.i.service.UtilizadorService - Utilizador 9 removido com sucesso!
2026-07-07 13:47:16.822 [SpringApplicationShutdownHook] INFO  o.s.o.j.LocalContainerEntityManagerFactoryBean - Closing JPA EntityManagerFactory for persistence unit 'default'
2026-07-07 13:47:17.076 [SpringApplicationShutdownHook] INFO  com.zaxxer.hikari.HikariDataSource - HikariPool-1 - Shutdown initiated...
2026-07-07 13:47:17.080 [SpringApplicationShutdownHook] INFO  com.zaxxer.hikari.HikariDataSource - HikariPool-1 - Shutdown completed.
