2026-06-30 16:32:44.145 [background-preinit] INFO  o.h.validator.internal.util.Version - HV000001: Hibernate Validator 8.0.3.Final
2026-06-30 16:32:44.200 [main] INFO  c.i.i.IncidentManagementApplication - Starting IncidentManagementApplication using Java 21.0.10 with PID 9300 (C:\Users\Usuario\Documents\Tecnisign\UFCD 10790 – Projeto de Programação\incident-management\target\classes started by Usuario in C:\Users\Usuario\Documents\Tecnisign\UFCD 10790 – Projeto de Programação\incident-management)
2026-06-30 16:32:44.201 [main] DEBUG c.i.i.IncidentManagementApplication - Running with Spring Boot v3.5.14, Spring v6.2.18
2026-06-30 16:32:44.202 [main] INFO  c.i.i.IncidentManagementApplication - No active profile set, falling back to 1 default profile: "default"
2026-06-30 16:32:45.371 [main] INFO  o.s.d.r.c.RepositoryConfigurationDelegate - Bootstrapping Spring Data JPA repositories in DEFAULT mode.
2026-06-30 16:32:45.451 [main] INFO  o.s.d.r.c.RepositoryConfigurationDelegate - Finished Spring Data repository scanning in 70 ms. Found 5 JPA repository interfaces.
2026-06-30 16:32:46.031 [main] INFO  o.s.b.w.e.tomcat.TomcatWebServer - Tomcat initialized with port 8080 (http)
2026-06-30 16:32:46.044 [main] INFO  o.a.coyote.http11.Http11NioProtocol - Initializing ProtocolHandler ["http-nio-8080"]
2026-06-30 16:32:46.047 [main] INFO  o.a.catalina.core.StandardService - Starting service [Tomcat]
2026-06-30 16:32:46.048 [main] INFO  o.a.catalina.core.StandardEngine - Starting Servlet engine: [Apache Tomcat/10.1.54]
2026-06-30 16:32:46.110 [main] INFO  o.a.c.c.C.[Tomcat].[localhost].[/] - Initializing Spring embedded WebApplicationContext
2026-06-30 16:32:46.111 [main] INFO  o.s.b.w.s.c.ServletWebServerApplicationContext - Root WebApplicationContext: initialization completed in 1869 ms
2026-06-30 16:32:46.315 [main] INFO  o.h.jpa.internal.util.LogHelper - HHH000204: Processing PersistenceUnitInfo [name: default]
2026-06-30 16:32:46.378 [main] INFO  org.hibernate.Version - HHH000412: Hibernate ORM core version 6.6.49.Final
2026-06-30 16:32:46.417 [main] INFO  o.h.c.i.RegionFactoryInitiator - HHH000026: Second-level cache disabled
2026-06-30 16:32:46.711 [main] INFO  o.s.o.j.p.SpringPersistenceUnitInfo - No LoadTimeWeaver setup: ignoring JPA class transformer
2026-06-30 16:32:46.744 [main] INFO  com.zaxxer.hikari.HikariDataSource - HikariPool-1 - Starting...
2026-06-30 16:32:46.876 [main] INFO  com.zaxxer.hikari.pool.HikariPool - HikariPool-1 - Added connection org.postgresql.jdbc.PgConnection@3149409c
2026-06-30 16:32:46.878 [main] INFO  com.zaxxer.hikari.HikariDataSource - HikariPool-1 - Start completed.
2026-06-30 16:32:46.925 [main] WARN  org.hibernate.orm.deprecation - HHH90000025: PostgreSQLDialect does not need to be specified explicitly using 'hibernate.dialect' (remove the property setting and it will be selected by default)
2026-06-30 16:32:46.944 [main] INFO  o.hibernate.orm.connections.pooling - HHH10001005: Database info:
	Database JDBC URL [Connecting through datasource 'HikariDataSource (HikariPool-1)']
	Database driver: undefined/unknown
	Database version: 15.18
	Autocommit mode: undefined/unknown
	Isolation level: undefined/unknown
	Minimum pool size: undefined/unknown
	Maximum pool size: undefined/unknown
2026-06-30 16:32:47.929 [main] INFO  o.h.e.t.j.p.i.JtaPlatformInitiator - HHH000489: No JTA platform available (set 'hibernate.transaction.jta.platform' to enable JTA platform integration)
2026-06-30 16:32:48.069 [main] INFO  o.s.o.j.LocalContainerEntityManagerFactoryBean - Initialized JPA EntityManagerFactory for persistence unit 'default'
2026-06-30 16:32:48.354 [main] DEBUG c.i.i.s.f.JwtAuthenticationFilter - Filter 'jwtAuthenticationFilter' configured for use
2026-06-30 16:32:48.515 [main] DEBUG org.hibernate.SQL - 
    select
        t1_0.id,
        t1_0.carga_trabalho_atual,
        t1_0.disponibilidade,
        t1_0.utilizador_id 
    from
        tecnico t1_0
2026-06-30 16:32:48.546 [main] DEBUG org.hibernate.SQL - 
    select
        u1_0.id,
        u1_0.created_at,
        u1_0.email,
        u1_0.nome,
        u1_0.password_hash,
        u1_0.role,
        u1_0.username 
    from
        utilizador u1_0 
    where
        u1_0.id=?
2026-06-30 16:32:48.556 [main] DEBUG org.hibernate.SQL - 
    select
        u1_0.id,
        u1_0.created_at,
        u1_0.email,
        u1_0.nome,
        u1_0.password_hash,
        u1_0.role,
        u1_0.username 
    from
        utilizador u1_0 
    where
        u1_0.id=?
2026-06-30 16:32:48.558 [main] DEBUG org.hibernate.SQL - 
    select
        u1_0.id,
        u1_0.created_at,
        u1_0.email,
        u1_0.nome,
        u1_0.password_hash,
        u1_0.role,
        u1_0.username 
    from
        utilizador u1_0 
    where
        u1_0.id=?
2026-06-30 16:32:48.561 [main] DEBUG org.hibernate.SQL - 
    select
        c1_0.tecnico_id,
        c1_1.id,
        c1_1.nome 
    from
        tecnico_competencia c1_0 
    join
        competencia c1_1 
            on c1_1.id=c1_0.competencia_id 
    where
        c1_0.tecnico_id=?
2026-06-30 16:32:48.566 [main] DEBUG org.hibernate.SQL - 
    select
        c1_0.tecnico_id,
        c1_1.id,
        c1_1.nome 
    from
        tecnico_competencia c1_0 
    join
        competencia c1_1 
            on c1_1.id=c1_0.competencia_id 
    where
        c1_0.tecnico_id=?
2026-06-30 16:32:48.569 [main] DEBUG org.hibernate.SQL - 
    select
        c1_0.tecnico_id,
        c1_1.id,
        c1_1.nome 
    from
        tecnico_competencia c1_0 
    join
        competencia c1_1 
            on c1_1.id=c1_0.competencia_id 
    where
        c1_0.tecnico_id=?
2026-06-30 16:32:48.586 [main] DEBUG org.hibernate.SQL - 
    select
        t1_0.id,
        t1_0.aberto_por_id,
        t1_0.ativo_id,
        t1_0.data_abertura,
        t1_0.data_fecho,
        t1_0.descricao,
        t1_0.estado,
        t1_0.prioridade,
        t1_0.tecnico_id,
        t1_0.tipo,
        t1_0.titulo 
    from
        ticket t1_0
2026-06-30 16:32:48.589 [main] DEBUG org.hibernate.SQL - 
    select
        u1_0.id,
        u1_0.created_at,
        u1_0.email,
        u1_0.nome,
        u1_0.password_hash,
        u1_0.role,
        u1_0.username 
    from
        utilizador u1_0 
    where
        u1_0.id=?
2026-06-30 16:32:48.592 [main] DEBUG org.hibernate.SQL - 
    select
        t1_0.id,
        t1_0.carga_trabalho_atual,
        c1_0.tecnico_id,
        c1_1.id,
        c1_1.nome,
        t1_0.disponibilidade,
        t1_0.utilizador_id,
        u1_0.id,
        u1_0.created_at,
        u1_0.email,
        u1_0.nome,
        u1_0.password_hash,
        u1_0.role,
        u1_0.username 
    from
        tecnico t1_0 
    left join
        tecnico_competencia c1_0 
            on t1_0.id=c1_0.tecnico_id 
    left join
        competencia c1_1 
            on c1_1.id=c1_0.competencia_id 
    join
        utilizador u1_0 
            on u1_0.id=t1_0.utilizador_id 
    where
        t1_0.id=?
2026-06-30 16:32:48.595 [main] DEBUG org.hibernate.SQL - 
    select
        t1_0.id,
        t1_0.carga_trabalho_atual,
        c1_0.tecnico_id,
        c1_1.id,
        c1_1.nome,
        t1_0.disponibilidade,
        t1_0.utilizador_id,
        u1_0.id,
        u1_0.created_at,
        u1_0.email,
        u1_0.nome,
        u1_0.password_hash,
        u1_0.role,
        u1_0.username 
    from
        tecnico t1_0 
    left join
        tecnico_competencia c1_0 
            on t1_0.id=c1_0.tecnico_id 
    left join
        competencia c1_1 
            on c1_1.id=c1_0.competencia_id 
    join
        utilizador u1_0 
            on u1_0.id=t1_0.utilizador_id 
    where
        t1_0.id=?
2026-06-30 16:32:48.775 [main] WARN  o.s.b.a.o.j.JpaBaseConfiguration$JpaWebConfiguration - spring.jpa.open-in-view is enabled by default. Therefore, database queries may be performed during view rendering. Explicitly configure spring.jpa.open-in-view to disable this warning
2026-06-30 16:32:48.798 [main] INFO  o.s.b.a.w.s.WelcomePageHandlerMapping - Adding welcome page: class path resource [static/index.html]
2026-06-30 16:32:49.039 [main] INFO  o.s.b.a.e.web.EndpointLinksResolver - Exposing 3 endpoints beneath base path '/actuator'
2026-06-30 16:32:49.071 [main] INFO  o.s.s.c.a.a.c.InitializeAuthenticationProviderBeanManagerConfigurer$InitializeAuthenticationProviderManagerConfigurer - Global AuthenticationManager configured with AuthenticationProvider bean with name authenticationProvider
2026-06-30 16:32:49.072 [main] WARN  o.s.s.c.a.a.c.InitializeUserDetailsBeanManagerConfigurer$InitializeUserDetailsManagerConfigurer - Global AuthenticationManager configured with an AuthenticationProvider bean. UserDetailsService beans will not be used by Spring Security for automatically configuring username/password login. Consider removing the AuthenticationProvider bean. Alternatively, consider using the UserDetailsService in a manually instantiated DaoAuthenticationProvider. If the current configuration is intentional, to turn off this warning, increase the logging level of 'org.springframework.security.config.annotation.authentication.configuration.InitializeUserDetailsBeanManagerConfigurer' to ERROR
2026-06-30 16:32:49.191 [main] DEBUG o.s.s.web.DefaultSecurityFilterChain - Will secure any request with filters: DisableEncodeUrlFilter, WebAsyncManagerIntegrationFilter, SecurityContextHolderFilter, HeaderWriterFilter, LogoutFilter, JwtAuthenticationFilter, UsernamePasswordAuthenticationFilter, RequestCacheAwareFilter, SecurityContextHolderAwareRequestFilter, AnonymousAuthenticationFilter, SessionManagementFilter, ExceptionTranslationFilter, AuthorizationFilter
2026-06-30 16:32:49.499 [main] INFO  o.a.coyote.http11.Http11NioProtocol - Starting ProtocolHandler ["http-nio-8080"]
2026-06-30 16:32:49.517 [main] INFO  o.s.b.w.e.tomcat.TomcatWebServer - Tomcat started on port 8080 (http) with context path '/'
2026-06-30 16:32:49.528 [main] INFO  c.i.i.IncidentManagementApplication - Started IncidentManagementApplication in 5.903 seconds (process running for 6.24)
2026-06-30 16:33:42.420 [http-nio-8080-exec-4] INFO  o.a.c.c.C.[Tomcat].[localhost].[/] - Initializing Spring DispatcherServlet 'dispatcherServlet'
2026-06-30 16:33:42.420 [http-nio-8080-exec-4] INFO  o.s.web.servlet.DispatcherServlet - Initializing Servlet 'dispatcherServlet'
2026-06-30 16:33:42.422 [http-nio-8080-exec-4] INFO  o.s.web.servlet.DispatcherServlet - Completed initialization in 1 ms
2026-06-30 16:33:42.447 [http-nio-8080-exec-4] DEBUG o.s.security.web.FilterChainProxy - Securing POST /api/auth/login
2026-06-30 16:33:42.460 [http-nio-8080-exec-4] DEBUG o.s.s.w.a.AnonymousAuthenticationFilter - Set SecurityContextHolder to anonymous SecurityContext
2026-06-30 16:33:42.468 [http-nio-8080-exec-4] DEBUG o.s.security.web.FilterChainProxy - Secured POST /api/auth/login
2026-06-30 16:33:42.472 [http-nio-8080-exec-4] INFO  c.i.i.config.LoggingInterceptor - 📥 Requisição recebida: POST /api/auth/login | IP: 0:0:0:0:0:0:0:1
2026-06-30 16:33:42.552 [http-nio-8080-exec-4] DEBUG org.hibernate.SQL - 
    select
        u1_0.id,
        u1_0.created_at,
        u1_0.email,
        u1_0.nome,
        u1_0.password_hash,
        u1_0.role,
        u1_0.username 
    from
        utilizador u1_0 
    where
        u1_0.username=?
2026-06-30 16:33:42.662 [http-nio-8080-exec-4] INFO  c.i.i.config.LoggingInterceptor - 📤 Resposta enviada: POST /api/auth/login | Status: 401
2026-06-30 16:38:55.002 [main] INFO  o.s.b.a.l.ConditionEvaluationReportLogger - 

Error starting ApplicationContext. To display the condition evaluation report re-run your application with 'debug' enabled.
2026-06-30 16:38:55.011 [SpringApplicationShutdownHook] INFO  o.s.b.w.e.tomcat.GracefulShutdown - Commencing graceful shutdown. Waiting for active requests to complete
2026-06-30 16:38:55.018 [tomcat-shutdown] INFO  o.s.b.w.e.tomcat.GracefulShutdown - Graceful shutdown complete
2026-06-30 16:38:55.026 [SpringApplicationShutdownHook] INFO  o.s.o.j.LocalContainerEntityManagerFactoryBean - Closing JPA EntityManagerFactory for persistence unit 'default'
2026-06-30 16:38:55.029 [SpringApplicationShutdownHook] INFO  com.zaxxer.hikari.HikariDataSource - HikariPool-1 - Shutdown initiated...
2026-06-30 16:38:55.028 [main] ERROR o.s.boot.SpringApplication - Application run failed
java.util.NoSuchElementException: No line found
	at java.base/java.util.Scanner.nextLine(Scanner.java:1660)
	at com.itsm.incidentmanagement.console.ConsoleApplication.run(ConsoleApplication.java:55)
	at org.springframework.boot.SpringApplication.lambda$callRunner$5(SpringApplication.java:788)
	at org.springframework.util.function.ThrowingConsumer$1.acceptWithException(ThrowingConsumer.java:82)
	at org.springframework.util.function.ThrowingConsumer.accept(ThrowingConsumer.java:60)
	at org.springframework.util.function.ThrowingConsumer$1.accept(ThrowingConsumer.java:86)
	at org.springframework.boot.SpringApplication.callRunner(SpringApplication.java:796)
	at org.springframework.boot.SpringApplication.callRunner(SpringApplication.java:787)
	at org.springframework.boot.SpringApplication.lambda$callRunners$3(SpringApplication.java:772)
	at java.base/java.util.stream.ForEachOps$ForEachOp$OfRef.accept(ForEachOps.java:184)
	at java.base/java.util.stream.SortedOps$SizedRefSortingSink.end(SortedOps.java:357)
	at java.base/java.util.stream.AbstractPipeline.copyInto(AbstractPipeline.java:510)
	at java.base/java.util.stream.AbstractPipeline.wrapAndCopyInto(AbstractPipeline.java:499)
	at java.base/java.util.stream.ForEachOps$ForEachOp.evaluateSequential(ForEachOps.java:151)
	at java.base/java.util.stream.ForEachOps$ForEachOp$OfRef.evaluateSequential(ForEachOps.java:174)
	at java.base/java.util.stream.AbstractPipeline.evaluate(AbstractPipeline.java:234)
	at java.base/java.util.stream.ReferencePipeline.forEach(ReferencePipeline.java:596)
	at org.springframework.boot.SpringApplication.callRunners(SpringApplication.java:772)
	at org.springframework.boot.SpringApplication.run(SpringApplication.java:325)
	at org.springframework.boot.SpringApplication.run(SpringApplication.java:1361)
	at org.springframework.boot.SpringApplication.run(SpringApplication.java:1350)
	at com.itsm.incidentmanagement.IncidentManagementApplication.main(IncidentManagementApplication.java:9)
2026-06-30 16:38:55.032 [SpringApplicationShutdownHook] INFO  com.zaxxer.hikari.HikariDataSource - HikariPool-1 - Shutdown completed.
2026-06-30 16:39:16.792 [background-preinit] INFO  o.h.validator.internal.util.Version - HV000001: Hibernate Validator 8.0.3.Final
2026-06-30 16:39:16.840 [main] INFO  c.i.i.IncidentManagementApplication - Starting IncidentManagementApplication using Java 21.0.10 with PID 4356 (C:\Users\Usuario\Documents\Tecnisign\UFCD 10790 – Projeto de Programação\incident-management\target\classes started by Usuario in C:\Users\Usuario\Documents\Tecnisign\UFCD 10790 – Projeto de Programação\incident-management)
2026-06-30 16:39:16.841 [main] DEBUG c.i.i.IncidentManagementApplication - Running with Spring Boot v3.5.14, Spring v6.2.18
2026-06-30 16:39:16.841 [main] INFO  c.i.i.IncidentManagementApplication - No active profile set, falling back to 1 default profile: "default"
2026-06-30 16:39:17.807 [main] INFO  o.s.d.r.c.RepositoryConfigurationDelegate - Bootstrapping Spring Data JPA repositories in DEFAULT mode.
2026-06-30 16:39:17.871 [main] INFO  o.s.d.r.c.RepositoryConfigurationDelegate - Finished Spring Data repository scanning in 55 ms. Found 5 JPA repository interfaces.
2026-06-30 16:39:18.376 [main] INFO  o.s.b.w.e.tomcat.TomcatWebServer - Tomcat initialized with port 8080 (http)
2026-06-30 16:39:18.390 [main] INFO  o.a.coyote.http11.Http11NioProtocol - Initializing ProtocolHandler ["http-nio-8080"]
2026-06-30 16:39:18.393 [main] INFO  o.a.catalina.core.StandardService - Starting service [Tomcat]
2026-06-30 16:39:18.393 [main] INFO  o.a.catalina.core.StandardEngine - Starting Servlet engine: [Apache Tomcat/10.1.54]
2026-06-30 16:39:18.457 [main] INFO  o.a.c.c.C.[Tomcat].[localhost].[/] - Initializing Spring embedded WebApplicationContext
2026-06-30 16:39:18.458 [main] INFO  o.s.b.w.s.c.ServletWebServerApplicationContext - Root WebApplicationContext: initialization completed in 1578 ms
2026-06-30 16:39:18.655 [main] INFO  o.h.jpa.internal.util.LogHelper - HHH000204: Processing PersistenceUnitInfo [name: default]
2026-06-30 16:39:18.715 [main] INFO  org.hibernate.Version - HHH000412: Hibernate ORM core version 6.6.49.Final
2026-06-30 16:39:18.753 [main] INFO  o.h.c.i.RegionFactoryInitiator - HHH000026: Second-level cache disabled
2026-06-30 16:39:19.016 [main] INFO  o.s.o.j.p.SpringPersistenceUnitInfo - No LoadTimeWeaver setup: ignoring JPA class transformer
2026-06-30 16:39:19.051 [main] INFO  com.zaxxer.hikari.HikariDataSource - HikariPool-1 - Starting...
2026-06-30 16:39:19.285 [main] INFO  com.zaxxer.hikari.pool.HikariPool - HikariPool-1 - Added connection org.postgresql.jdbc.PgConnection@b5ff70b
2026-06-30 16:39:19.286 [main] INFO  com.zaxxer.hikari.HikariDataSource - HikariPool-1 - Start completed.
2026-06-30 16:39:19.324 [main] WARN  org.hibernate.orm.deprecation - HHH90000025: PostgreSQLDialect does not need to be specified explicitly using 'hibernate.dialect' (remove the property setting and it will be selected by default)
2026-06-30 16:39:19.344 [main] INFO  o.hibernate.orm.connections.pooling - HHH10001005: Database info:
	Database JDBC URL [Connecting through datasource 'HikariDataSource (HikariPool-1)']
	Database driver: undefined/unknown
	Database version: 15.18
	Autocommit mode: undefined/unknown
	Isolation level: undefined/unknown
	Minimum pool size: undefined/unknown
	Maximum pool size: undefined/unknown
2026-06-30 16:39:20.420 [main] INFO  o.h.e.t.j.p.i.JtaPlatformInitiator - HHH000489: No JTA platform available (set 'hibernate.transaction.jta.platform' to enable JTA platform integration)
2026-06-30 16:39:20.596 [main] INFO  o.s.o.j.LocalContainerEntityManagerFactoryBean - Initialized JPA EntityManagerFactory for persistence unit 'default'
2026-06-30 16:39:21.166 [main] DEBUG c.i.i.s.f.JwtAuthenticationFilter - Filter 'jwtAuthenticationFilter' configured for use
2026-06-30 16:39:21.378 [main] DEBUG org.hibernate.SQL - 
    select
        t1_0.id,
        t1_0.carga_trabalho_atual,
        t1_0.disponibilidade,
        t1_0.utilizador_id 
    from
        tecnico t1_0
2026-06-30 16:39:21.411 [main] DEBUG org.hibernate.SQL - 
    select
        u1_0.id,
        u1_0.created_at,
        u1_0.email,
        u1_0.nome,
        u1_0.password_hash,
        u1_0.role,
        u1_0.username 
    from
        utilizador u1_0 
    where
        u1_0.id=?
2026-06-30 16:39:21.420 [main] DEBUG org.hibernate.SQL - 
    select
        u1_0.id,
        u1_0.created_at,
        u1_0.email,
        u1_0.nome,
        u1_0.password_hash,
        u1_0.role,
        u1_0.username 
    from
        utilizador u1_0 
    where
        u1_0.id=?
2026-06-30 16:39:21.422 [main] DEBUG org.hibernate.SQL - 
    select
        u1_0.id,
        u1_0.created_at,
        u1_0.email,
        u1_0.nome,
        u1_0.password_hash,
        u1_0.role,
        u1_0.username 
    from
        utilizador u1_0 
    where
        u1_0.id=?
2026-06-30 16:39:21.424 [main] DEBUG org.hibernate.SQL - 
    select
        c1_0.tecnico_id,
        c1_1.id,
        c1_1.nome 
    from
        tecnico_competencia c1_0 
    join
        competencia c1_1 
            on c1_1.id=c1_0.competencia_id 
    where
        c1_0.tecnico_id=?
2026-06-30 16:39:21.428 [main] DEBUG org.hibernate.SQL - 
    select
        c1_0.tecnico_id,
        c1_1.id,
        c1_1.nome 
    from
        tecnico_competencia c1_0 
    join
        competencia c1_1 
            on c1_1.id=c1_0.competencia_id 
    where
        c1_0.tecnico_id=?
2026-06-30 16:39:21.431 [main] DEBUG org.hibernate.SQL - 
    select
        c1_0.tecnico_id,
        c1_1.id,
        c1_1.nome 
    from
        tecnico_competencia c1_0 
    join
        competencia c1_1 
            on c1_1.id=c1_0.competencia_id 
    where
        c1_0.tecnico_id=?
2026-06-30 16:39:21.447 [main] DEBUG org.hibernate.SQL - 
    select
        t1_0.id,
        t1_0.aberto_por_id,
        t1_0.ativo_id,
        t1_0.data_abertura,
        t1_0.data_fecho,
        t1_0.descricao,
        t1_0.estado,
        t1_0.prioridade,
        t1_0.tecnico_id,
        t1_0.tipo,
        t1_0.titulo 
    from
        ticket t1_0
2026-06-30 16:39:21.449 [main] DEBUG org.hibernate.SQL - 
    select
        u1_0.id,
        u1_0.created_at,
        u1_0.email,
        u1_0.nome,
        u1_0.password_hash,
        u1_0.role,
        u1_0.username 
    from
        utilizador u1_0 
    where
        u1_0.id=?
2026-06-30 16:39:21.452 [main] DEBUG org.hibernate.SQL - 
    select
        t1_0.id,
        t1_0.carga_trabalho_atual,
        c1_0.tecnico_id,
        c1_1.id,
        c1_1.nome,
        t1_0.disponibilidade,
        t1_0.utilizador_id,
        u1_0.id,
        u1_0.created_at,
        u1_0.email,
        u1_0.nome,
        u1_0.password_hash,
        u1_0.role,
        u1_0.username 
    from
        tecnico t1_0 
    left join
        tecnico_competencia c1_0 
            on t1_0.id=c1_0.tecnico_id 
    left join
        competencia c1_1 
            on c1_1.id=c1_0.competencia_id 
    join
        utilizador u1_0 
            on u1_0.id=t1_0.utilizador_id 
    where
        t1_0.id=?
2026-06-30 16:39:21.456 [main] DEBUG org.hibernate.SQL - 
    select
        t1_0.id,
        t1_0.carga_trabalho_atual,
        c1_0.tecnico_id,
        c1_1.id,
        c1_1.nome,
        t1_0.disponibilidade,
        t1_0.utilizador_id,
        u1_0.id,
        u1_0.created_at,
        u1_0.email,
        u1_0.nome,
        u1_0.password_hash,
        u1_0.role,
        u1_0.username 
    from
        tecnico t1_0 
    left join
        tecnico_competencia c1_0 
            on t1_0.id=c1_0.tecnico_id 
    left join
        competencia c1_1 
            on c1_1.id=c1_0.competencia_id 
    join
        utilizador u1_0 
            on u1_0.id=t1_0.utilizador_id 
    where
        t1_0.id=?
2026-06-30 16:39:21.628 [main] WARN  o.s.b.a.o.j.JpaBaseConfiguration$JpaWebConfiguration - spring.jpa.open-in-view is enabled by default. Therefore, database queries may be performed during view rendering. Explicitly configure spring.jpa.open-in-view to disable this warning
2026-06-30 16:39:21.652 [main] INFO  o.s.b.a.w.s.WelcomePageHandlerMapping - Adding welcome page: class path resource [static/index.html]
2026-06-30 16:39:21.900 [main] INFO  o.s.b.a.e.web.EndpointLinksResolver - Exposing 3 endpoints beneath base path '/actuator'
2026-06-30 16:39:21.931 [main] INFO  o.s.s.c.a.a.c.InitializeAuthenticationProviderBeanManagerConfigurer$InitializeAuthenticationProviderManagerConfigurer - Global AuthenticationManager configured with AuthenticationProvider bean with name authenticationProvider
2026-06-30 16:39:21.931 [main] WARN  o.s.s.c.a.a.c.InitializeUserDetailsBeanManagerConfigurer$InitializeUserDetailsManagerConfigurer - Global AuthenticationManager configured with an AuthenticationProvider bean. UserDetailsService beans will not be used by Spring Security for automatically configuring username/password login. Consider removing the AuthenticationProvider bean. Alternatively, consider using the UserDetailsService in a manually instantiated DaoAuthenticationProvider. If the current configuration is intentional, to turn off this warning, increase the logging level of 'org.springframework.security.config.annotation.authentication.configuration.InitializeUserDetailsBeanManagerConfigurer' to ERROR
2026-06-30 16:39:22.041 [main] DEBUG o.s.s.web.DefaultSecurityFilterChain - Will secure any request with filters: DisableEncodeUrlFilter, WebAsyncManagerIntegrationFilter, SecurityContextHolderFilter, HeaderWriterFilter, LogoutFilter, JwtAuthenticationFilter, UsernamePasswordAuthenticationFilter, RequestCacheAwareFilter, SecurityContextHolderAwareRequestFilter, AnonymousAuthenticationFilter, SessionManagementFilter, ExceptionTranslationFilter, AuthorizationFilter
2026-06-30 16:39:22.348 [main] INFO  o.a.coyote.http11.Http11NioProtocol - Starting ProtocolHandler ["http-nio-8080"]
2026-06-30 16:39:22.374 [main] INFO  o.s.b.w.e.tomcat.TomcatWebServer - Tomcat started on port 8080 (http) with context path '/'
2026-06-30 16:39:22.386 [main] INFO  c.i.i.IncidentManagementApplication - Started IncidentManagementApplication in 6.08 seconds (process running for 6.392)
2026-06-30 16:39:26.896 [http-nio-8080-exec-2] INFO  o.a.c.c.C.[Tomcat].[localhost].[/] - Initializing Spring DispatcherServlet 'dispatcherServlet'
2026-06-30 16:39:26.896 [http-nio-8080-exec-2] INFO  o.s.web.servlet.DispatcherServlet - Initializing Servlet 'dispatcherServlet'
2026-06-30 16:39:26.899 [http-nio-8080-exec-2] INFO  o.s.web.servlet.DispatcherServlet - Completed initialization in 1 ms
2026-06-30 16:39:26.919 [http-nio-8080-exec-2] DEBUG o.s.security.web.FilterChainProxy - Securing POST /api/auth/login
2026-06-30 16:39:26.932 [http-nio-8080-exec-2] DEBUG o.s.s.w.a.AnonymousAuthenticationFilter - Set SecurityContextHolder to anonymous SecurityContext
2026-06-30 16:39:26.941 [http-nio-8080-exec-2] DEBUG o.s.security.web.FilterChainProxy - Secured POST /api/auth/login
2026-06-30 16:39:26.945 [http-nio-8080-exec-2] INFO  c.i.i.config.LoggingInterceptor - 📥 Requisição recebida: POST /api/auth/login | IP: 0:0:0:0:0:0:0:1
2026-06-30 16:39:27.006 [http-nio-8080-exec-2] DEBUG org.hibernate.SQL - 
    select
        u1_0.id,
        u1_0.created_at,
        u1_0.email,
        u1_0.nome,
        u1_0.password_hash,
        u1_0.role,
        u1_0.username 
    from
        utilizador u1_0 
    where
        u1_0.username=?
2026-06-30 16:39:27.012 [http-nio-8080-exec-2] WARN  o.s.s.c.bcrypt.BCryptPasswordEncoder - Encoded password does not look like BCrypt
2026-06-30 16:39:27.037 [http-nio-8080-exec-2] INFO  c.i.i.config.LoggingInterceptor - 📤 Resposta enviada: POST /api/auth/login | Status: 401
2026-06-30 16:42:04.793 [main] INFO  o.s.b.a.l.ConditionEvaluationReportLogger - 

Error starting ApplicationContext. To display the condition evaluation report re-run your application with 'debug' enabled.
2026-06-30 16:42:04.795 [SpringApplicationShutdownHook] INFO  o.s.b.w.e.tomcat.GracefulShutdown - Commencing graceful shutdown. Waiting for active requests to complete
2026-06-30 16:42:04.800 [tomcat-shutdown] INFO  o.s.b.w.e.tomcat.GracefulShutdown - Graceful shutdown complete
2026-06-30 16:42:04.807 [SpringApplicationShutdownHook] INFO  o.s.o.j.LocalContainerEntityManagerFactoryBean - Closing JPA EntityManagerFactory for persistence unit 'default'
2026-06-30 16:42:04.810 [SpringApplicationShutdownHook] INFO  com.zaxxer.hikari.HikariDataSource - HikariPool-1 - Shutdown initiated...
2026-06-30 16:42:04.812 [SpringApplicationShutdownHook] INFO  com.zaxxer.hikari.HikariDataSource - HikariPool-1 - Shutdown completed.
2026-06-30 16:42:04.811 [main] ERROR o.s.boot.SpringApplication - Application run failed
java.util.NoSuchElementException: No line found
	at java.base/java.util.Scanner.nextLine(Scanner.java:1660)
	at com.itsm.incidentmanagement.console.ConsoleApplication.run(ConsoleApplication.java:55)
	at org.springframework.boot.SpringApplication.lambda$callRunner$5(SpringApplication.java:788)
	at org.springframework.util.function.ThrowingConsumer$1.acceptWithException(ThrowingConsumer.java:82)
	at org.springframework.util.function.ThrowingConsumer.accept(ThrowingConsumer.java:60)
	at org.springframework.util.function.ThrowingConsumer$1.accept(ThrowingConsumer.java:86)
	at org.springframework.boot.SpringApplication.callRunner(SpringApplication.java:796)
	at org.springframework.boot.SpringApplication.callRunner(SpringApplication.java:787)
	at org.springframework.boot.SpringApplication.lambda$callRunners$3(SpringApplication.java:772)
	at java.base/java.util.stream.ForEachOps$ForEachOp$OfRef.accept(ForEachOps.java:184)
	at java.base/java.util.stream.SortedOps$SizedRefSortingSink.end(SortedOps.java:357)
	at java.base/java.util.stream.AbstractPipeline.copyInto(AbstractPipeline.java:510)
	at java.base/java.util.stream.AbstractPipeline.wrapAndCopyInto(AbstractPipeline.java:499)
	at java.base/java.util.stream.ForEachOps$ForEachOp.evaluateSequential(ForEachOps.java:151)
	at java.base/java.util.stream.ForEachOps$ForEachOp$OfRef.evaluateSequential(ForEachOps.java:174)
	at java.base/java.util.stream.AbstractPipeline.evaluate(AbstractPipeline.java:234)
	at java.base/java.util.stream.ReferencePipeline.forEach(ReferencePipeline.java:596)
	at org.springframework.boot.SpringApplication.callRunners(SpringApplication.java:772)
	at org.springframework.boot.SpringApplication.run(SpringApplication.java:325)
	at org.springframework.boot.SpringApplication.run(SpringApplication.java:1361)
	at org.springframework.boot.SpringApplication.run(SpringApplication.java:1350)
	at com.itsm.incidentmanagement.IncidentManagementApplication.main(IncidentManagementApplication.java:9)
2026-06-30 16:46:05.424 [background-preinit] INFO  o.h.validator.internal.util.Version - HV000001: Hibernate Validator 8.0.3.Final
2026-06-30 16:46:05.466 [main] INFO  c.i.i.IncidentManagementApplication - Starting IncidentManagementApplication using Java 21.0.10 with PID 2972 (C:\Users\Usuario\Documents\Tecnisign\UFCD 10790 – Projeto de Programação\incident-management\target\classes started by Usuario in C:\Users\Usuario\Documents\Tecnisign\UFCD 10790 – Projeto de Programação\incident-management)
2026-06-30 16:46:05.467 [main] DEBUG c.i.i.IncidentManagementApplication - Running with Spring Boot v3.5.14, Spring v6.2.18
2026-06-30 16:46:05.467 [main] INFO  c.i.i.IncidentManagementApplication - No active profile set, falling back to 1 default profile: "default"
2026-06-30 16:46:06.436 [main] INFO  o.s.d.r.c.RepositoryConfigurationDelegate - Bootstrapping Spring Data JPA repositories in DEFAULT mode.
2026-06-30 16:46:06.501 [main] INFO  o.s.d.r.c.RepositoryConfigurationDelegate - Finished Spring Data repository scanning in 56 ms. Found 5 JPA repository interfaces.
2026-06-30 16:46:06.984 [main] INFO  o.s.b.w.e.tomcat.TomcatWebServer - Tomcat initialized with port 8080 (http)
2026-06-30 16:46:06.996 [main] INFO  o.a.coyote.http11.Http11NioProtocol - Initializing ProtocolHandler ["http-nio-8080"]
2026-06-30 16:46:07.000 [main] INFO  o.a.catalina.core.StandardService - Starting service [Tomcat]
2026-06-30 16:46:07.000 [main] INFO  o.a.catalina.core.StandardEngine - Starting Servlet engine: [Apache Tomcat/10.1.54]
2026-06-30 16:46:07.056 [main] INFO  o.a.c.c.C.[Tomcat].[localhost].[/] - Initializing Spring embedded WebApplicationContext
2026-06-30 16:46:07.057 [main] INFO  o.s.b.w.s.c.ServletWebServerApplicationContext - Root WebApplicationContext: initialization completed in 1551 ms
2026-06-30 16:46:07.242 [main] INFO  o.h.jpa.internal.util.LogHelper - HHH000204: Processing PersistenceUnitInfo [name: default]
2026-06-30 16:46:07.286 [main] INFO  org.hibernate.Version - HHH000412: Hibernate ORM core version 6.6.49.Final
2026-06-30 16:46:07.316 [main] INFO  o.h.c.i.RegionFactoryInitiator - HHH000026: Second-level cache disabled
2026-06-30 16:46:07.548 [main] INFO  o.s.o.j.p.SpringPersistenceUnitInfo - No LoadTimeWeaver setup: ignoring JPA class transformer
2026-06-30 16:46:07.575 [main] INFO  com.zaxxer.hikari.HikariDataSource - HikariPool-1 - Starting...
2026-06-30 16:46:07.685 [main] INFO  com.zaxxer.hikari.pool.HikariPool - HikariPool-1 - Added connection org.postgresql.jdbc.PgConnection@1c421b0f
2026-06-30 16:46:07.687 [main] INFO  com.zaxxer.hikari.HikariDataSource - HikariPool-1 - Start completed.
2026-06-30 16:46:07.719 [main] WARN  org.hibernate.orm.deprecation - HHH90000025: PostgreSQLDialect does not need to be specified explicitly using 'hibernate.dialect' (remove the property setting and it will be selected by default)
2026-06-30 16:46:07.739 [main] INFO  o.hibernate.orm.connections.pooling - HHH10001005: Database info:
	Database JDBC URL [Connecting through datasource 'HikariDataSource (HikariPool-1)']
	Database driver: undefined/unknown
	Database version: 15.18
	Autocommit mode: undefined/unknown
	Isolation level: undefined/unknown
	Minimum pool size: undefined/unknown
	Maximum pool size: undefined/unknown
2026-06-30 16:46:08.651 [main] INFO  o.h.e.t.j.p.i.JtaPlatformInitiator - HHH000489: No JTA platform available (set 'hibernate.transaction.jta.platform' to enable JTA platform integration)
2026-06-30 16:46:08.780 [main] INFO  o.s.o.j.LocalContainerEntityManagerFactoryBean - Initialized JPA EntityManagerFactory for persistence unit 'default'
2026-06-30 16:46:09.030 [main] DEBUG c.i.i.s.f.JwtAuthenticationFilter - Filter 'jwtAuthenticationFilter' configured for use
2026-06-30 16:46:09.186 [main] DEBUG org.hibernate.SQL - 
    select
        t1_0.id,
        t1_0.carga_trabalho_atual,
        t1_0.disponibilidade,
        t1_0.utilizador_id 
    from
        tecnico t1_0
2026-06-30 16:46:09.215 [main] DEBUG org.hibernate.SQL - 
    select
        u1_0.id,
        u1_0.created_at,
        u1_0.email,
        u1_0.nome,
        u1_0.password_hash,
        u1_0.role,
        u1_0.username 
    from
        utilizador u1_0 
    where
        u1_0.id=?
2026-06-30 16:46:09.224 [main] DEBUG org.hibernate.SQL - 
    select
        u1_0.id,
        u1_0.created_at,
        u1_0.email,
        u1_0.nome,
        u1_0.password_hash,
        u1_0.role,
        u1_0.username 
    from
        utilizador u1_0 
    where
        u1_0.id=?
2026-06-30 16:46:09.226 [main] DEBUG org.hibernate.SQL - 
    select
        u1_0.id,
        u1_0.created_at,
        u1_0.email,
        u1_0.nome,
        u1_0.password_hash,
        u1_0.role,
        u1_0.username 
    from
        utilizador u1_0 
    where
        u1_0.id=?
2026-06-30 16:46:09.229 [main] DEBUG org.hibernate.SQL - 
    select
        c1_0.tecnico_id,
        c1_1.id,
        c1_1.nome 
    from
        tecnico_competencia c1_0 
    join
        competencia c1_1 
            on c1_1.id=c1_0.competencia_id 
    where
        c1_0.tecnico_id=?
2026-06-30 16:46:09.233 [main] DEBUG org.hibernate.SQL - 
    select
        c1_0.tecnico_id,
        c1_1.id,
        c1_1.nome 
    from
        tecnico_competencia c1_0 
    join
        competencia c1_1 
            on c1_1.id=c1_0.competencia_id 
    where
        c1_0.tecnico_id=?
2026-06-30 16:46:09.235 [main] DEBUG org.hibernate.SQL - 
    select
        c1_0.tecnico_id,
        c1_1.id,
        c1_1.nome 
    from
        tecnico_competencia c1_0 
    join
        competencia c1_1 
            on c1_1.id=c1_0.competencia_id 
    where
        c1_0.tecnico_id=?
2026-06-30 16:46:09.254 [main] DEBUG org.hibernate.SQL - 
    select
        t1_0.id,
        t1_0.aberto_por_id,
        t1_0.ativo_id,
        t1_0.data_abertura,
        t1_0.data_fecho,
        t1_0.descricao,
        t1_0.estado,
        t1_0.prioridade,
        t1_0.tecnico_id,
        t1_0.tipo,
        t1_0.titulo 
    from
        ticket t1_0
2026-06-30 16:46:09.256 [main] DEBUG org.hibernate.SQL - 
    select
        u1_0.id,
        u1_0.created_at,
        u1_0.email,
        u1_0.nome,
        u1_0.password_hash,
        u1_0.role,
        u1_0.username 
    from
        utilizador u1_0 
    where
        u1_0.id=?
2026-06-30 16:46:09.258 [main] DEBUG org.hibernate.SQL - 
    select
        t1_0.id,
        t1_0.carga_trabalho_atual,
        c1_0.tecnico_id,
        c1_1.id,
        c1_1.nome,
        t1_0.disponibilidade,
        t1_0.utilizador_id,
        u1_0.id,
        u1_0.created_at,
        u1_0.email,
        u1_0.nome,
        u1_0.password_hash,
        u1_0.role,
        u1_0.username 
    from
        tecnico t1_0 
    left join
        tecnico_competencia c1_0 
            on t1_0.id=c1_0.tecnico_id 
    left join
        competencia c1_1 
            on c1_1.id=c1_0.competencia_id 
    join
        utilizador u1_0 
            on u1_0.id=t1_0.utilizador_id 
    where
        t1_0.id=?
2026-06-30 16:46:09.261 [main] DEBUG org.hibernate.SQL - 
    select
        t1_0.id,
        t1_0.carga_trabalho_atual,
        c1_0.tecnico_id,
        c1_1.id,
        c1_1.nome,
        t1_0.disponibilidade,
        t1_0.utilizador_id,
        u1_0.id,
        u1_0.created_at,
        u1_0.email,
        u1_0.nome,
        u1_0.password_hash,
        u1_0.role,
        u1_0.username 
    from
        tecnico t1_0 
    left join
        tecnico_competencia c1_0 
            on t1_0.id=c1_0.tecnico_id 
    left join
        competencia c1_1 
            on c1_1.id=c1_0.competencia_id 
    join
        utilizador u1_0 
            on u1_0.id=t1_0.utilizador_id 
    where
        t1_0.id=?
2026-06-30 16:46:09.430 [main] WARN  o.s.b.a.o.j.JpaBaseConfiguration$JpaWebConfiguration - spring.jpa.open-in-view is enabled by default. Therefore, database queries may be performed during view rendering. Explicitly configure spring.jpa.open-in-view to disable this warning
2026-06-30 16:46:09.451 [main] INFO  o.s.b.a.w.s.WelcomePageHandlerMapping - Adding welcome page: class path resource [static/index.html]
2026-06-30 16:46:09.689 [main] INFO  o.s.b.a.e.web.EndpointLinksResolver - Exposing 3 endpoints beneath base path '/actuator'
2026-06-30 16:46:09.720 [main] INFO  o.s.s.c.a.a.c.InitializeAuthenticationProviderBeanManagerConfigurer$InitializeAuthenticationProviderManagerConfigurer - Global AuthenticationManager configured with AuthenticationProvider bean with name authenticationProvider
2026-06-30 16:46:09.721 [main] WARN  o.s.s.c.a.a.c.InitializeUserDetailsBeanManagerConfigurer$InitializeUserDetailsManagerConfigurer - Global AuthenticationManager configured with an AuthenticationProvider bean. UserDetailsService beans will not be used by Spring Security for automatically configuring username/password login. Consider removing the AuthenticationProvider bean. Alternatively, consider using the UserDetailsService in a manually instantiated DaoAuthenticationProvider. If the current configuration is intentional, to turn off this warning, increase the logging level of 'org.springframework.security.config.annotation.authentication.configuration.InitializeUserDetailsBeanManagerConfigurer' to ERROR
2026-06-30 16:46:09.817 [main] DEBUG o.s.s.web.DefaultSecurityFilterChain - Will secure any request with filters: DisableEncodeUrlFilter, WebAsyncManagerIntegrationFilter, SecurityContextHolderFilter, HeaderWriterFilter, LogoutFilter, JwtAuthenticationFilter, UsernamePasswordAuthenticationFilter, RequestCacheAwareFilter, SecurityContextHolderAwareRequestFilter, AnonymousAuthenticationFilter, SessionManagementFilter, ExceptionTranslationFilter, AuthorizationFilter
2026-06-30 16:46:10.111 [main] INFO  o.a.coyote.http11.Http11NioProtocol - Starting ProtocolHandler ["http-nio-8080"]
2026-06-30 16:46:10.128 [main] INFO  o.s.b.w.e.tomcat.TomcatWebServer - Tomcat started on port 8080 (http) with context path '/'
2026-06-30 16:46:10.140 [main] INFO  c.i.i.IncidentManagementApplication - Started IncidentManagementApplication in 5.165 seconds (process running for 5.466)
2026-06-30 16:46:14.452 [http-nio-8080-exec-3] INFO  o.a.c.c.C.[Tomcat].[localhost].[/] - Initializing Spring DispatcherServlet 'dispatcherServlet'
2026-06-30 16:46:14.453 [http-nio-8080-exec-3] INFO  o.s.web.servlet.DispatcherServlet - Initializing Servlet 'dispatcherServlet'
2026-06-30 16:46:14.454 [http-nio-8080-exec-3] INFO  o.s.web.servlet.DispatcherServlet - Completed initialization in 1 ms
2026-06-30 16:46:14.473 [http-nio-8080-exec-3] DEBUG o.s.security.web.FilterChainProxy - Securing POST /api/auth/login
2026-06-30 16:46:14.488 [http-nio-8080-exec-3] DEBUG o.s.s.w.a.AnonymousAuthenticationFilter - Set SecurityContextHolder to anonymous SecurityContext
2026-06-30 16:46:14.496 [http-nio-8080-exec-3] DEBUG o.s.security.web.FilterChainProxy - Secured POST /api/auth/login
2026-06-30 16:46:14.499 [http-nio-8080-exec-3] INFO  c.i.i.config.LoggingInterceptor - 📥 Requisição recebida: POST /api/auth/login | IP: 0:0:0:0:0:0:0:1
2026-06-30 16:46:14.563 [http-nio-8080-exec-3] DEBUG org.hibernate.SQL - 
    select
        u1_0.id,
        u1_0.created_at,
        u1_0.email,
        u1_0.nome,
        u1_0.password_hash,
        u1_0.role,
        u1_0.username 
    from
        utilizador u1_0 
    where
        u1_0.username=?
2026-06-30 16:46:14.567 [http-nio-8080-exec-3] WARN  o.s.s.c.bcrypt.BCryptPasswordEncoder - Encoded password does not look like BCrypt
2026-06-30 16:46:14.592 [http-nio-8080-exec-3] INFO  c.i.i.config.LoggingInterceptor - 📤 Resposta enviada: POST /api/auth/login | Status: 401
2026-06-30 16:50:17.358 [main] INFO  o.s.b.a.l.ConditionEvaluationReportLogger - 

Error starting ApplicationContext. To display the condition evaluation report re-run your application with 'debug' enabled.
2026-06-30 16:50:17.360 [SpringApplicationShutdownHook] INFO  o.s.b.w.e.tomcat.GracefulShutdown - Commencing graceful shutdown. Waiting for active requests to complete
2026-06-30 16:50:17.365 [tomcat-shutdown] INFO  o.s.b.w.e.tomcat.GracefulShutdown - Graceful shutdown complete
2026-06-30 16:50:17.372 [SpringApplicationShutdownHook] INFO  o.s.o.j.LocalContainerEntityManagerFactoryBean - Closing JPA EntityManagerFactory for persistence unit 'default'
2026-06-30 16:50:17.374 [SpringApplicationShutdownHook] INFO  com.zaxxer.hikari.HikariDataSource - HikariPool-1 - Shutdown initiated...
2026-06-30 16:50:17.374 [main] ERROR o.s.boot.SpringApplication - Application run failed
java.util.NoSuchElementException: No line found
	at java.base/java.util.Scanner.nextLine(Scanner.java:1660)
	at com.itsm.incidentmanagement.console.ConsoleApplication.run(ConsoleApplication.java:55)
	at org.springframework.boot.SpringApplication.lambda$callRunner$5(SpringApplication.java:788)
	at org.springframework.util.function.ThrowingConsumer$1.acceptWithException(ThrowingConsumer.java:82)
	at org.springframework.util.function.ThrowingConsumer.accept(ThrowingConsumer.java:60)
	at org.springframework.util.function.ThrowingConsumer$1.accept(ThrowingConsumer.java:86)
	at org.springframework.boot.SpringApplication.callRunner(SpringApplication.java:796)
	at org.springframework.boot.SpringApplication.callRunner(SpringApplication.java:787)
	at org.springframework.boot.SpringApplication.lambda$callRunners$3(SpringApplication.java:772)
	at java.base/java.util.stream.ForEachOps$ForEachOp$OfRef.accept(ForEachOps.java:184)
	at java.base/java.util.stream.SortedOps$SizedRefSortingSink.end(SortedOps.java:357)
	at java.base/java.util.stream.AbstractPipeline.copyInto(AbstractPipeline.java:510)
	at java.base/java.util.stream.AbstractPipeline.wrapAndCopyInto(AbstractPipeline.java:499)
	at java.base/java.util.stream.ForEachOps$ForEachOp.evaluateSequential(ForEachOps.java:151)
	at java.base/java.util.stream.ForEachOps$ForEachOp$OfRef.evaluateSequential(ForEachOps.java:174)
	at java.base/java.util.stream.AbstractPipeline.evaluate(AbstractPipeline.java:234)
	at java.base/java.util.stream.ReferencePipeline.forEach(ReferencePipeline.java:596)
	at org.springframework.boot.SpringApplication.callRunners(SpringApplication.java:772)
	at org.springframework.boot.SpringApplication.run(SpringApplication.java:325)
	at org.springframework.boot.SpringApplication.run(SpringApplication.java:1361)
	at org.springframework.boot.SpringApplication.run(SpringApplication.java:1350)
	at com.itsm.incidentmanagement.IncidentManagementApplication.main(IncidentManagementApplication.java:9)
2026-06-30 16:50:17.377 [SpringApplicationShutdownHook] INFO  com.zaxxer.hikari.HikariDataSource - HikariPool-1 - Shutdown completed.
2026-06-30 16:52:21.393 [background-preinit] INFO  o.h.validator.internal.util.Version - HV000001: Hibernate Validator 8.0.3.Final
2026-06-30 16:52:21.440 [main] INFO  c.i.i.IncidentManagementApplication - Starting IncidentManagementApplication using Java 21.0.10 with PID 8676 (C:\Users\Usuario\Documents\Tecnisign\UFCD 10790 – Projeto de Programação\incident-management\target\classes started by Usuario in C:\Users\Usuario\Documents\Tecnisign\UFCD 10790 – Projeto de Programação\incident-management)
2026-06-30 16:52:21.441 [main] DEBUG c.i.i.IncidentManagementApplication - Running with Spring Boot v3.5.14, Spring v6.2.18
2026-06-30 16:52:21.442 [main] INFO  c.i.i.IncidentManagementApplication - No active profile set, falling back to 1 default profile: "default"
2026-06-30 16:52:22.372 [main] INFO  o.s.d.r.c.RepositoryConfigurationDelegate - Bootstrapping Spring Data JPA repositories in DEFAULT mode.
2026-06-30 16:52:22.434 [main] INFO  o.s.d.r.c.RepositoryConfigurationDelegate - Finished Spring Data repository scanning in 54 ms. Found 5 JPA repository interfaces.
2026-06-30 16:52:22.876 [main] INFO  o.s.b.w.e.tomcat.TomcatWebServer - Tomcat initialized with port 8080 (http)
2026-06-30 16:52:22.887 [main] INFO  o.a.coyote.http11.Http11NioProtocol - Initializing ProtocolHandler ["http-nio-8080"]
2026-06-30 16:52:22.889 [main] INFO  o.a.catalina.core.StandardService - Starting service [Tomcat]
2026-06-30 16:52:22.890 [main] INFO  o.a.catalina.core.StandardEngine - Starting Servlet engine: [Apache Tomcat/10.1.54]
2026-06-30 16:52:22.951 [main] INFO  o.a.c.c.C.[Tomcat].[localhost].[/] - Initializing Spring embedded WebApplicationContext
2026-06-30 16:52:22.952 [main] INFO  o.s.b.w.s.c.ServletWebServerApplicationContext - Root WebApplicationContext: initialization completed in 1474 ms
2026-06-30 16:52:23.133 [main] INFO  o.h.jpa.internal.util.LogHelper - HHH000204: Processing PersistenceUnitInfo [name: default]
2026-06-30 16:52:23.180 [main] INFO  org.hibernate.Version - HHH000412: Hibernate ORM core version 6.6.49.Final
2026-06-30 16:52:23.208 [main] INFO  o.h.c.i.RegionFactoryInitiator - HHH000026: Second-level cache disabled
2026-06-30 16:52:23.437 [main] INFO  o.s.o.j.p.SpringPersistenceUnitInfo - No LoadTimeWeaver setup: ignoring JPA class transformer
2026-06-30 16:52:23.464 [main] INFO  com.zaxxer.hikari.HikariDataSource - HikariPool-1 - Starting...
2026-06-30 16:52:23.581 [main] INFO  com.zaxxer.hikari.pool.HikariPool - HikariPool-1 - Added connection org.postgresql.jdbc.PgConnection@4ce18cec
2026-06-30 16:52:23.583 [main] INFO  com.zaxxer.hikari.HikariDataSource - HikariPool-1 - Start completed.
2026-06-30 16:52:23.611 [main] WARN  org.hibernate.orm.deprecation - HHH90000025: PostgreSQLDialect does not need to be specified explicitly using 'hibernate.dialect' (remove the property setting and it will be selected by default)
2026-06-30 16:52:23.628 [main] INFO  o.hibernate.orm.connections.pooling - HHH10001005: Database info:
	Database JDBC URL [Connecting through datasource 'HikariDataSource (HikariPool-1)']
	Database driver: undefined/unknown
	Database version: 15.18
	Autocommit mode: undefined/unknown
	Isolation level: undefined/unknown
	Minimum pool size: undefined/unknown
	Maximum pool size: undefined/unknown
2026-06-30 16:52:24.510 [main] INFO  o.h.e.t.j.p.i.JtaPlatformInitiator - HHH000489: No JTA platform available (set 'hibernate.transaction.jta.platform' to enable JTA platform integration)
2026-06-30 16:52:24.637 [main] INFO  o.s.o.j.LocalContainerEntityManagerFactoryBean - Initialized JPA EntityManagerFactory for persistence unit 'default'
2026-06-30 16:52:24.887 [main] DEBUG c.i.i.s.f.JwtAuthenticationFilter - Filter 'jwtAuthenticationFilter' configured for use
2026-06-30 16:52:25.039 [main] DEBUG org.hibernate.SQL - 
    select
        t1_0.id,
        t1_0.carga_trabalho_atual,
        t1_0.disponibilidade,
        t1_0.utilizador_id 
    from
        tecnico t1_0
2026-06-30 16:52:25.066 [main] DEBUG org.hibernate.SQL - 
    select
        u1_0.id,
        u1_0.created_at,
        u1_0.email,
        u1_0.nome,
        u1_0.password_hash,
        u1_0.role,
        u1_0.username 
    from
        utilizador u1_0 
    where
        u1_0.id=?
2026-06-30 16:52:25.076 [main] DEBUG org.hibernate.SQL - 
    select
        u1_0.id,
        u1_0.created_at,
        u1_0.email,
        u1_0.nome,
        u1_0.password_hash,
        u1_0.role,
        u1_0.username 
    from
        utilizador u1_0 
    where
        u1_0.id=?
2026-06-30 16:52:25.078 [main] DEBUG org.hibernate.SQL - 
    select
        u1_0.id,
        u1_0.created_at,
        u1_0.email,
        u1_0.nome,
        u1_0.password_hash,
        u1_0.role,
        u1_0.username 
    from
        utilizador u1_0 
    where
        u1_0.id=?
2026-06-30 16:52:25.081 [main] DEBUG org.hibernate.SQL - 
    select
        c1_0.tecnico_id,
        c1_1.id,
        c1_1.nome 
    from
        tecnico_competencia c1_0 
    join
        competencia c1_1 
            on c1_1.id=c1_0.competencia_id 
    where
        c1_0.tecnico_id=?
2026-06-30 16:52:25.085 [main] DEBUG org.hibernate.SQL - 
    select
        c1_0.tecnico_id,
        c1_1.id,
        c1_1.nome 
    from
        tecnico_competencia c1_0 
    join
        competencia c1_1 
            on c1_1.id=c1_0.competencia_id 
    where
        c1_0.tecnico_id=?
2026-06-30 16:52:25.087 [main] DEBUG org.hibernate.SQL - 
    select
        c1_0.tecnico_id,
        c1_1.id,
        c1_1.nome 
    from
        tecnico_competencia c1_0 
    join
        competencia c1_1 
            on c1_1.id=c1_0.competencia_id 
    where
        c1_0.tecnico_id=?
2026-06-30 16:52:25.103 [main] DEBUG org.hibernate.SQL - 
    select
        t1_0.id,
        t1_0.aberto_por_id,
        t1_0.ativo_id,
        t1_0.data_abertura,
        t1_0.data_fecho,
        t1_0.descricao,
        t1_0.estado,
        t1_0.prioridade,
        t1_0.tecnico_id,
        t1_0.tipo,
        t1_0.titulo 
    from
        ticket t1_0
2026-06-30 16:52:25.271 [main] WARN  o.s.b.a.o.j.JpaBaseConfiguration$JpaWebConfiguration - spring.jpa.open-in-view is enabled by default. Therefore, database queries may be performed during view rendering. Explicitly configure spring.jpa.open-in-view to disable this warning
2026-06-30 16:52:25.295 [main] INFO  o.s.b.a.w.s.WelcomePageHandlerMapping - Adding welcome page: class path resource [static/index.html]
2026-06-30 16:52:25.527 [main] INFO  o.s.b.a.e.web.EndpointLinksResolver - Exposing 3 endpoints beneath base path '/actuator'
2026-06-30 16:52:25.556 [main] INFO  o.s.s.c.a.a.c.InitializeAuthenticationProviderBeanManagerConfigurer$InitializeAuthenticationProviderManagerConfigurer - Global AuthenticationManager configured with AuthenticationProvider bean with name authenticationProvider
2026-06-30 16:52:25.557 [main] WARN  o.s.s.c.a.a.c.InitializeUserDetailsBeanManagerConfigurer$InitializeUserDetailsManagerConfigurer - Global AuthenticationManager configured with an AuthenticationProvider bean. UserDetailsService beans will not be used by Spring Security for automatically configuring username/password login. Consider removing the AuthenticationProvider bean. Alternatively, consider using the UserDetailsService in a manually instantiated DaoAuthenticationProvider. If the current configuration is intentional, to turn off this warning, increase the logging level of 'org.springframework.security.config.annotation.authentication.configuration.InitializeUserDetailsBeanManagerConfigurer' to ERROR
2026-06-30 16:52:25.651 [main] DEBUG o.s.s.web.DefaultSecurityFilterChain - Will secure any request with filters: DisableEncodeUrlFilter, WebAsyncManagerIntegrationFilter, SecurityContextHolderFilter, HeaderWriterFilter, LogoutFilter, JwtAuthenticationFilter, UsernamePasswordAuthenticationFilter, RequestCacheAwareFilter, SecurityContextHolderAwareRequestFilter, AnonymousAuthenticationFilter, SessionManagementFilter, ExceptionTranslationFilter, AuthorizationFilter
2026-06-30 16:52:25.940 [main] INFO  o.a.coyote.http11.Http11NioProtocol - Starting ProtocolHandler ["http-nio-8080"]
2026-06-30 16:52:25.957 [main] INFO  o.s.b.w.e.tomcat.TomcatWebServer - Tomcat started on port 8080 (http) with context path '/'
2026-06-30 16:52:25.968 [main] INFO  c.i.i.IncidentManagementApplication - Started IncidentManagementApplication in 5.024 seconds (process running for 5.312)
2026-06-30 16:52:30.075 [http-nio-8080-exec-1] INFO  o.a.c.c.C.[Tomcat].[localhost].[/] - Initializing Spring DispatcherServlet 'dispatcherServlet'
2026-06-30 16:52:30.076 [http-nio-8080-exec-1] INFO  o.s.web.servlet.DispatcherServlet - Initializing Servlet 'dispatcherServlet'
2026-06-30 16:52:30.077 [http-nio-8080-exec-1] INFO  o.s.web.servlet.DispatcherServlet - Completed initialization in 1 ms
2026-06-30 16:52:30.101 [http-nio-8080-exec-1] DEBUG o.s.security.web.FilterChainProxy - Securing POST /api/auth/login
2026-06-30 16:52:30.117 [http-nio-8080-exec-1] DEBUG o.s.s.w.a.AnonymousAuthenticationFilter - Set SecurityContextHolder to anonymous SecurityContext
2026-06-30 16:52:30.125 [http-nio-8080-exec-1] DEBUG o.s.security.web.FilterChainProxy - Secured POST /api/auth/login
2026-06-30 16:52:30.128 [http-nio-8080-exec-1] INFO  c.i.i.config.LoggingInterceptor - 📥 Requisição recebida: POST /api/auth/login | IP: 0:0:0:0:0:0:0:1
2026-06-30 16:52:30.204 [http-nio-8080-exec-1] DEBUG org.hibernate.SQL - 
    select
        u1_0.id,
        u1_0.created_at,
        u1_0.email,
        u1_0.nome,
        u1_0.password_hash,
        u1_0.role,
        u1_0.username 
    from
        utilizador u1_0 
    where
        u1_0.username=?
2026-06-30 16:52:30.303 [http-nio-8080-exec-1] INFO  c.i.i.config.LoggingInterceptor - 📤 Resposta enviada: POST /api/auth/login | Status: 401
2026-06-30 16:53:49.904 [http-nio-8080-exec-4] DEBUG o.s.security.web.FilterChainProxy - Securing POST /api/auth/register
2026-06-30 16:53:49.905 [http-nio-8080-exec-4] DEBUG o.s.s.w.a.AnonymousAuthenticationFilter - Set SecurityContextHolder to anonymous SecurityContext
2026-06-30 16:53:49.906 [http-nio-8080-exec-4] DEBUG o.s.security.web.FilterChainProxy - Secured POST /api/auth/register
2026-06-30 16:53:49.907 [http-nio-8080-exec-4] INFO  c.i.i.config.LoggingInterceptor - 📥 Requisição recebida: POST /api/auth/register | IP: 0:0:0:0:0:0:0:1
2026-06-30 16:53:49.909 [http-nio-8080-exec-4] DEBUG org.hibernate.SQL - 
    select
        u1_0.id,
        u1_0.created_at,
        u1_0.email,
        u1_0.nome,
        u1_0.password_hash,
        u1_0.role,
        u1_0.username 
    from
        utilizador u1_0 
    where
        u1_0.username=?
2026-06-30 16:53:50.003 [http-nio-8080-exec-4] DEBUG org.hibernate.SQL - 
    insert 
    into
        utilizador
        (created_at, email, nome, password_hash, role, username) 
    values
        (?, ?, ?, ?, ?, ?)
2026-06-30 16:53:50.035 [http-nio-8080-exec-4] INFO  c.i.i.config.LoggingInterceptor - 📤 Resposta enviada: POST /api/auth/register | Status: 201
2026-06-30 16:54:17.656 [http-nio-8080-exec-6] DEBUG o.s.security.web.FilterChainProxy - Securing POST /api/auth/login
2026-06-30 16:54:17.657 [http-nio-8080-exec-6] DEBUG o.s.s.w.a.AnonymousAuthenticationFilter - Set SecurityContextHolder to anonymous SecurityContext
2026-06-30 16:54:17.658 [http-nio-8080-exec-6] DEBUG o.s.security.web.FilterChainProxy - Secured POST /api/auth/login
2026-06-30 16:54:17.659 [http-nio-8080-exec-6] INFO  c.i.i.config.LoggingInterceptor - 📥 Requisição recebida: POST /api/auth/login | IP: 0:0:0:0:0:0:0:1
2026-06-30 16:54:17.661 [http-nio-8080-exec-6] DEBUG org.hibernate.SQL - 
    select
        u1_0.id,
        u1_0.created_at,
        u1_0.email,
        u1_0.nome,
        u1_0.password_hash,
        u1_0.role,
        u1_0.username 
    from
        utilizador u1_0 
    where
        u1_0.username=?
2026-06-30 16:54:17.856 [http-nio-8080-exec-6] INFO  c.i.i.config.LoggingInterceptor - 📤 Resposta enviada: POST /api/auth/login | Status: 200
2026-06-30 16:56:25.049 [http-nio-8080-exec-9] DEBUG o.s.security.web.FilterChainProxy - Securing POST /api/auth/login
2026-06-30 16:56:25.050 [http-nio-8080-exec-9] DEBUG o.s.s.w.a.AnonymousAuthenticationFilter - Set SecurityContextHolder to anonymous SecurityContext
2026-06-30 16:56:25.051 [http-nio-8080-exec-9] DEBUG o.s.security.web.FilterChainProxy - Secured POST /api/auth/login
2026-06-30 16:56:25.051 [http-nio-8080-exec-9] INFO  c.i.i.config.LoggingInterceptor - 📥 Requisição recebida: POST /api/auth/login | IP: 0:0:0:0:0:0:0:1
2026-06-30 16:56:25.053 [http-nio-8080-exec-9] DEBUG org.hibernate.SQL - 
    select
        u1_0.id,
        u1_0.created_at,
        u1_0.email,
        u1_0.nome,
        u1_0.password_hash,
        u1_0.role,
        u1_0.username 
    from
        utilizador u1_0 
    where
        u1_0.username=?
2026-06-30 16:56:25.056 [http-nio-8080-exec-9] WARN  o.s.s.c.bcrypt.BCryptPasswordEncoder - Encoded password does not look like BCrypt
2026-06-30 16:56:25.057 [http-nio-8080-exec-9] INFO  c.i.i.config.LoggingInterceptor - 📤 Resposta enviada: POST /api/auth/login | Status: 401
2026-06-30 16:58:52.983 [http-nio-8080-exec-1] DEBUG o.s.security.web.FilterChainProxy - Securing POST /api/auth/login
2026-06-30 16:58:52.983 [http-nio-8080-exec-1] DEBUG o.s.s.w.a.AnonymousAuthenticationFilter - Set SecurityContextHolder to anonymous SecurityContext
2026-06-30 16:58:52.984 [http-nio-8080-exec-1] DEBUG o.s.security.web.FilterChainProxy - Secured POST /api/auth/login
2026-06-30 16:58:52.985 [http-nio-8080-exec-1] INFO  c.i.i.config.LoggingInterceptor - 📥 Requisição recebida: POST /api/auth/login | IP: 0:0:0:0:0:0:0:1
2026-06-30 16:58:52.987 [http-nio-8080-exec-1] DEBUG org.hibernate.SQL - 
    select
        u1_0.id,
        u1_0.created_at,
        u1_0.email,
        u1_0.nome,
        u1_0.password_hash,
        u1_0.role,
        u1_0.username 
    from
        utilizador u1_0 
    where
        u1_0.username=?
2026-06-30 16:58:53.058 [http-nio-8080-exec-1] INFO  c.i.i.config.LoggingInterceptor - 📤 Resposta enviada: POST /api/auth/login | Status: 200
2026-06-30 16:59:30.399 [http-nio-8080-exec-3] DEBUG o.s.security.web.FilterChainProxy - Securing GET /api/tickets
2026-06-30 16:59:30.424 [http-nio-8080-exec-3] DEBUG o.s.s.w.a.AnonymousAuthenticationFilter - Set SecurityContextHolder to anonymous SecurityContext
2026-06-30 16:59:30.463 [http-nio-8080-exec-3] DEBUG o.s.s.w.s.HttpSessionRequestCache - Saved request http://localhost:8080/api/tickets?continue to session
2026-06-30 16:59:30.464 [http-nio-8080-exec-3] DEBUG o.s.s.web.DefaultRedirectStrategy - Redirecting to http://localhost:8080/login
2026-06-30 16:59:30.480 [http-nio-8080-exec-5] DEBUG o.s.security.web.FilterChainProxy - Securing GET /login
2026-06-30 16:59:30.482 [http-nio-8080-exec-5] DEBUG o.s.s.w.a.AnonymousAuthenticationFilter - Set SecurityContextHolder to anonymous SecurityContext
2026-06-30 16:59:30.482 [http-nio-8080-exec-5] DEBUG o.s.security.web.FilterChainProxy - Secured GET /login
2026-06-30 17:01:45.248 [http-nio-8080-exec-7] DEBUG o.s.security.web.FilterChainProxy - Securing POST /api/auth/login
2026-06-30 17:01:45.249 [http-nio-8080-exec-7] DEBUG o.s.s.w.a.AnonymousAuthenticationFilter - Set SecurityContextHolder to anonymous SecurityContext
2026-06-30 17:01:45.249 [http-nio-8080-exec-7] DEBUG o.s.security.web.FilterChainProxy - Secured POST /api/auth/login
2026-06-30 17:01:45.250 [http-nio-8080-exec-7] INFO  c.i.i.config.LoggingInterceptor - 📥 Requisição recebida: POST /api/auth/login | IP: 0:0:0:0:0:0:0:1
2026-06-30 17:01:45.253 [http-nio-8080-exec-7] DEBUG org.hibernate.SQL - 
    select
        u1_0.id,
        u1_0.created_at,
        u1_0.email,
        u1_0.nome,
        u1_0.password_hash,
        u1_0.role,
        u1_0.username 
    from
        utilizador u1_0 
    where
        u1_0.username=?
2026-06-30 17:01:45.325 [http-nio-8080-exec-7] INFO  c.i.i.config.LoggingInterceptor - 📤 Resposta enviada: POST /api/auth/login | Status: 200
2026-06-30 17:03:28.417 [http-nio-8080-exec-10] DEBUG o.s.security.web.FilterChainProxy - Securing POST /api/tickets
2026-06-30 17:03:28.418 [http-nio-8080-exec-10] DEBUG o.s.s.w.a.AnonymousAuthenticationFilter - Set SecurityContextHolder to anonymous SecurityContext
2026-06-30 17:03:28.420 [http-nio-8080-exec-10] DEBUG o.s.s.w.s.HttpSessionRequestCache - Saved request http://localhost:8080/api/tickets?continue to session
2026-06-30 17:03:28.420 [http-nio-8080-exec-10] DEBUG o.s.s.web.DefaultRedirectStrategy - Redirecting to http://localhost:8080/login
2026-06-30 17:03:28.424 [http-nio-8080-exec-2] DEBUG o.s.security.web.FilterChainProxy - Securing GET /login
2026-06-30 17:03:28.424 [http-nio-8080-exec-2] DEBUG o.s.s.w.a.AnonymousAuthenticationFilter - Set SecurityContextHolder to anonymous SecurityContext
2026-06-30 17:03:28.425 [http-nio-8080-exec-2] DEBUG o.s.security.web.FilterChainProxy - Secured GET /login
2026-06-30 17:05:16.966 [http-nio-8080-exec-3] DEBUG o.s.security.web.FilterChainProxy - Securing GET /login
2026-06-30 17:05:16.967 [http-nio-8080-exec-3] DEBUG o.s.s.w.a.AnonymousAuthenticationFilter - Set SecurityContextHolder to anonymous SecurityContext
2026-06-30 17:05:16.967 [http-nio-8080-exec-3] DEBUG o.s.s.w.s.SessionManagementFilter - Request requested invalid session id 9A9F2B94581960F55695A46D7088A564
2026-06-30 17:05:16.968 [http-nio-8080-exec-3] DEBUG o.s.security.web.FilterChainProxy - Secured GET /login
2026-06-30 17:05:17.028 [http-nio-8080-exec-5] DEBUG o.s.security.web.FilterChainProxy - Securing GET /favicon.ico
2026-06-30 17:05:17.029 [http-nio-8080-exec-5] DEBUG o.s.s.w.a.AnonymousAuthenticationFilter - Set SecurityContextHolder to anonymous SecurityContext
2026-06-30 17:05:17.029 [http-nio-8080-exec-5] DEBUG o.s.s.w.s.SessionManagementFilter - Request requested invalid session id 9A9F2B94581960F55695A46D7088A564
2026-06-30 17:05:17.030 [http-nio-8080-exec-5] DEBUG o.s.s.web.DefaultRedirectStrategy - Redirecting to http://localhost:8080/login
2026-06-30 17:05:18.451 [http-nio-8080-exec-4] DEBUG o.s.security.web.FilterChainProxy - Securing POST /login
2026-06-30 17:05:18.567 [http-nio-8080-exec-4] DEBUG org.hibernate.SQL - 
    select
        u1_0.id,
        u1_0.created_at,
        u1_0.email,
        u1_0.nome,
        u1_0.password_hash,
        u1_0.role,
        u1_0.username 
    from
        utilizador u1_0 
    where
        u1_0.username=?
2026-06-30 17:05:18.644 [http-nio-8080-exec-4] DEBUG o.s.s.a.d.DaoAuthenticationProvider - Failed to authenticate since password does not match stored value
2026-06-30 17:05:18.645 [http-nio-8080-exec-4] DEBUG o.s.s.authentication.ProviderManager - Authentication failed with provider DaoAuthenticationProvider since Bad credentials
2026-06-30 17:05:18.646 [http-nio-8080-exec-4] DEBUG org.hibernate.SQL - 
    select
        u1_0.id,
        u1_0.created_at,
        u1_0.email,
        u1_0.nome,
        u1_0.password_hash,
        u1_0.role,
        u1_0.username 
    from
        utilizador u1_0 
    where
        u1_0.username=?
2026-06-30 17:05:18.722 [http-nio-8080-exec-4] DEBUG o.s.s.a.d.DaoAuthenticationProvider - Failed to authenticate since password does not match stored value
2026-06-30 17:05:18.722 [http-nio-8080-exec-4] DEBUG o.s.s.authentication.ProviderManager - Authentication failed with provider DaoAuthenticationProvider since Bad credentials
2026-06-30 17:05:18.723 [http-nio-8080-exec-4] DEBUG o.s.s.authentication.ProviderManager - Denying authentication since all attempted providers failed
2026-06-30 17:05:18.725 [http-nio-8080-exec-4] DEBUG o.s.s.web.DefaultRedirectStrategy - Redirecting to /login?error=true
2026-06-30 17:05:18.730 [http-nio-8080-exec-6] DEBUG o.s.security.web.FilterChainProxy - Securing GET /login?error=true
2026-06-30 17:05:18.746 [http-nio-8080-exec-6] DEBUG o.s.s.w.a.AnonymousAuthenticationFilter - Set SecurityContextHolder to anonymous SecurityContext
2026-06-30 17:05:18.748 [http-nio-8080-exec-6] DEBUG o.s.security.web.FilterChainProxy - Secured GET /login?error=true
2026-06-30 17:05:18.781 [http-nio-8080-exec-7] DEBUG o.s.security.web.FilterChainProxy - Securing GET /favicon.ico
2026-06-30 17:05:18.781 [http-nio-8080-exec-7] DEBUG o.s.s.w.a.AnonymousAuthenticationFilter - Set SecurityContextHolder to anonymous SecurityContext
2026-06-30 17:05:18.782 [http-nio-8080-exec-7] DEBUG o.s.s.web.DefaultRedirectStrategy - Redirecting to http://localhost:8080/login
2026-06-30 17:05:18.786 [http-nio-8080-exec-8] DEBUG o.s.security.web.FilterChainProxy - Securing GET /login
2026-06-30 17:05:18.786 [http-nio-8080-exec-8] DEBUG o.s.s.w.a.AnonymousAuthenticationFilter - Set SecurityContextHolder to anonymous SecurityContext
2026-06-30 17:05:18.787 [http-nio-8080-exec-8] DEBUG o.s.security.web.FilterChainProxy - Secured GET /login
2026-06-30 17:05:31.962 [http-nio-8080-exec-9] DEBUG o.s.security.web.FilterChainProxy - Securing POST /login
2026-06-30 17:05:31.964 [http-nio-8080-exec-9] DEBUG org.hibernate.SQL - 
    select
        u1_0.id,
        u1_0.created_at,
        u1_0.email,
        u1_0.nome,
        u1_0.password_hash,
        u1_0.role,
        u1_0.username 
    from
        utilizador u1_0 
    where
        u1_0.username=?
2026-06-30 17:05:32.038 [http-nio-8080-exec-9] DEBUG o.s.s.a.d.DaoAuthenticationProvider - Authenticated user
2026-06-30 17:05:32.038 [http-nio-8080-exec-9] DEBUG o.s.s.w.a.s.ChangeSessionIdAuthenticationStrategy - Changed session id from 513753E275F3DD547EF45FCE52E16738
2026-06-30 17:05:32.040 [http-nio-8080-exec-9] DEBUG o.s.s.w.c.HttpSessionSecurityContextRepository - Stored SecurityContextImpl [Authentication=UsernamePasswordAuthenticationToken [Principal=com.itsm.incidentmanagement.security.service.CustomUserDetails@2089355b, Credentials=[PROTECTED], Authenticated=true, Details=WebAuthenticationDetails [RemoteIpAddress=127.0.0.1, SessionId=513753E275F3DD547EF45FCE52E16738], Granted Authorities=[ROLE_ADMIN]]] to HttpSession [org.apache.catalina.session.StandardSessionFacade@60f23cfe]
2026-06-30 17:05:32.040 [http-nio-8080-exec-9] DEBUG o.s.s.w.a.UsernamePasswordAuthenticationFilter - Set SecurityContextHolder to UsernamePasswordAuthenticationToken [Principal=com.itsm.incidentmanagement.security.service.CustomUserDetails@2089355b, Credentials=[PROTECTED], Authenticated=true, Details=WebAuthenticationDetails [RemoteIpAddress=127.0.0.1, SessionId=513753E275F3DD547EF45FCE52E16738], Granted Authorities=[ROLE_ADMIN]]
2026-06-30 17:05:32.040 [http-nio-8080-exec-9] DEBUG o.s.s.web.DefaultRedirectStrategy - Redirecting to /admin/dashboard
2026-06-30 17:05:32.044 [http-nio-8080-exec-10] DEBUG o.s.security.web.FilterChainProxy - Securing GET /admin/dashboard
2026-06-30 17:05:32.045 [http-nio-8080-exec-10] DEBUG o.s.s.w.c.HttpSessionSecurityContextRepository - Retrieved SecurityContextImpl [Authentication=UsernamePasswordAuthenticationToken [Principal=com.itsm.incidentmanagement.security.service.CustomUserDetails@2089355b, Credentials=[PROTECTED], Authenticated=true, Details=WebAuthenticationDetails [RemoteIpAddress=127.0.0.1, SessionId=513753E275F3DD547EF45FCE52E16738], Granted Authorities=[ROLE_ADMIN]]]
2026-06-30 17:05:32.046 [http-nio-8080-exec-10] DEBUG o.s.security.web.FilterChainProxy - Secured GET /admin/dashboard
2026-06-30 17:05:32.049 [http-nio-8080-exec-10] DEBUG org.hibernate.SQL - 
    select
        t1_0.id,
        t1_0.aberto_por_id,
        t1_0.ativo_id,
        t1_0.data_abertura,
        t1_0.data_fecho,
        t1_0.descricao,
        t1_0.estado,
        t1_0.prioridade,
        t1_0.tecnico_id,
        t1_0.tipo,
        t1_0.titulo 
    from
        ticket t1_0
2026-06-30 17:05:32.054 [http-nio-8080-exec-10] DEBUG org.hibernate.SQL - 
    select
        t1_0.id,
        t1_0.aberto_por_id,
        t1_0.ativo_id,
        t1_0.data_abertura,
        t1_0.data_fecho,
        t1_0.descricao,
        t1_0.estado,
        t1_0.prioridade,
        t1_0.tecnico_id,
        t1_0.tipo,
        t1_0.titulo 
    from
        ticket t1_0 
    where
        t1_0.estado=?
2026-06-30 17:05:32.057 [http-nio-8080-exec-10] DEBUG org.hibernate.SQL - 
    select
        t1_0.id,
        t1_0.carga_trabalho_atual,
        t1_0.disponibilidade,
        t1_0.utilizador_id 
    from
        tecnico t1_0
2026-06-30 17:05:32.059 [http-nio-8080-exec-10] DEBUG org.hibernate.SQL - 
    select
        u1_0.id,
        u1_0.created_at,
        u1_0.email,
        u1_0.nome,
        u1_0.password_hash,
        u1_0.role,
        u1_0.username 
    from
        utilizador u1_0 
    where
        u1_0.id=?
2026-06-30 17:05:32.060 [http-nio-8080-exec-10] DEBUG org.hibernate.SQL - 
    select
        u1_0.id,
        u1_0.created_at,
        u1_0.email,
        u1_0.nome,
        u1_0.password_hash,
        u1_0.role,
        u1_0.username 
    from
        utilizador u1_0 
    where
        u1_0.id=?
2026-06-30 17:05:32.062 [http-nio-8080-exec-10] DEBUG org.hibernate.SQL - 
    select
        u1_0.id,
        u1_0.created_at,
        u1_0.email,
        u1_0.nome,
        u1_0.password_hash,
        u1_0.role,
        u1_0.username 
    from
        utilizador u1_0 
    where
        u1_0.id=?
2026-06-30 17:05:32.064 [http-nio-8080-exec-10] DEBUG org.hibernate.SQL - 
    select
        c1_0.tecnico_id,
        c1_1.id,
        c1_1.nome 
    from
        tecnico_competencia c1_0 
    join
        competencia c1_1 
            on c1_1.id=c1_0.competencia_id 
    where
        c1_0.tecnico_id=?
2026-06-30 17:05:32.066 [http-nio-8080-exec-10] DEBUG org.hibernate.SQL - 
    select
        c1_0.tecnico_id,
        c1_1.id,
        c1_1.nome 
    from
        tecnico_competencia c1_0 
    join
        competencia c1_1 
            on c1_1.id=c1_0.competencia_id 
    where
        c1_0.tecnico_id=?
2026-06-30 17:05:32.068 [http-nio-8080-exec-10] DEBUG org.hibernate.SQL - 
    select
        c1_0.tecnico_id,
        c1_1.id,
        c1_1.nome 
    from
        tecnico_competencia c1_0 
    join
        competencia c1_1 
            on c1_1.id=c1_0.competencia_id 
    where
        c1_0.tecnico_id=?
2026-06-30 17:05:32.072 [http-nio-8080-exec-10] DEBUG org.hibernate.SQL - 
    select
        u1_0.id,
        u1_0.created_at,
        u1_0.email,
        u1_0.nome,
        u1_0.password_hash,
        u1_0.role,
        u1_0.username 
    from
        utilizador u1_0
2026-06-30 17:05:32.076 [http-nio-8080-exec-10] DEBUG org.hibernate.SQL - 
    select
        c1_0.id,
        c1_0.nome 
    from
        competencia c1_0
2026-06-30 17:05:32.079 [http-nio-8080-exec-10] DEBUG org.hibernate.SQL - 
    select
        t1_0.id,
        t1_0.aberto_por_id,
        t1_0.ativo_id,
        t1_0.data_abertura,
        t1_0.data_fecho,
        t1_0.descricao,
        t1_0.estado,
        t1_0.prioridade,
        t1_0.tecnico_id,
        t1_0.tipo,
        t1_0.titulo 
    from
        ticket t1_0
2026-06-30 17:05:32.207 [http-nio-8080-exec-2] DEBUG o.s.security.web.FilterChainProxy - Securing GET /favicon.ico
2026-06-30 17:05:32.208 [http-nio-8080-exec-2] DEBUG o.s.s.w.c.HttpSessionSecurityContextRepository - Retrieved SecurityContextImpl [Authentication=UsernamePasswordAuthenticationToken [Principal=com.itsm.incidentmanagement.security.service.CustomUserDetails@2089355b, Credentials=[PROTECTED], Authenticated=true, Details=WebAuthenticationDetails [RemoteIpAddress=127.0.0.1, SessionId=513753E275F3DD547EF45FCE52E16738], Granted Authorities=[ROLE_ADMIN]]]
2026-06-30 17:05:32.208 [http-nio-8080-exec-2] DEBUG o.s.security.web.FilterChainProxy - Secured GET /favicon.ico
2026-06-30 17:07:49.081 [http-nio-8080-exec-5] DEBUG o.s.security.web.FilterChainProxy - Securing POST /api/auth/register
2026-06-30 17:07:49.082 [http-nio-8080-exec-5] DEBUG o.s.s.w.a.AnonymousAuthenticationFilter - Set SecurityContextHolder to anonymous SecurityContext
2026-06-30 17:07:49.083 [http-nio-8080-exec-5] DEBUG o.s.security.web.FilterChainProxy - Secured POST /api/auth/register
2026-06-30 17:07:49.083 [http-nio-8080-exec-5] INFO  c.i.i.config.LoggingInterceptor - 📥 Requisição recebida: POST /api/auth/register | IP: 0:0:0:0:0:0:0:1
2026-06-30 17:07:49.085 [http-nio-8080-exec-5] DEBUG org.hibernate.SQL - 
    select
        u1_0.id,
        u1_0.created_at,
        u1_0.email,
        u1_0.nome,
        u1_0.password_hash,
        u1_0.role,
        u1_0.username 
    from
        utilizador u1_0 
    where
        u1_0.username=?
2026-06-30 17:07:49.159 [http-nio-8080-exec-5] DEBUG org.hibernate.SQL - 
    insert 
    into
        utilizador
        (created_at, email, nome, password_hash, role, username) 
    values
        (?, ?, ?, ?, ?, ?)
2026-06-30 17:07:49.177 [http-nio-8080-exec-5] WARN  o.h.e.jdbc.spi.SqlExceptionHelper - SQL Error: 0, SQLState: 23505
2026-06-30 17:07:49.178 [http-nio-8080-exec-5] ERROR o.h.e.jdbc.spi.SqlExceptionHelper - ERROR: duplicate key value violates unique constraint "ukeougu510uft70icifeafv6cll"
  Detail: Key (email)=(carlos@itsm.com) already exists.
2026-06-30 17:07:49.196 [http-nio-8080-exec-5] INFO  c.i.i.config.LoggingInterceptor - 📤 Resposta enviada: POST /api/auth/register | Status: 400
2026-06-30 17:09:35.536 [http-nio-8080-exec-6] DEBUG o.s.security.web.FilterChainProxy - Securing POST /api/auth/register
2026-06-30 17:09:35.537 [http-nio-8080-exec-6] DEBUG o.s.s.w.a.AnonymousAuthenticationFilter - Set SecurityContextHolder to anonymous SecurityContext
2026-06-30 17:09:35.538 [http-nio-8080-exec-6] DEBUG o.s.security.web.FilterChainProxy - Secured POST /api/auth/register
2026-06-30 17:09:35.538 [http-nio-8080-exec-6] INFO  c.i.i.config.LoggingInterceptor - 📥 Requisição recebida: POST /api/auth/register | IP: 0:0:0:0:0:0:0:1
2026-06-30 17:09:35.541 [http-nio-8080-exec-6] DEBUG org.hibernate.SQL - 
    select
        u1_0.id,
        u1_0.created_at,
        u1_0.email,
        u1_0.nome,
        u1_0.password_hash,
        u1_0.role,
        u1_0.username 
    from
        utilizador u1_0 
    where
        u1_0.username=?
2026-06-30 17:09:35.611 [http-nio-8080-exec-6] DEBUG org.hibernate.SQL - 
    insert 
    into
        utilizador
        (created_at, email, nome, password_hash, role, username) 
    values
        (?, ?, ?, ?, ?, ?)
2026-06-30 17:09:35.621 [http-nio-8080-exec-6] INFO  c.i.i.config.LoggingInterceptor - 📤 Resposta enviada: POST /api/auth/register | Status: 201
2026-06-30 17:10:35.354 [http-nio-8080-exec-7] DEBUG o.s.security.web.FilterChainProxy - Securing POST /api/auth/login
2026-06-30 17:10:35.355 [http-nio-8080-exec-7] DEBUG o.s.s.w.a.AnonymousAuthenticationFilter - Set SecurityContextHolder to anonymous SecurityContext
2026-06-30 17:10:35.355 [http-nio-8080-exec-7] DEBUG o.s.security.web.FilterChainProxy - Secured POST /api/auth/login
2026-06-30 17:10:35.355 [http-nio-8080-exec-7] INFO  c.i.i.config.LoggingInterceptor - 📥 Requisição recebida: POST /api/auth/login | IP: 0:0:0:0:0:0:0:1
2026-06-30 17:10:35.357 [http-nio-8080-exec-7] DEBUG org.hibernate.SQL - 
    select
        u1_0.id,
        u1_0.created_at,
        u1_0.email,
        u1_0.nome,
        u1_0.password_hash,
        u1_0.role,
        u1_0.username 
    from
        utilizador u1_0 
    where
        u1_0.username=?
2026-06-30 17:10:35.429 [http-nio-8080-exec-7] INFO  c.i.i.config.LoggingInterceptor - 📤 Resposta enviada: POST /api/auth/login | Status: 200
2026-06-30 17:10:54.790 [http-nio-8080-exec-9] DEBUG o.s.security.web.FilterChainProxy - Securing GET /admin/dashboard
2026-06-30 17:10:54.791 [http-nio-8080-exec-9] DEBUG o.s.s.w.c.HttpSessionSecurityContextRepository - Retrieved SecurityContextImpl [Authentication=UsernamePasswordAuthenticationToken [Principal=com.itsm.incidentmanagement.security.service.CustomUserDetails@2089355b, Credentials=[PROTECTED], Authenticated=true, Details=WebAuthenticationDetails [RemoteIpAddress=127.0.0.1, SessionId=513753E275F3DD547EF45FCE52E16738], Granted Authorities=[ROLE_ADMIN]]]
2026-06-30 17:10:54.791 [http-nio-8080-exec-9] DEBUG o.s.security.web.FilterChainProxy - Secured GET /admin/dashboard
2026-06-30 17:10:54.794 [http-nio-8080-exec-9] DEBUG org.hibernate.SQL - 
    select
        t1_0.id,
        t1_0.aberto_por_id,
        t1_0.ativo_id,
        t1_0.data_abertura,
        t1_0.data_fecho,
        t1_0.descricao,
        t1_0.estado,
        t1_0.prioridade,
        t1_0.tecnico_id,
        t1_0.tipo,
        t1_0.titulo 
    from
        ticket t1_0
2026-06-30 17:10:54.796 [http-nio-8080-exec-9] DEBUG org.hibernate.SQL - 
    select
        t1_0.id,
        t1_0.aberto_por_id,
        t1_0.ativo_id,
        t1_0.data_abertura,
        t1_0.data_fecho,
        t1_0.descricao,
        t1_0.estado,
        t1_0.prioridade,
        t1_0.tecnico_id,
        t1_0.tipo,
        t1_0.titulo 
    from
        ticket t1_0 
    where
        t1_0.estado=?
2026-06-30 17:10:54.798 [http-nio-8080-exec-9] DEBUG org.hibernate.SQL - 
    select
        t1_0.id,
        t1_0.carga_trabalho_atual,
        t1_0.disponibilidade,
        t1_0.utilizador_id 
    from
        tecnico t1_0
2026-06-30 17:10:54.800 [http-nio-8080-exec-9] DEBUG org.hibernate.SQL - 
    select
        u1_0.id,
        u1_0.created_at,
        u1_0.email,
        u1_0.nome,
        u1_0.password_hash,
        u1_0.role,
        u1_0.username 
    from
        utilizador u1_0 
    where
        u1_0.id=?
2026-06-30 17:10:54.802 [http-nio-8080-exec-9] DEBUG org.hibernate.SQL - 
    select
        u1_0.id,
        u1_0.created_at,
        u1_0.email,
        u1_0.nome,
        u1_0.password_hash,
        u1_0.role,
        u1_0.username 
    from
        utilizador u1_0 
    where
        u1_0.id=?
2026-06-30 17:10:54.804 [http-nio-8080-exec-9] DEBUG org.hibernate.SQL - 
    select
        u1_0.id,
        u1_0.created_at,
        u1_0.email,
        u1_0.nome,
        u1_0.password_hash,
        u1_0.role,
        u1_0.username 
    from
        utilizador u1_0 
    where
        u1_0.id=?
2026-06-30 17:10:54.805 [http-nio-8080-exec-9] DEBUG org.hibernate.SQL - 
    select
        c1_0.tecnico_id,
        c1_1.id,
        c1_1.nome 
    from
        tecnico_competencia c1_0 
    join
        competencia c1_1 
            on c1_1.id=c1_0.competencia_id 
    where
        c1_0.tecnico_id=?
2026-06-30 17:10:54.806 [http-nio-8080-exec-9] DEBUG org.hibernate.SQL - 
    select
        c1_0.tecnico_id,
        c1_1.id,
        c1_1.nome 
    from
        tecnico_competencia c1_0 
    join
        competencia c1_1 
            on c1_1.id=c1_0.competencia_id 
    where
        c1_0.tecnico_id=?
2026-06-30 17:10:54.807 [http-nio-8080-exec-9] DEBUG org.hibernate.SQL - 
    select
        c1_0.tecnico_id,
        c1_1.id,
        c1_1.nome 
    from
        tecnico_competencia c1_0 
    join
        competencia c1_1 
            on c1_1.id=c1_0.competencia_id 
    where
        c1_0.tecnico_id=?
2026-06-30 17:10:54.811 [http-nio-8080-exec-9] DEBUG org.hibernate.SQL - 
    select
        u1_0.id,
        u1_0.created_at,
        u1_0.email,
        u1_0.nome,
        u1_0.password_hash,
        u1_0.role,
        u1_0.username 
    from
        utilizador u1_0
2026-06-30 17:10:54.813 [http-nio-8080-exec-9] DEBUG org.hibernate.SQL - 
    select
        c1_0.id,
        c1_0.nome 
    from
        competencia c1_0
2026-06-30 17:10:54.817 [http-nio-8080-exec-9] DEBUG org.hibernate.SQL - 
    select
        t1_0.id,
        t1_0.aberto_por_id,
        t1_0.ativo_id,
        t1_0.data_abertura,
        t1_0.data_fecho,
        t1_0.descricao,
        t1_0.estado,
        t1_0.prioridade,
        t1_0.tecnico_id,
        t1_0.tipo,
        t1_0.titulo 
    from
        ticket t1_0
2026-06-30 17:10:54.845 [http-nio-8080-exec-10] DEBUG o.s.security.web.FilterChainProxy - Securing GET /favicon.ico
2026-06-30 17:10:54.846 [http-nio-8080-exec-10] DEBUG o.s.s.w.c.HttpSessionSecurityContextRepository - Retrieved SecurityContextImpl [Authentication=UsernamePasswordAuthenticationToken [Principal=com.itsm.incidentmanagement.security.service.CustomUserDetails@2089355b, Credentials=[PROTECTED], Authenticated=true, Details=WebAuthenticationDetails [RemoteIpAddress=127.0.0.1, SessionId=513753E275F3DD547EF45FCE52E16738], Granted Authorities=[ROLE_ADMIN]]]
2026-06-30 17:10:54.847 [http-nio-8080-exec-10] DEBUG o.s.security.web.FilterChainProxy - Secured GET /favicon.ico
2026-06-30 17:10:56.407 [http-nio-8080-exec-2] DEBUG o.s.security.web.FilterChainProxy - Securing GET /admin/users
2026-06-30 17:10:56.408 [http-nio-8080-exec-2] DEBUG o.s.s.w.c.HttpSessionSecurityContextRepository - Retrieved SecurityContextImpl [Authentication=UsernamePasswordAuthenticationToken [Principal=com.itsm.incidentmanagement.security.service.CustomUserDetails@2089355b, Credentials=[PROTECTED], Authenticated=true, Details=WebAuthenticationDetails [RemoteIpAddress=127.0.0.1, SessionId=513753E275F3DD547EF45FCE52E16738], Granted Authorities=[ROLE_ADMIN]]]
2026-06-30 17:10:56.408 [http-nio-8080-exec-2] DEBUG o.s.security.web.FilterChainProxy - Secured GET /admin/users
2026-06-30 17:10:56.411 [http-nio-8080-exec-2] DEBUG org.hibernate.SQL - 
    select
        u1_0.id,
        u1_0.created_at,
        u1_0.email,
        u1_0.nome,
        u1_0.password_hash,
        u1_0.role,
        u1_0.username 
    from
        utilizador u1_0
2026-06-30 17:10:56.450 [http-nio-8080-exec-1] DEBUG o.s.security.web.FilterChainProxy - Securing GET /favicon.ico
2026-06-30 17:10:56.451 [http-nio-8080-exec-1] DEBUG o.s.s.w.c.HttpSessionSecurityContextRepository - Retrieved SecurityContextImpl [Authentication=UsernamePasswordAuthenticationToken [Principal=com.itsm.incidentmanagement.security.service.CustomUserDetails@2089355b, Credentials=[PROTECTED], Authenticated=true, Details=WebAuthenticationDetails [RemoteIpAddress=127.0.0.1, SessionId=513753E275F3DD547EF45FCE52E16738], Granted Authorities=[ROLE_ADMIN]]]
2026-06-30 17:10:56.453 [http-nio-8080-exec-1] DEBUG o.s.security.web.FilterChainProxy - Secured GET /favicon.ico
2026-06-30 17:11:18.383 [http-nio-8080-exec-5] DEBUG o.s.security.web.FilterChainProxy - Securing GET /
2026-06-30 17:11:18.384 [http-nio-8080-exec-5] DEBUG o.s.security.web.FilterChainProxy - Secured GET /
2026-06-30 17:11:18.387 [http-nio-8080-exec-5] DEBUG o.s.s.w.c.HttpSessionSecurityContextRepository - Retrieved SecurityContextImpl [Authentication=UsernamePasswordAuthenticationToken [Principal=com.itsm.incidentmanagement.security.service.CustomUserDetails@2089355b, Credentials=[PROTECTED], Authenticated=true, Details=WebAuthenticationDetails [RemoteIpAddress=127.0.0.1, SessionId=513753E275F3DD547EF45FCE52E16738], Granted Authorities=[ROLE_ADMIN]]]
2026-06-30 17:11:18.390 [http-nio-8080-exec-4] DEBUG o.s.security.web.FilterChainProxy - Securing GET /admin/dashboard
2026-06-30 17:11:18.391 [http-nio-8080-exec-4] DEBUG o.s.s.w.c.HttpSessionSecurityContextRepository - Retrieved SecurityContextImpl [Authentication=UsernamePasswordAuthenticationToken [Principal=com.itsm.incidentmanagement.security.service.CustomUserDetails@2089355b, Credentials=[PROTECTED], Authenticated=true, Details=WebAuthenticationDetails [RemoteIpAddress=127.0.0.1, SessionId=513753E275F3DD547EF45FCE52E16738], Granted Authorities=[ROLE_ADMIN]]]
2026-06-30 17:11:18.392 [http-nio-8080-exec-4] DEBUG o.s.security.web.FilterChainProxy - Secured GET /admin/dashboard
2026-06-30 17:11:18.394 [http-nio-8080-exec-4] DEBUG org.hibernate.SQL - 
    select
        t1_0.id,
        t1_0.aberto_por_id,
        t1_0.ativo_id,
        t1_0.data_abertura,
        t1_0.data_fecho,
        t1_0.descricao,
        t1_0.estado,
        t1_0.prioridade,
        t1_0.tecnico_id,
        t1_0.tipo,
        t1_0.titulo 
    from
        ticket t1_0
2026-06-30 17:11:18.396 [http-nio-8080-exec-4] DEBUG org.hibernate.SQL - 
    select
        t1_0.id,
        t1_0.aberto_por_id,
        t1_0.ativo_id,
        t1_0.data_abertura,
        t1_0.data_fecho,
        t1_0.descricao,
        t1_0.estado,
        t1_0.prioridade,
        t1_0.tecnico_id,
        t1_0.tipo,
        t1_0.titulo 
    from
        ticket t1_0 
    where
        t1_0.estado=?
2026-06-30 17:11:18.398 [http-nio-8080-exec-4] DEBUG org.hibernate.SQL - 
    select
        t1_0.id,
        t1_0.carga_trabalho_atual,
        t1_0.disponibilidade,
        t1_0.utilizador_id 
    from
        tecnico t1_0
2026-06-30 17:11:18.400 [http-nio-8080-exec-4] DEBUG org.hibernate.SQL - 
    select
        u1_0.id,
        u1_0.created_at,
        u1_0.email,
        u1_0.nome,
        u1_0.password_hash,
        u1_0.role,
        u1_0.username 
    from
        utilizador u1_0 
    where
        u1_0.id=?
2026-06-30 17:11:18.401 [http-nio-8080-exec-4] DEBUG org.hibernate.SQL - 
    select
        u1_0.id,
        u1_0.created_at,
        u1_0.email,
        u1_0.nome,
        u1_0.password_hash,
        u1_0.role,
        u1_0.username 
    from
        utilizador u1_0 
    where
        u1_0.id=?
2026-06-30 17:11:18.402 [http-nio-8080-exec-4] DEBUG org.hibernate.SQL - 
    select
        u1_0.id,
        u1_0.created_at,
        u1_0.email,
        u1_0.nome,
        u1_0.password_hash,
        u1_0.role,
        u1_0.username 
    from
        utilizador u1_0 
    where
        u1_0.id=?
2026-06-30 17:11:18.403 [http-nio-8080-exec-4] DEBUG org.hibernate.SQL - 
    select
        c1_0.tecnico_id,
        c1_1.id,
        c1_1.nome 
    from
        tecnico_competencia c1_0 
    join
        competencia c1_1 
            on c1_1.id=c1_0.competencia_id 
    where
        c1_0.tecnico_id=?
2026-06-30 17:11:18.405 [http-nio-8080-exec-4] DEBUG org.hibernate.SQL - 
    select
        c1_0.tecnico_id,
        c1_1.id,
        c1_1.nome 
    from
        tecnico_competencia c1_0 
    join
        competencia c1_1 
            on c1_1.id=c1_0.competencia_id 
    where
        c1_0.tecnico_id=?
2026-06-30 17:11:18.406 [http-nio-8080-exec-4] DEBUG org.hibernate.SQL - 
    select
        c1_0.tecnico_id,
        c1_1.id,
        c1_1.nome 
    from
        tecnico_competencia c1_0 
    join
        competencia c1_1 
            on c1_1.id=c1_0.competencia_id 
    where
        c1_0.tecnico_id=?
2026-06-30 17:11:18.410 [http-nio-8080-exec-4] DEBUG org.hibernate.SQL - 
    select
        u1_0.id,
        u1_0.created_at,
        u1_0.email,
        u1_0.nome,
        u1_0.password_hash,
        u1_0.role,
        u1_0.username 
    from
        utilizador u1_0
2026-06-30 17:11:18.413 [http-nio-8080-exec-4] DEBUG org.hibernate.SQL - 
    select
        c1_0.id,
        c1_0.nome 
    from
        competencia c1_0
2026-06-30 17:11:18.417 [http-nio-8080-exec-4] DEBUG org.hibernate.SQL - 
    select
        t1_0.id,
        t1_0.aberto_por_id,
        t1_0.ativo_id,
        t1_0.data_abertura,
        t1_0.data_fecho,
        t1_0.descricao,
        t1_0.estado,
        t1_0.prioridade,
        t1_0.tecnico_id,
        t1_0.tipo,
        t1_0.titulo 
    from
        ticket t1_0
2026-06-30 17:11:18.449 [http-nio-8080-exec-6] DEBUG o.s.security.web.FilterChainProxy - Securing GET /favicon.ico
2026-06-30 17:11:18.449 [http-nio-8080-exec-6] DEBUG o.s.s.w.c.HttpSessionSecurityContextRepository - Retrieved SecurityContextImpl [Authentication=UsernamePasswordAuthenticationToken [Principal=com.itsm.incidentmanagement.security.service.CustomUserDetails@2089355b, Credentials=[PROTECTED], Authenticated=true, Details=WebAuthenticationDetails [RemoteIpAddress=127.0.0.1, SessionId=513753E275F3DD547EF45FCE52E16738], Granted Authorities=[ROLE_ADMIN]]]
2026-06-30 17:11:18.450 [http-nio-8080-exec-6] DEBUG o.s.security.web.FilterChainProxy - Secured GET /favicon.ico
2026-06-30 17:14:35.783 [main] INFO  o.s.b.a.l.ConditionEvaluationReportLogger - 

Error starting ApplicationContext. To display the condition evaluation report re-run your application with 'debug' enabled.
2026-06-30 17:14:35.785 [SpringApplicationShutdownHook] INFO  o.s.b.w.e.tomcat.GracefulShutdown - Commencing graceful shutdown. Waiting for active requests to complete
2026-06-30 17:14:35.790 [tomcat-shutdown] INFO  o.s.b.w.e.tomcat.GracefulShutdown - Graceful shutdown complete
2026-06-30 17:14:35.797 [SpringApplicationShutdownHook] INFO  o.s.o.j.LocalContainerEntityManagerFactoryBean - Closing JPA EntityManagerFactory for persistence unit 'default'
2026-06-30 17:14:35.800 [SpringApplicationShutdownHook] INFO  com.zaxxer.hikari.HikariDataSource - HikariPool-1 - Shutdown initiated...
2026-06-30 17:14:35.803 [SpringApplicationShutdownHook] INFO  com.zaxxer.hikari.HikariDataSource - HikariPool-1 - Shutdown completed.
2026-06-30 17:14:54.728 [background-preinit] INFO  o.h.validator.internal.util.Version - HV000001: Hibernate Validator 8.0.3.Final
2026-06-30 17:14:54.777 [main] INFO  c.i.i.IncidentManagementApplication - Starting IncidentManagementApplication using Java 21.0.10 with PID 12572 (C:\Users\Usuario\Documents\Tecnisign\UFCD 10790 – Projeto de Programação\incident-management\target\classes started by Usuario in C:\Users\Usuario\Documents\Tecnisign\UFCD 10790 – Projeto de Programação\incident-management)
2026-06-30 17:14:54.778 [main] DEBUG c.i.i.IncidentManagementApplication - Running with Spring Boot v3.5.14, Spring v6.2.18
2026-06-30 17:14:54.778 [main] INFO  c.i.i.IncidentManagementApplication - No active profile set, falling back to 1 default profile: "default"
2026-06-30 17:14:55.714 [main] INFO  o.s.d.r.c.RepositoryConfigurationDelegate - Bootstrapping Spring Data JPA repositories in DEFAULT mode.
2026-06-30 17:14:55.781 [main] INFO  o.s.d.r.c.RepositoryConfigurationDelegate - Finished Spring Data repository scanning in 58 ms. Found 5 JPA repository interfaces.
2026-06-30 17:14:56.272 [main] INFO  o.s.b.w.e.tomcat.TomcatWebServer - Tomcat initialized with port 8080 (http)
2026-06-30 17:14:56.287 [main] INFO  o.a.coyote.http11.Http11NioProtocol - Initializing ProtocolHandler ["http-nio-8080"]
2026-06-30 17:14:56.289 [main] INFO  o.a.catalina.core.StandardService - Starting service [Tomcat]
2026-06-30 17:14:56.289 [main] INFO  o.a.catalina.core.StandardEngine - Starting Servlet engine: [Apache Tomcat/10.1.54]
2026-06-30 17:14:56.350 [main] INFO  o.a.c.c.C.[Tomcat].[localhost].[/] - Initializing Spring embedded WebApplicationContext
2026-06-30 17:14:56.351 [main] INFO  o.s.b.w.s.c.ServletWebServerApplicationContext - Root WebApplicationContext: initialization completed in 1539 ms
2026-06-30 17:14:56.550 [main] INFO  o.h.jpa.internal.util.LogHelper - HHH000204: Processing PersistenceUnitInfo [name: default]
2026-06-30 17:14:56.611 [main] INFO  org.hibernate.Version - HHH000412: Hibernate ORM core version 6.6.49.Final
2026-06-30 17:14:56.650 [main] INFO  o.h.c.i.RegionFactoryInitiator - HHH000026: Second-level cache disabled
2026-06-30 17:14:56.929 [main] INFO  o.s.o.j.p.SpringPersistenceUnitInfo - No LoadTimeWeaver setup: ignoring JPA class transformer
2026-06-30 17:14:56.961 [main] INFO  com.zaxxer.hikari.HikariDataSource - HikariPool-1 - Starting...
2026-06-30 17:14:57.077 [main] INFO  com.zaxxer.hikari.pool.HikariPool - HikariPool-1 - Added connection org.postgresql.jdbc.PgConnection@22f80e36
2026-06-30 17:14:57.079 [main] INFO  com.zaxxer.hikari.HikariDataSource - HikariPool-1 - Start completed.
2026-06-30 17:14:57.114 [main] WARN  org.hibernate.orm.deprecation - HHH90000025: PostgreSQLDialect does not need to be specified explicitly using 'hibernate.dialect' (remove the property setting and it will be selected by default)
2026-06-30 17:14:57.133 [main] INFO  o.hibernate.orm.connections.pooling - HHH10001005: Database info:
	Database JDBC URL [Connecting through datasource 'HikariDataSource (HikariPool-1)']
	Database driver: undefined/unknown
	Database version: 15.18
	Autocommit mode: undefined/unknown
	Isolation level: undefined/unknown
	Minimum pool size: undefined/unknown
	Maximum pool size: undefined/unknown
2026-06-30 17:14:58.104 [main] INFO  o.h.e.t.j.p.i.JtaPlatformInitiator - HHH000489: No JTA platform available (set 'hibernate.transaction.jta.platform' to enable JTA platform integration)
2026-06-30 17:14:58.229 [main] INFO  o.s.o.j.LocalContainerEntityManagerFactoryBean - Initialized JPA EntityManagerFactory for persistence unit 'default'
2026-06-30 17:14:58.495 [main] DEBUG c.i.i.s.f.JwtAuthenticationFilter - Filter 'jwtAuthenticationFilter' configured for use
2026-06-30 17:14:58.657 [main] DEBUG org.hibernate.SQL - 
    select
        t1_0.id,
        t1_0.carga_trabalho_atual,
        t1_0.disponibilidade,
        t1_0.utilizador_id 
    from
        tecnico t1_0
2026-06-30 17:14:58.688 [main] DEBUG org.hibernate.SQL - 
    select
        u1_0.id,
        u1_0.created_at,
        u1_0.email,
        u1_0.nome,
        u1_0.password_hash,
        u1_0.role,
        u1_0.username 
    from
        utilizador u1_0 
    where
        u1_0.id=?
2026-06-30 17:14:58.698 [main] DEBUG org.hibernate.SQL - 
    select
        u1_0.id,
        u1_0.created_at,
        u1_0.email,
        u1_0.nome,
        u1_0.password_hash,
        u1_0.role,
        u1_0.username 
    from
        utilizador u1_0 
    where
        u1_0.id=?
2026-06-30 17:14:58.699 [main] DEBUG org.hibernate.SQL - 
    select
        u1_0.id,
        u1_0.created_at,
        u1_0.email,
        u1_0.nome,
        u1_0.password_hash,
        u1_0.role,
        u1_0.username 
    from
        utilizador u1_0 
    where
        u1_0.id=?
2026-06-30 17:14:58.702 [main] DEBUG org.hibernate.SQL - 
    select
        c1_0.tecnico_id,
        c1_1.id,
        c1_1.nome 
    from
        tecnico_competencia c1_0 
    join
        competencia c1_1 
            on c1_1.id=c1_0.competencia_id 
    where
        c1_0.tecnico_id=?
2026-06-30 17:14:58.706 [main] DEBUG org.hibernate.SQL - 
    select
        c1_0.tecnico_id,
        c1_1.id,
        c1_1.nome 
    from
        tecnico_competencia c1_0 
    join
        competencia c1_1 
            on c1_1.id=c1_0.competencia_id 
    where
        c1_0.tecnico_id=?
2026-06-30 17:14:58.708 [main] DEBUG org.hibernate.SQL - 
    select
        c1_0.tecnico_id,
        c1_1.id,
        c1_1.nome 
    from
        tecnico_competencia c1_0 
    join
        competencia c1_1 
            on c1_1.id=c1_0.competencia_id 
    where
        c1_0.tecnico_id=?
2026-06-30 17:14:58.724 [main] DEBUG org.hibernate.SQL - 
    select
        t1_0.id,
        t1_0.aberto_por_id,
        t1_0.ativo_id,
        t1_0.data_abertura,
        t1_0.data_fecho,
        t1_0.descricao,
        t1_0.estado,
        t1_0.prioridade,
        t1_0.tecnico_id,
        t1_0.tipo,
        t1_0.titulo 
    from
        ticket t1_0
2026-06-30 17:14:58.891 [main] WARN  o.s.b.a.o.j.JpaBaseConfiguration$JpaWebConfiguration - spring.jpa.open-in-view is enabled by default. Therefore, database queries may be performed during view rendering. Explicitly configure spring.jpa.open-in-view to disable this warning
2026-06-30 17:14:58.912 [main] INFO  o.s.b.a.w.s.WelcomePageHandlerMapping - Adding welcome page: class path resource [static/index.html]
2026-06-30 17:14:59.152 [main] INFO  o.s.b.a.e.web.EndpointLinksResolver - Exposing 3 endpoints beneath base path '/actuator'
2026-06-30 17:14:59.182 [main] INFO  o.s.s.c.a.a.c.InitializeAuthenticationProviderBeanManagerConfigurer$InitializeAuthenticationProviderManagerConfigurer - Global AuthenticationManager configured with AuthenticationProvider bean with name authenticationProvider
2026-06-30 17:14:59.182 [main] WARN  o.s.s.c.a.a.c.InitializeUserDetailsBeanManagerConfigurer$InitializeUserDetailsManagerConfigurer - Global AuthenticationManager configured with an AuthenticationProvider bean. UserDetailsService beans will not be used by Spring Security for automatically configuring username/password login. Consider removing the AuthenticationProvider bean. Alternatively, consider using the UserDetailsService in a manually instantiated DaoAuthenticationProvider. If the current configuration is intentional, to turn off this warning, increase the logging level of 'org.springframework.security.config.annotation.authentication.configuration.InitializeUserDetailsBeanManagerConfigurer' to ERROR
2026-06-30 17:14:59.279 [main] DEBUG o.s.s.web.DefaultSecurityFilterChain - Will secure any request with filters: DisableEncodeUrlFilter, WebAsyncManagerIntegrationFilter, SecurityContextHolderFilter, HeaderWriterFilter, LogoutFilter, JwtAuthenticationFilter, UsernamePasswordAuthenticationFilter, RequestCacheAwareFilter, SecurityContextHolderAwareRequestFilter, AnonymousAuthenticationFilter, SessionManagementFilter, ExceptionTranslationFilter, AuthorizationFilter
2026-06-30 17:14:59.571 [main] INFO  o.a.coyote.http11.Http11NioProtocol - Starting ProtocolHandler ["http-nio-8080"]
2026-06-30 17:14:59.598 [main] INFO  o.s.b.w.e.tomcat.TomcatWebServer - Tomcat started on port 8080 (http) with context path '/'
2026-06-30 17:14:59.610 [main] INFO  c.i.i.IncidentManagementApplication - Started IncidentManagementApplication in 5.364 seconds (process running for 5.658)
2026-06-30 17:15:03.422 [http-nio-8080-exec-2] INFO  o.a.c.c.C.[Tomcat].[localhost].[/] - Initializing Spring DispatcherServlet 'dispatcherServlet'
2026-06-30 17:15:03.422 [http-nio-8080-exec-2] INFO  o.s.web.servlet.DispatcherServlet - Initializing Servlet 'dispatcherServlet'
2026-06-30 17:15:03.424 [http-nio-8080-exec-2] INFO  o.s.web.servlet.DispatcherServlet - Completed initialization in 1 ms
2026-06-30 17:15:03.444 [http-nio-8080-exec-2] DEBUG o.s.security.web.FilterChainProxy - Securing GET /admin/dashboard
2026-06-30 17:15:03.456 [http-nio-8080-exec-2] DEBUG o.s.s.w.a.AnonymousAuthenticationFilter - Set SecurityContextHolder to anonymous SecurityContext
2026-06-30 17:15:03.457 [http-nio-8080-exec-2] DEBUG o.s.s.w.s.SessionManagementFilter - Request requested invalid session id 0E0A3E8C6AF7A32D3671D226BD1E78B1
2026-06-30 17:15:03.481 [http-nio-8080-exec-2] DEBUG o.s.s.w.s.HttpSessionRequestCache - Saved request http://localhost:8080/admin/dashboard?continue to session
2026-06-30 17:15:03.482 [http-nio-8080-exec-2] DEBUG o.s.s.web.DefaultRedirectStrategy - Redirecting to http://localhost:8080/login
2026-06-30 17:15:03.488 [http-nio-8080-exec-1] DEBUG o.s.security.web.FilterChainProxy - Securing GET /login
2026-06-30 17:15:03.490 [http-nio-8080-exec-1] DEBUG o.s.s.w.a.AnonymousAuthenticationFilter - Set SecurityContextHolder to anonymous SecurityContext
2026-06-30 17:15:03.492 [http-nio-8080-exec-1] DEBUG o.s.security.web.FilterChainProxy - Secured GET /login
2026-06-30 17:15:03.691 [http-nio-8080-exec-3] DEBUG o.s.security.web.FilterChainProxy - Securing GET /favicon.ico
2026-06-30 17:15:03.692 [http-nio-8080-exec-3] DEBUG o.s.s.w.a.AnonymousAuthenticationFilter - Set SecurityContextHolder to anonymous SecurityContext
2026-06-30 17:15:03.693 [http-nio-8080-exec-3] DEBUG o.s.s.web.DefaultRedirectStrategy - Redirecting to http://localhost:8080/login
2026-06-30 17:15:05.228 [http-nio-8080-exec-4] DEBUG o.s.security.web.FilterChainProxy - Securing POST /login
2026-06-30 17:15:05.350 [http-nio-8080-exec-4] DEBUG org.hibernate.SQL - 
    select
        u1_0.id,
        u1_0.created_at,
        u1_0.email,
        u1_0.nome,
        u1_0.password_hash,
        u1_0.role,
        u1_0.username 
    from
        utilizador u1_0 
    where
        u1_0.username=?
2026-06-30 17:15:05.423 [http-nio-8080-exec-4] DEBUG o.s.s.a.d.DaoAuthenticationProvider - Failed to authenticate since password does not match stored value
2026-06-30 17:15:05.424 [http-nio-8080-exec-4] DEBUG o.s.s.authentication.ProviderManager - Authentication failed with provider DaoAuthenticationProvider since Bad credentials
2026-06-30 17:15:05.426 [http-nio-8080-exec-4] DEBUG org.hibernate.SQL - 
    select
        u1_0.id,
        u1_0.created_at,
        u1_0.email,
        u1_0.nome,
        u1_0.password_hash,
        u1_0.role,
        u1_0.username 
    from
        utilizador u1_0 
    where
        u1_0.username=?
2026-06-30 17:15:05.503 [http-nio-8080-exec-4] DEBUG o.s.s.a.d.DaoAuthenticationProvider - Failed to authenticate since password does not match stored value
2026-06-30 17:15:05.503 [http-nio-8080-exec-4] DEBUG o.s.s.authentication.ProviderManager - Authentication failed with provider DaoAuthenticationProvider since Bad credentials
2026-06-30 17:15:05.504 [http-nio-8080-exec-4] DEBUG o.s.s.authentication.ProviderManager - Denying authentication since all attempted providers failed
2026-06-30 17:15:05.504 [http-nio-8080-exec-4] DEBUG o.s.s.web.DefaultRedirectStrategy - Redirecting to /login?error=true
2026-06-30 17:15:05.510 [http-nio-8080-exec-9] DEBUG o.s.security.web.FilterChainProxy - Securing GET /login?error=true
2026-06-30 17:15:05.516 [http-nio-8080-exec-9] DEBUG o.s.s.w.a.AnonymousAuthenticationFilter - Set SecurityContextHolder to anonymous SecurityContext
2026-06-30 17:15:05.517 [http-nio-8080-exec-9] DEBUG o.s.security.web.FilterChainProxy - Secured GET /login?error=true
2026-06-30 17:15:05.562 [http-nio-8080-exec-6] DEBUG o.s.security.web.FilterChainProxy - Securing GET /favicon.ico
2026-06-30 17:15:05.566 [http-nio-8080-exec-6] DEBUG o.s.s.w.a.AnonymousAuthenticationFilter - Set SecurityContextHolder to anonymous SecurityContext
2026-06-30 17:15:05.569 [http-nio-8080-exec-6] DEBUG o.s.s.web.DefaultRedirectStrategy - Redirecting to http://localhost:8080/login
2026-06-30 17:15:05.581 [http-nio-8080-exec-7] DEBUG o.s.security.web.FilterChainProxy - Securing GET /login
2026-06-30 17:15:05.582 [http-nio-8080-exec-7] DEBUG o.s.s.w.a.AnonymousAuthenticationFilter - Set SecurityContextHolder to anonymous SecurityContext
2026-06-30 17:15:05.582 [http-nio-8080-exec-7] DEBUG o.s.security.web.FilterChainProxy - Secured GET /login
2026-06-30 17:15:17.114 [http-nio-8080-exec-8] DEBUG o.s.security.web.FilterChainProxy - Securing POST /login
2026-06-30 17:15:17.116 [http-nio-8080-exec-8] DEBUG org.hibernate.SQL - 
    select
        u1_0.id,
        u1_0.created_at,
        u1_0.email,
        u1_0.nome,
        u1_0.password_hash,
        u1_0.role,
        u1_0.username 
    from
        utilizador u1_0 
    where
        u1_0.username=?
2026-06-30 17:15:17.186 [http-nio-8080-exec-8] DEBUG o.s.s.a.d.DaoAuthenticationProvider - Authenticated user
2026-06-30 17:15:17.188 [http-nio-8080-exec-8] DEBUG o.s.s.w.a.s.ChangeSessionIdAuthenticationStrategy - Changed session id from E136F63CDC9BA6163F534BA8638E668F
2026-06-30 17:15:17.189 [http-nio-8080-exec-8] DEBUG o.s.s.w.c.HttpSessionSecurityContextRepository - Stored SecurityContextImpl [Authentication=UsernamePasswordAuthenticationToken [Principal=com.itsm.incidentmanagement.security.service.CustomUserDetails@554381bc, Credentials=[PROTECTED], Authenticated=true, Details=WebAuthenticationDetails [RemoteIpAddress=127.0.0.1, SessionId=E136F63CDC9BA6163F534BA8638E668F], Granted Authorities=[ROLE_ADMIN]]] to HttpSession [org.apache.catalina.session.StandardSessionFacade@16a9e93]
2026-06-30 17:15:17.190 [http-nio-8080-exec-8] DEBUG o.s.s.w.a.UsernamePasswordAuthenticationFilter - Set SecurityContextHolder to UsernamePasswordAuthenticationToken [Principal=com.itsm.incidentmanagement.security.service.CustomUserDetails@554381bc, Credentials=[PROTECTED], Authenticated=true, Details=WebAuthenticationDetails [RemoteIpAddress=127.0.0.1, SessionId=E136F63CDC9BA6163F534BA8638E668F], Granted Authorities=[ROLE_ADMIN]]
2026-06-30 17:15:17.190 [http-nio-8080-exec-8] DEBUG o.s.s.web.DefaultRedirectStrategy - Redirecting to /admin/dashboard
2026-06-30 17:15:17.195 [http-nio-8080-exec-5] DEBUG o.s.security.web.FilterChainProxy - Securing GET /admin/dashboard
2026-06-30 17:15:17.196 [http-nio-8080-exec-5] DEBUG o.s.s.w.c.HttpSessionSecurityContextRepository - Retrieved SecurityContextImpl [Authentication=UsernamePasswordAuthenticationToken [Principal=com.itsm.incidentmanagement.security.service.CustomUserDetails@554381bc, Credentials=[PROTECTED], Authenticated=true, Details=WebAuthenticationDetails [RemoteIpAddress=127.0.0.1, SessionId=E136F63CDC9BA6163F534BA8638E668F], Granted Authorities=[ROLE_ADMIN]]]
2026-06-30 17:15:17.196 [http-nio-8080-exec-5] DEBUG o.s.security.web.FilterChainProxy - Secured GET /admin/dashboard
2026-06-30 17:15:17.201 [http-nio-8080-exec-5] DEBUG org.hibernate.SQL - 
    select
        t1_0.id,
        t1_0.aberto_por_id,
        t1_0.ativo_id,
        t1_0.data_abertura,
        t1_0.data_fecho,
        t1_0.descricao,
        t1_0.estado,
        t1_0.prioridade,
        t1_0.tecnico_id,
        t1_0.tipo,
        t1_0.titulo 
    from
        ticket t1_0
2026-06-30 17:15:17.204 [http-nio-8080-exec-5] DEBUG org.hibernate.SQL - 
    select
        t1_0.id,
        t1_0.aberto_por_id,
        t1_0.ativo_id,
        t1_0.data_abertura,
        t1_0.data_fecho,
        t1_0.descricao,
        t1_0.estado,
        t1_0.prioridade,
        t1_0.tecnico_id,
        t1_0.tipo,
        t1_0.titulo 
    from
        ticket t1_0 
    where
        t1_0.estado=?
2026-06-30 17:15:17.207 [http-nio-8080-exec-5] DEBUG org.hibernate.SQL - 
    select
        t1_0.id,
        t1_0.carga_trabalho_atual,
        t1_0.disponibilidade,
        t1_0.utilizador_id 
    from
        tecnico t1_0
2026-06-30 17:15:17.208 [http-nio-8080-exec-5] DEBUG org.hibernate.SQL - 
    select
        u1_0.id,
        u1_0.created_at,
        u1_0.email,
        u1_0.nome,
        u1_0.password_hash,
        u1_0.role,
        u1_0.username 
    from
        utilizador u1_0 
    where
        u1_0.id=?
2026-06-30 17:15:17.210 [http-nio-8080-exec-5] DEBUG org.hibernate.SQL - 
    select
        u1_0.id,
        u1_0.created_at,
        u1_0.email,
        u1_0.nome,
        u1_0.password_hash,
        u1_0.role,
        u1_0.username 
    from
        utilizador u1_0 
    where
        u1_0.id=?
2026-06-30 17:15:17.211 [http-nio-8080-exec-5] DEBUG org.hibernate.SQL - 
    select
        u1_0.id,
        u1_0.created_at,
        u1_0.email,
        u1_0.nome,
        u1_0.password_hash,
        u1_0.role,
        u1_0.username 
    from
        utilizador u1_0 
    where
        u1_0.id=?
2026-06-30 17:15:17.213 [http-nio-8080-exec-5] DEBUG org.hibernate.SQL - 
    select
        c1_0.tecnico_id,
        c1_1.id,
        c1_1.nome 
    from
        tecnico_competencia c1_0 
    join
        competencia c1_1 
            on c1_1.id=c1_0.competencia_id 
    where
        c1_0.tecnico_id=?
2026-06-30 17:15:17.214 [http-nio-8080-exec-5] DEBUG org.hibernate.SQL - 
    select
        c1_0.tecnico_id,
        c1_1.id,
        c1_1.nome 
    from
        tecnico_competencia c1_0 
    join
        competencia c1_1 
            on c1_1.id=c1_0.competencia_id 
    where
        c1_0.tecnico_id=?
2026-06-30 17:15:17.216 [http-nio-8080-exec-5] DEBUG org.hibernate.SQL - 
    select
        c1_0.tecnico_id,
        c1_1.id,
        c1_1.nome 
    from
        tecnico_competencia c1_0 
    join
        competencia c1_1 
            on c1_1.id=c1_0.competencia_id 
    where
        c1_0.tecnico_id=?
2026-06-30 17:15:17.220 [http-nio-8080-exec-5] DEBUG org.hibernate.SQL - 
    select
        u1_0.id,
        u1_0.created_at,
        u1_0.email,
        u1_0.nome,
        u1_0.password_hash,
        u1_0.role,
        u1_0.username 
    from
        utilizador u1_0
2026-06-30 17:15:17.224 [http-nio-8080-exec-5] DEBUG org.hibernate.SQL - 
    select
        c1_0.id,
        c1_0.nome 
    from
        competencia c1_0
2026-06-30 17:15:17.228 [http-nio-8080-exec-5] DEBUG org.hibernate.SQL - 
    select
        t1_0.id,
        t1_0.aberto_por_id,
        t1_0.ativo_id,
        t1_0.data_abertura,
        t1_0.data_fecho,
        t1_0.descricao,
        t1_0.estado,
        t1_0.prioridade,
        t1_0.tecnico_id,
        t1_0.tipo,
        t1_0.titulo 
    from
        ticket t1_0
2026-06-30 17:15:17.365 [http-nio-8080-exec-10] DEBUG o.s.security.web.FilterChainProxy - Securing GET /login
2026-06-30 17:15:17.366 [http-nio-8080-exec-10] DEBUG o.s.security.web.FilterChainProxy - Secured GET /login
2026-06-30 17:15:17.370 [http-nio-8080-exec-10] DEBUG o.s.s.w.c.HttpSessionSecurityContextRepository - Retrieved SecurityContextImpl [Authentication=UsernamePasswordAuthenticationToken [Principal=com.itsm.incidentmanagement.security.service.CustomUserDetails@554381bc, Credentials=[PROTECTED], Authenticated=true, Details=WebAuthenticationDetails [RemoteIpAddress=127.0.0.1, SessionId=E136F63CDC9BA6163F534BA8638E668F], Granted Authorities=[ROLE_ADMIN]]]
2026-06-30 17:15:21.566 [http-nio-8080-exec-2] DEBUG o.s.security.web.FilterChainProxy - Securing GET /logout
2026-06-30 17:15:21.566 [http-nio-8080-exec-2] DEBUG o.s.s.w.c.HttpSessionSecurityContextRepository - Retrieved SecurityContextImpl [Authentication=UsernamePasswordAuthenticationToken [Principal=com.itsm.incidentmanagement.security.service.CustomUserDetails@554381bc, Credentials=[PROTECTED], Authenticated=true, Details=WebAuthenticationDetails [RemoteIpAddress=127.0.0.1, SessionId=E136F63CDC9BA6163F534BA8638E668F], Granted Authorities=[ROLE_ADMIN]]]
2026-06-30 17:15:21.567 [http-nio-8080-exec-2] DEBUG o.s.s.w.a.logout.LogoutFilter - Logging out [UsernamePasswordAuthenticationToken [Principal=com.itsm.incidentmanagement.security.service.CustomUserDetails@554381bc, Credentials=[PROTECTED], Authenticated=true, Details=WebAuthenticationDetails [RemoteIpAddress=127.0.0.1, SessionId=E136F63CDC9BA6163F534BA8638E668F], Granted Authorities=[ROLE_ADMIN]]]
2026-06-30 17:15:21.568 [http-nio-8080-exec-2] DEBUG o.s.s.w.a.l.SecurityContextLogoutHandler - Invalidated session 928E61D5EF70D76BE9AD82E70B019890
2026-06-30 17:15:21.568 [http-nio-8080-exec-2] DEBUG o.s.s.web.DefaultRedirectStrategy - Redirecting to /login?logout=true
2026-06-30 17:15:21.574 [http-nio-8080-exec-1] DEBUG o.s.security.web.FilterChainProxy - Securing GET /login?logout=true
2026-06-30 17:15:21.575 [http-nio-8080-exec-1] DEBUG o.s.s.w.a.AnonymousAuthenticationFilter - Set SecurityContextHolder to anonymous SecurityContext
2026-06-30 17:15:21.576 [http-nio-8080-exec-1] DEBUG o.s.security.web.FilterChainProxy - Secured GET /login?logout=true
2026-06-30 17:15:21.612 [http-nio-8080-exec-3] DEBUG o.s.security.web.FilterChainProxy - Securing GET /favicon.ico
2026-06-30 17:15:21.612 [http-nio-8080-exec-3] DEBUG o.s.s.w.a.AnonymousAuthenticationFilter - Set SecurityContextHolder to anonymous SecurityContext
2026-06-30 17:15:21.614 [http-nio-8080-exec-3] DEBUG o.s.s.web.DefaultRedirectStrategy - Redirecting to http://localhost:8080/login
2026-06-30 17:15:21.621 [http-nio-8080-exec-4] DEBUG o.s.security.web.FilterChainProxy - Securing GET /login
2026-06-30 17:15:21.621 [http-nio-8080-exec-4] DEBUG o.s.s.w.a.AnonymousAuthenticationFilter - Set SecurityContextHolder to anonymous SecurityContext
2026-06-30 17:15:21.622 [http-nio-8080-exec-4] DEBUG o.s.security.web.FilterChainProxy - Secured GET /login
2026-06-30 17:16:16.253 [http-nio-8080-exec-9] DEBUG o.s.security.web.FilterChainProxy - Securing GET /tecnico/dashboard
2026-06-30 17:16:16.253 [http-nio-8080-exec-9] DEBUG o.s.s.w.a.AnonymousAuthenticationFilter - Set SecurityContextHolder to anonymous SecurityContext
2026-06-30 17:16:16.255 [http-nio-8080-exec-9] DEBUG o.s.s.w.s.HttpSessionRequestCache - Saved request http://localhost:8080/tecnico/dashboard?continue to session
2026-06-30 17:16:16.255 [http-nio-8080-exec-9] DEBUG o.s.s.web.DefaultRedirectStrategy - Redirecting to http://localhost:8080/login
2026-06-30 17:16:16.258 [http-nio-8080-exec-6] DEBUG o.s.security.web.FilterChainProxy - Securing GET /login
2026-06-30 17:16:16.258 [http-nio-8080-exec-6] DEBUG o.s.s.w.a.AnonymousAuthenticationFilter - Set SecurityContextHolder to anonymous SecurityContext
2026-06-30 17:16:16.259 [http-nio-8080-exec-6] DEBUG o.s.security.web.FilterChainProxy - Secured GET /login
2026-06-30 17:16:16.314 [http-nio-8080-exec-7] DEBUG o.s.security.web.FilterChainProxy - Securing GET /favicon.ico
2026-06-30 17:16:16.315 [http-nio-8080-exec-7] DEBUG o.s.s.w.a.AnonymousAuthenticationFilter - Set SecurityContextHolder to anonymous SecurityContext
2026-06-30 17:16:16.316 [http-nio-8080-exec-7] DEBUG o.s.s.web.DefaultRedirectStrategy - Redirecting to http://localhost:8080/login
2026-06-30 17:16:25.969 [http-nio-8080-exec-8] DEBUG o.s.security.web.FilterChainProxy - Securing POST /login
2026-06-30 17:16:25.971 [http-nio-8080-exec-8] DEBUG org.hibernate.SQL - 
    select
        u1_0.id,
        u1_0.created_at,
        u1_0.email,
        u1_0.nome,
        u1_0.password_hash,
        u1_0.role,
        u1_0.username 
    from
        utilizador u1_0 
    where
        u1_0.username=?
2026-06-30 17:16:26.042 [http-nio-8080-exec-8] DEBUG o.s.s.a.d.DaoAuthenticationProvider - Failed to authenticate since password does not match stored value
2026-06-30 17:16:26.042 [http-nio-8080-exec-8] DEBUG o.s.s.authentication.ProviderManager - Authentication failed with provider DaoAuthenticationProvider since Bad credentials
2026-06-30 17:16:26.044 [http-nio-8080-exec-8] DEBUG org.hibernate.SQL - 
    select
        u1_0.id,
        u1_0.created_at,
        u1_0.email,
        u1_0.nome,
        u1_0.password_hash,
        u1_0.role,
        u1_0.username 
    from
        utilizador u1_0 
    where
        u1_0.username=?
2026-06-30 17:16:26.112 [http-nio-8080-exec-8] DEBUG o.s.s.a.d.DaoAuthenticationProvider - Failed to authenticate since password does not match stored value
2026-06-30 17:16:26.114 [http-nio-8080-exec-8] DEBUG o.s.s.authentication.ProviderManager - Authentication failed with provider DaoAuthenticationProvider since Bad credentials
2026-06-30 17:16:26.114 [http-nio-8080-exec-8] DEBUG o.s.s.authentication.ProviderManager - Denying authentication since all attempted providers failed
2026-06-30 17:16:26.114 [http-nio-8080-exec-8] DEBUG o.s.s.web.DefaultRedirectStrategy - Redirecting to /login?error=true
2026-06-30 17:16:26.117 [http-nio-8080-exec-5] DEBUG o.s.security.web.FilterChainProxy - Securing GET /login?error=true
2026-06-30 17:16:26.118 [http-nio-8080-exec-5] DEBUG o.s.s.w.a.AnonymousAuthenticationFilter - Set SecurityContextHolder to anonymous SecurityContext
2026-06-30 17:16:26.118 [http-nio-8080-exec-5] DEBUG o.s.security.web.FilterChainProxy - Secured GET /login?error=true
2026-06-30 17:16:26.161 [http-nio-8080-exec-10] DEBUG o.s.security.web.FilterChainProxy - Securing GET /favicon.ico
2026-06-30 17:16:26.162 [http-nio-8080-exec-10] DEBUG o.s.s.w.a.AnonymousAuthenticationFilter - Set SecurityContextHolder to anonymous SecurityContext
2026-06-30 17:16:26.163 [http-nio-8080-exec-10] DEBUG o.s.s.web.DefaultRedirectStrategy - Redirecting to http://localhost:8080/login
2026-06-30 17:16:26.172 [http-nio-8080-exec-2] DEBUG o.s.security.web.FilterChainProxy - Securing GET /login
2026-06-30 17:16:26.172 [http-nio-8080-exec-2] DEBUG o.s.s.w.a.AnonymousAuthenticationFilter - Set SecurityContextHolder to anonymous SecurityContext
2026-06-30 17:16:26.173 [http-nio-8080-exec-2] DEBUG o.s.security.web.FilterChainProxy - Secured GET /login
2026-06-30 17:17:03.743 [http-nio-8080-exec-3] DEBUG o.s.security.web.FilterChainProxy - Securing POST /api/auth/login
2026-06-30 17:17:03.744 [http-nio-8080-exec-3] DEBUG o.s.s.w.a.AnonymousAuthenticationFilter - Set SecurityContextHolder to anonymous SecurityContext
2026-06-30 17:17:03.744 [http-nio-8080-exec-3] DEBUG o.s.s.w.s.SessionManagementFilter - Request requested invalid session id DEFD3F112062E174ADB8A7F78CC6C417
2026-06-30 17:17:03.744 [http-nio-8080-exec-3] DEBUG o.s.security.web.FilterChainProxy - Secured POST /api/auth/login
2026-06-30 17:17:03.744 [http-nio-8080-exec-3] INFO  c.i.i.config.LoggingInterceptor - 📥 Requisição recebida: POST /api/auth/login | IP: 0:0:0:0:0:0:0:1
2026-06-30 17:17:03.785 [http-nio-8080-exec-3] DEBUG org.hibernate.SQL - 
    select
        u1_0.id,
        u1_0.created_at,
        u1_0.email,
        u1_0.nome,
        u1_0.password_hash,
        u1_0.role,
        u1_0.username 
    from
        utilizador u1_0 
    where
        u1_0.username=?
2026-06-30 17:17:03.873 [http-nio-8080-exec-3] INFO  c.i.i.config.LoggingInterceptor - 📤 Resposta enviada: POST /api/auth/login | Status: 401
2026-06-30 17:17:32.836 [http-nio-8080-exec-9] DEBUG o.s.security.web.FilterChainProxy - Securing POST /login
2026-06-30 17:17:32.838 [http-nio-8080-exec-9] DEBUG org.hibernate.SQL - 
    select
        u1_0.id,
        u1_0.created_at,
        u1_0.email,
        u1_0.nome,
        u1_0.password_hash,
        u1_0.role,
        u1_0.username 
    from
        utilizador u1_0 
    where
        u1_0.username=?
2026-06-30 17:17:32.909 [http-nio-8080-exec-9] DEBUG o.s.s.a.d.DaoAuthenticationProvider - Authenticated user
2026-06-30 17:17:32.909 [http-nio-8080-exec-9] DEBUG o.s.s.w.a.s.ChangeSessionIdAuthenticationStrategy - Changed session id from 419E90C1373341DB48929A403E904A8E
2026-06-30 17:17:32.910 [http-nio-8080-exec-9] DEBUG o.s.s.w.c.HttpSessionSecurityContextRepository - Stored SecurityContextImpl [Authentication=UsernamePasswordAuthenticationToken [Principal=com.itsm.incidentmanagement.security.service.CustomUserDetails@3ed8eb6d, Credentials=[PROTECTED], Authenticated=true, Details=WebAuthenticationDetails [RemoteIpAddress=127.0.0.1, SessionId=419E90C1373341DB48929A403E904A8E], Granted Authorities=[ROLE_ADMIN]]] to HttpSession [org.apache.catalina.session.StandardSessionFacade@680bbc4d]
2026-06-30 17:17:32.910 [http-nio-8080-exec-9] DEBUG o.s.s.w.a.UsernamePasswordAuthenticationFilter - Set SecurityContextHolder to UsernamePasswordAuthenticationToken [Principal=com.itsm.incidentmanagement.security.service.CustomUserDetails@3ed8eb6d, Credentials=[PROTECTED], Authenticated=true, Details=WebAuthenticationDetails [RemoteIpAddress=127.0.0.1, SessionId=419E90C1373341DB48929A403E904A8E], Granted Authorities=[ROLE_ADMIN]]
2026-06-30 17:17:32.910 [http-nio-8080-exec-9] DEBUG o.s.s.web.DefaultRedirectStrategy - Redirecting to /admin/dashboard
2026-06-30 17:17:32.914 [http-nio-8080-exec-6] DEBUG o.s.security.web.FilterChainProxy - Securing GET /admin/dashboard
2026-06-30 17:17:32.915 [http-nio-8080-exec-6] DEBUG o.s.s.w.c.HttpSessionSecurityContextRepository - Retrieved SecurityContextImpl [Authentication=UsernamePasswordAuthenticationToken [Principal=com.itsm.incidentmanagement.security.service.CustomUserDetails@3ed8eb6d, Credentials=[PROTECTED], Authenticated=true, Details=WebAuthenticationDetails [RemoteIpAddress=127.0.0.1, SessionId=419E90C1373341DB48929A403E904A8E], Granted Authorities=[ROLE_ADMIN]]]
2026-06-30 17:17:32.915 [http-nio-8080-exec-6] DEBUG o.s.security.web.FilterChainProxy - Secured GET /admin/dashboard
2026-06-30 17:17:32.917 [http-nio-8080-exec-6] DEBUG org.hibernate.SQL - 
    select
        t1_0.id,
        t1_0.aberto_por_id,
        t1_0.ativo_id,
        t1_0.data_abertura,
        t1_0.data_fecho,
        t1_0.descricao,
        t1_0.estado,
        t1_0.prioridade,
        t1_0.tecnico_id,
        t1_0.tipo,
        t1_0.titulo 
    from
        ticket t1_0
2026-06-30 17:17:32.920 [http-nio-8080-exec-6] DEBUG org.hibernate.SQL - 
    select
        t1_0.id,
        t1_0.aberto_por_id,
        t1_0.ativo_id,
        t1_0.data_abertura,
        t1_0.data_fecho,
        t1_0.descricao,
        t1_0.estado,
        t1_0.prioridade,
        t1_0.tecnico_id,
        t1_0.tipo,
        t1_0.titulo 
    from
        ticket t1_0 
    where
        t1_0.estado=?
2026-06-30 17:17:32.923 [http-nio-8080-exec-6] DEBUG org.hibernate.SQL - 
    select
        t1_0.id,
        t1_0.carga_trabalho_atual,
        t1_0.disponibilidade,
        t1_0.utilizador_id 
    from
        tecnico t1_0
2026-06-30 17:17:32.924 [http-nio-8080-exec-6] DEBUG org.hibernate.SQL - 
    select
        u1_0.id,
        u1_0.created_at,
        u1_0.email,
        u1_0.nome,
        u1_0.password_hash,
        u1_0.role,
        u1_0.username 
    from
        utilizador u1_0 
    where
        u1_0.id=?
2026-06-30 17:17:32.926 [http-nio-8080-exec-6] DEBUG org.hibernate.SQL - 
    select
        u1_0.id,
        u1_0.created_at,
        u1_0.email,
        u1_0.nome,
        u1_0.password_hash,
        u1_0.role,
        u1_0.username 
    from
        utilizador u1_0 
    where
        u1_0.id=?
2026-06-30 17:17:32.928 [http-nio-8080-exec-6] DEBUG org.hibernate.SQL - 
    select
        u1_0.id,
        u1_0.created_at,
        u1_0.email,
        u1_0.nome,
        u1_0.password_hash,
        u1_0.role,
        u1_0.username 
    from
        utilizador u1_0 
    where
        u1_0.id=?
2026-06-30 17:17:32.929 [http-nio-8080-exec-6] DEBUG org.hibernate.SQL - 
    select
        c1_0.tecnico_id,
        c1_1.id,
        c1_1.nome 
    from
        tecnico_competencia c1_0 
    join
        competencia c1_1 
            on c1_1.id=c1_0.competencia_id 
    where
        c1_0.tecnico_id=?
2026-06-30 17:17:32.930 [http-nio-8080-exec-6] DEBUG org.hibernate.SQL - 
    select
        c1_0.tecnico_id,
        c1_1.id,
        c1_1.nome 
    from
        tecnico_competencia c1_0 
    join
        competencia c1_1 
            on c1_1.id=c1_0.competencia_id 
    where
        c1_0.tecnico_id=?
2026-06-30 17:17:32.932 [http-nio-8080-exec-6] DEBUG org.hibernate.SQL - 
    select
        c1_0.tecnico_id,
        c1_1.id,
        c1_1.nome 
    from
        tecnico_competencia c1_0 
    join
        competencia c1_1 
            on c1_1.id=c1_0.competencia_id 
    where
        c1_0.tecnico_id=?
2026-06-30 17:17:32.935 [http-nio-8080-exec-6] DEBUG org.hibernate.SQL - 
    select
        u1_0.id,
        u1_0.created_at,
        u1_0.email,
        u1_0.nome,
        u1_0.password_hash,
        u1_0.role,
        u1_0.username 
    from
        utilizador u1_0
2026-06-30 17:17:32.938 [http-nio-8080-exec-6] DEBUG org.hibernate.SQL - 
    select
        c1_0.id,
        c1_0.nome 
    from
        competencia c1_0
2026-06-30 17:17:32.942 [http-nio-8080-exec-6] DEBUG org.hibernate.SQL - 
    select
        t1_0.id,
        t1_0.aberto_por_id,
        t1_0.ativo_id,
        t1_0.data_abertura,
        t1_0.data_fecho,
        t1_0.descricao,
        t1_0.estado,
        t1_0.prioridade,
        t1_0.tecnico_id,
        t1_0.tipo,
        t1_0.titulo 
    from
        ticket t1_0
2026-06-30 17:17:32.985 [http-nio-8080-exec-7] DEBUG o.s.security.web.FilterChainProxy - Securing GET /favicon.ico
2026-06-30 17:17:32.986 [http-nio-8080-exec-7] DEBUG o.s.s.w.c.HttpSessionSecurityContextRepository - Retrieved SecurityContextImpl [Authentication=UsernamePasswordAuthenticationToken [Principal=com.itsm.incidentmanagement.security.service.CustomUserDetails@3ed8eb6d, Credentials=[PROTECTED], Authenticated=true, Details=WebAuthenticationDetails [RemoteIpAddress=127.0.0.1, SessionId=419E90C1373341DB48929A403E904A8E], Granted Authorities=[ROLE_ADMIN]]]
2026-06-30 17:17:32.986 [http-nio-8080-exec-7] DEBUG o.s.security.web.FilterChainProxy - Secured GET /favicon.ico
2026-06-30 17:18:16.843 [http-nio-8080-exec-10] DEBUG o.s.security.web.FilterChainProxy - Securing POST /api/auth/login
2026-06-30 17:18:16.843 [http-nio-8080-exec-10] DEBUG o.s.s.w.a.AnonymousAuthenticationFilter - Set SecurityContextHolder to anonymous SecurityContext
2026-06-30 17:18:16.843 [http-nio-8080-exec-10] DEBUG o.s.s.w.s.SessionManagementFilter - Request requested invalid session id DEFD3F112062E174ADB8A7F78CC6C417
2026-06-30 17:18:16.844 [http-nio-8080-exec-10] DEBUG o.s.security.web.FilterChainProxy - Secured POST /api/auth/login
2026-06-30 17:18:16.844 [http-nio-8080-exec-10] INFO  c.i.i.config.LoggingInterceptor - 📥 Requisição recebida: POST /api/auth/login | IP: 0:0:0:0:0:0:0:1
2026-06-30 17:18:16.846 [http-nio-8080-exec-10] DEBUG org.hibernate.SQL - 
    select
        u1_0.id,
        u1_0.created_at,
        u1_0.email,
        u1_0.nome,
        u1_0.password_hash,
        u1_0.role,
        u1_0.username 
    from
        utilizador u1_0 
    where
        u1_0.username=?
2026-06-30 17:18:16.916 [http-nio-8080-exec-10] INFO  c.i.i.config.LoggingInterceptor - 📤 Resposta enviada: POST /api/auth/login | Status: 401
2026-06-30 17:21:15.855 [http-nio-8080-exec-3] DEBUG o.s.security.web.FilterChainProxy - Securing POST /api/auth/login
2026-06-30 17:21:15.856 [http-nio-8080-exec-3] DEBUG o.s.s.w.a.AnonymousAuthenticationFilter - Set SecurityContextHolder to anonymous SecurityContext
2026-06-30 17:21:15.856 [http-nio-8080-exec-3] DEBUG o.s.s.w.s.SessionManagementFilter - Request requested invalid session id DEFD3F112062E174ADB8A7F78CC6C417
2026-06-30 17:21:15.856 [http-nio-8080-exec-3] DEBUG o.s.security.web.FilterChainProxy - Secured POST /api/auth/login
2026-06-30 17:21:15.857 [http-nio-8080-exec-3] INFO  c.i.i.config.LoggingInterceptor - 📥 Requisição recebida: POST /api/auth/login | IP: 0:0:0:0:0:0:0:1
2026-06-30 17:21:15.859 [http-nio-8080-exec-3] DEBUG org.hibernate.SQL - 
    select
        u1_0.id,
        u1_0.created_at,
        u1_0.email,
        u1_0.nome,
        u1_0.password_hash,
        u1_0.role,
        u1_0.username 
    from
        utilizador u1_0 
    where
        u1_0.username=?
2026-06-30 17:21:16.030 [http-nio-8080-exec-3] INFO  c.i.i.config.LoggingInterceptor - 📤 Resposta enviada: POST /api/auth/login | Status: 200
2026-06-30 17:21:34.135 [http-nio-8080-exec-4] DEBUG o.s.security.web.FilterChainProxy - Securing GET /api/tickets
2026-06-30 17:21:34.180 [http-nio-8080-exec-4] DEBUG org.hibernate.SQL - 
    select
        u1_0.id,
        u1_0.created_at,
        u1_0.email,
        u1_0.nome,
        u1_0.password_hash,
        u1_0.role,
        u1_0.username 
    from
        utilizador u1_0 
    where
        u1_0.username=?
2026-06-30 17:21:34.184 [http-nio-8080-exec-4] DEBUG o.s.s.w.c.HttpSessionSecurityContextRepository - Stored SecurityContextImpl [Authentication=UsernamePasswordAuthenticationToken [Principal=com.itsm.incidentmanagement.security.service.CustomUserDetails@506ee5e8, Credentials=[PROTECTED], Authenticated=true, Details=WebAuthenticationDetails [RemoteIpAddress=0:0:0:0:0:0:0:1, SessionId=null], Granted Authorities=[ROLE_TECNICO]]] to HttpSession [org.apache.catalina.session.StandardSessionFacade@715c05fa]
2026-06-30 17:21:34.185 [http-nio-8080-exec-4] DEBUG o.s.security.web.FilterChainProxy - Secured GET /api/tickets
2026-06-30 17:21:34.185 [http-nio-8080-exec-4] INFO  c.i.i.config.LoggingInterceptor - 📥 Requisição recebida: GET /api/tickets | IP: 0:0:0:0:0:0:0:1
2026-06-30 17:21:34.188 [http-nio-8080-exec-4] DEBUG org.hibernate.SQL - 
    select
        t1_0.id,
        t1_0.aberto_por_id,
        t1_0.ativo_id,
        t1_0.data_abertura,
        t1_0.data_fecho,
        t1_0.descricao,
        t1_0.estado,
        t1_0.prioridade,
        t1_0.tecnico_id,
        t1_0.tipo,
        t1_0.titulo 
    from
        ticket t1_0
2026-06-30 17:21:34.195 [http-nio-8080-exec-4] INFO  c.i.i.config.LoggingInterceptor - 📤 Resposta enviada: GET /api/tickets | Status: 200
2026-06-30 17:22:27.123 [http-nio-8080-exec-9] DEBUG o.s.security.web.FilterChainProxy - Securing POST /api/auth/login
2026-06-30 17:22:27.123 [http-nio-8080-exec-9] DEBUG o.s.security.web.FilterChainProxy - Secured POST /api/auth/login
2026-06-30 17:22:27.123 [http-nio-8080-exec-9] INFO  c.i.i.config.LoggingInterceptor - 📥 Requisição recebida: POST /api/auth/login | IP: 0:0:0:0:0:0:0:1
2026-06-30 17:22:27.125 [http-nio-8080-exec-9] DEBUG org.hibernate.SQL - 
    select
        u1_0.id,
        u1_0.created_at,
        u1_0.email,
        u1_0.nome,
        u1_0.password_hash,
        u1_0.role,
        u1_0.username 
    from
        utilizador u1_0 
    where
        u1_0.username=?
2026-06-30 17:22:27.197 [http-nio-8080-exec-9] INFO  c.i.i.config.LoggingInterceptor - 📤 Resposta enviada: POST /api/auth/login | Status: 200
2026-06-30 17:22:27.197 [http-nio-8080-exec-9] DEBUG o.s.s.w.c.HttpSessionSecurityContextRepository - Retrieved SecurityContextImpl [Authentication=UsernamePasswordAuthenticationToken [Principal=com.itsm.incidentmanagement.security.service.CustomUserDetails@506ee5e8, Credentials=[PROTECTED], Authenticated=true, Details=WebAuthenticationDetails [RemoteIpAddress=0:0:0:0:0:0:0:1, SessionId=null], Granted Authorities=[ROLE_TECNICO]]]
2026-06-30 17:22:39.121 [http-nio-8080-exec-6] DEBUG o.s.security.web.FilterChainProxy - Securing GET /login
2026-06-30 17:22:39.122 [http-nio-8080-exec-6] DEBUG o.s.security.web.FilterChainProxy - Secured GET /login
2026-06-30 17:22:39.126 [http-nio-8080-exec-6] DEBUG o.s.s.w.c.HttpSessionSecurityContextRepository - Retrieved SecurityContextImpl [Authentication=UsernamePasswordAuthenticationToken [Principal=com.itsm.incidentmanagement.security.service.CustomUserDetails@3ed8eb6d, Credentials=[PROTECTED], Authenticated=true, Details=WebAuthenticationDetails [RemoteIpAddress=127.0.0.1, SessionId=419E90C1373341DB48929A403E904A8E], Granted Authorities=[ROLE_ADMIN]]]
2026-06-30 17:22:39.149 [http-nio-8080-exec-7] DEBUG o.s.security.web.FilterChainProxy - Securing GET /favicon.ico
2026-06-30 17:22:39.150 [http-nio-8080-exec-7] DEBUG o.s.s.w.c.HttpSessionSecurityContextRepository - Retrieved SecurityContextImpl [Authentication=UsernamePasswordAuthenticationToken [Principal=com.itsm.incidentmanagement.security.service.CustomUserDetails@3ed8eb6d, Credentials=[PROTECTED], Authenticated=true, Details=WebAuthenticationDetails [RemoteIpAddress=127.0.0.1, SessionId=419E90C1373341DB48929A403E904A8E], Granted Authorities=[ROLE_ADMIN]]]
2026-06-30 17:22:39.150 [http-nio-8080-exec-7] DEBUG o.s.security.web.FilterChainProxy - Secured GET /favicon.ico
2026-06-30 17:22:54.587 [http-nio-8080-exec-8] DEBUG o.s.security.web.FilterChainProxy - Securing POST /login
2026-06-30 17:22:54.589 [http-nio-8080-exec-8] DEBUG org.hibernate.SQL - 
    select
        u1_0.id,
        u1_0.created_at,
        u1_0.email,
        u1_0.nome,
        u1_0.password_hash,
        u1_0.role,
        u1_0.username 
    from
        utilizador u1_0 
    where
        u1_0.username=?
2026-06-30 17:22:54.660 [http-nio-8080-exec-8] DEBUG o.s.s.a.d.DaoAuthenticationProvider - Authenticated user
2026-06-30 17:22:54.660 [http-nio-8080-exec-8] DEBUG o.s.s.w.a.s.ChangeSessionIdAuthenticationStrategy - Changed session id from 43D40B91D32EFE3A8322C5C3779BBF8F
2026-06-30 17:22:54.660 [http-nio-8080-exec-8] DEBUG o.s.s.w.c.HttpSessionSecurityContextRepository - Stored SecurityContextImpl [Authentication=UsernamePasswordAuthenticationToken [Principal=com.itsm.incidentmanagement.security.service.CustomUserDetails@4dc74bdb, Credentials=[PROTECTED], Authenticated=true, Details=WebAuthenticationDetails [RemoteIpAddress=127.0.0.1, SessionId=43D40B91D32EFE3A8322C5C3779BBF8F], Granted Authorities=[ROLE_UTILIZADOR]]] to HttpSession [org.apache.catalina.session.StandardSessionFacade@680bbc4d]
2026-06-30 17:22:54.661 [http-nio-8080-exec-8] DEBUG o.s.s.w.a.UsernamePasswordAuthenticationFilter - Set SecurityContextHolder to UsernamePasswordAuthenticationToken [Principal=com.itsm.incidentmanagement.security.service.CustomUserDetails@4dc74bdb, Credentials=[PROTECTED], Authenticated=true, Details=WebAuthenticationDetails [RemoteIpAddress=127.0.0.1, SessionId=43D40B91D32EFE3A8322C5C3779BBF8F], Granted Authorities=[ROLE_UTILIZADOR]]
2026-06-30 17:22:54.661 [http-nio-8080-exec-8] DEBUG o.s.s.web.DefaultRedirectStrategy - Redirecting to /admin/dashboard
2026-06-30 17:22:54.665 [http-nio-8080-exec-5] DEBUG o.s.security.web.FilterChainProxy - Securing GET /admin/dashboard
2026-06-30 17:22:54.666 [http-nio-8080-exec-5] DEBUG o.s.s.w.c.HttpSessionSecurityContextRepository - Retrieved SecurityContextImpl [Authentication=UsernamePasswordAuthenticationToken [Principal=com.itsm.incidentmanagement.security.service.CustomUserDetails@4dc74bdb, Credentials=[PROTECTED], Authenticated=true, Details=WebAuthenticationDetails [RemoteIpAddress=127.0.0.1, SessionId=43D40B91D32EFE3A8322C5C3779BBF8F], Granted Authorities=[ROLE_UTILIZADOR]]]
2026-06-30 17:22:54.666 [http-nio-8080-exec-5] DEBUG o.s.s.w.a.AccessDeniedHandlerImpl - Responding with 403 status code
2026-06-30 17:22:54.677 [http-nio-8080-exec-5] DEBUG o.s.security.web.FilterChainProxy - Securing GET /error
2026-06-30 17:22:54.678 [http-nio-8080-exec-5] DEBUG o.s.s.w.c.HttpSessionSecurityContextRepository - Retrieved SecurityContextImpl [Authentication=UsernamePasswordAuthenticationToken [Principal=com.itsm.incidentmanagement.security.service.CustomUserDetails@4dc74bdb, Credentials=[PROTECTED], Authenticated=true, Details=WebAuthenticationDetails [RemoteIpAddress=127.0.0.1, SessionId=43D40B91D32EFE3A8322C5C3779BBF8F], Granted Authorities=[ROLE_UTILIZADOR]]]
2026-06-30 17:22:54.678 [http-nio-8080-exec-5] DEBUG o.s.security.web.FilterChainProxy - Secured GET /error
2026-06-30 17:22:54.721 [http-nio-8080-exec-10] DEBUG o.s.security.web.FilterChainProxy - Securing GET /favicon.ico
2026-06-30 17:22:54.722 [http-nio-8080-exec-10] DEBUG o.s.s.w.c.HttpSessionSecurityContextRepository - Retrieved SecurityContextImpl [Authentication=UsernamePasswordAuthenticationToken [Principal=com.itsm.incidentmanagement.security.service.CustomUserDetails@4dc74bdb, Credentials=[PROTECTED], Authenticated=true, Details=WebAuthenticationDetails [RemoteIpAddress=127.0.0.1, SessionId=43D40B91D32EFE3A8322C5C3779BBF8F], Granted Authorities=[ROLE_UTILIZADOR]]]
2026-06-30 17:22:54.722 [http-nio-8080-exec-10] DEBUG o.s.security.web.FilterChainProxy - Secured GET /favicon.ico
2026-06-30 17:27:53.236 [main] INFO  o.s.b.a.l.ConditionEvaluationReportLogger - 

Error starting ApplicationContext. To display the condition evaluation report re-run your application with 'debug' enabled.
2026-06-30 17:27:53.237 [SpringApplicationShutdownHook] INFO  o.s.b.w.e.tomcat.GracefulShutdown - Commencing graceful shutdown. Waiting for active requests to complete
2026-06-30 17:27:53.242 [tomcat-shutdown] INFO  o.s.b.w.e.tomcat.GracefulShutdown - Graceful shutdown complete
2026-06-30 17:27:53.248 [SpringApplicationShutdownHook] INFO  o.s.o.j.LocalContainerEntityManagerFactoryBean - Closing JPA EntityManagerFactory for persistence unit 'default'
2026-06-30 17:27:53.250 [SpringApplicationShutdownHook] INFO  com.zaxxer.hikari.HikariDataSource - HikariPool-1 - Shutdown initiated...
2026-06-30 17:27:53.252 [SpringApplicationShutdownHook] INFO  com.zaxxer.hikari.HikariDataSource - HikariPool-1 - Shutdown completed.
2026-06-30 17:27:53.254 [main] ERROR o.s.boot.SpringApplication - Application run failed
java.util.NoSuchElementException: No line found
	at java.base/java.util.Scanner.nextLine(Scanner.java:1660)
	at com.itsm.incidentmanagement.console.ConsoleApplication.run(ConsoleApplication.java:55)
	at org.springframework.boot.SpringApplication.lambda$callRunner$5(SpringApplication.java:788)
	at org.springframework.util.function.ThrowingConsumer$1.acceptWithException(ThrowingConsumer.java:82)
	at org.springframework.util.function.ThrowingConsumer.accept(ThrowingConsumer.java:60)
	at org.springframework.util.function.ThrowingConsumer$1.accept(ThrowingConsumer.java:86)
	at org.springframework.boot.SpringApplication.callRunner(SpringApplication.java:796)
	at org.springframework.boot.SpringApplication.callRunner(SpringApplication.java:787)
	at org.springframework.boot.SpringApplication.lambda$callRunners$3(SpringApplication.java:772)
	at java.base/java.util.stream.ForEachOps$ForEachOp$OfRef.accept(ForEachOps.java:184)
	at java.base/java.util.stream.SortedOps$SizedRefSortingSink.end(SortedOps.java:357)
	at java.base/java.util.stream.AbstractPipeline.copyInto(AbstractPipeline.java:510)
	at java.base/java.util.stream.AbstractPipeline.wrapAndCopyInto(AbstractPipeline.java:499)
	at java.base/java.util.stream.ForEachOps$ForEachOp.evaluateSequential(ForEachOps.java:151)
	at java.base/java.util.stream.ForEachOps$ForEachOp$OfRef.evaluateSequential(ForEachOps.java:174)
	at java.base/java.util.stream.AbstractPipeline.evaluate(AbstractPipeline.java:234)
	at java.base/java.util.stream.ReferencePipeline.forEach(ReferencePipeline.java:596)
	at org.springframework.boot.SpringApplication.callRunners(SpringApplication.java:772)
	at org.springframework.boot.SpringApplication.run(SpringApplication.java:325)
	at org.springframework.boot.SpringApplication.run(SpringApplication.java:1361)
	at org.springframework.boot.SpringApplication.run(SpringApplication.java:1350)
	at com.itsm.incidentmanagement.IncidentManagementApplication.main(IncidentManagementApplication.java:9)
2026-06-30 17:28:14.178 [background-preinit] INFO  o.h.validator.internal.util.Version - HV000001: Hibernate Validator 8.0.3.Final
2026-06-30 17:28:14.223 [main] INFO  c.i.i.IncidentManagementApplication - Starting IncidentManagementApplication using Java 21.0.10 with PID 9048 (C:\Users\Usuario\Documents\Tecnisign\UFCD 10790 – Projeto de Programação\incident-management\target\classes started by Usuario in C:\Users\Usuario\Documents\Tecnisign\UFCD 10790 – Projeto de Programação\incident-management)
2026-06-30 17:28:14.223 [main] DEBUG c.i.i.IncidentManagementApplication - Running with Spring Boot v3.5.14, Spring v6.2.18
2026-06-30 17:28:14.225 [main] INFO  c.i.i.IncidentManagementApplication - No active profile set, falling back to 1 default profile: "default"
2026-06-30 17:28:15.135 [main] INFO  o.s.d.r.c.RepositoryConfigurationDelegate - Bootstrapping Spring Data JPA repositories in DEFAULT mode.
2026-06-30 17:28:15.195 [main] INFO  o.s.d.r.c.RepositoryConfigurationDelegate - Finished Spring Data repository scanning in 52 ms. Found 5 JPA repository interfaces.
2026-06-30 17:28:15.650 [main] INFO  o.s.b.w.e.tomcat.TomcatWebServer - Tomcat initialized with port 8080 (http)
2026-06-30 17:28:15.661 [main] INFO  o.a.coyote.http11.Http11NioProtocol - Initializing ProtocolHandler ["http-nio-8080"]
2026-06-30 17:28:15.664 [main] INFO  o.a.catalina.core.StandardService - Starting service [Tomcat]
2026-06-30 17:28:15.664 [main] INFO  o.a.catalina.core.StandardEngine - Starting Servlet engine: [Apache Tomcat/10.1.54]
2026-06-30 17:28:15.716 [main] INFO  o.a.c.c.C.[Tomcat].[localhost].[/] - Initializing Spring embedded WebApplicationContext
2026-06-30 17:28:15.718 [main] INFO  o.s.b.w.s.c.ServletWebServerApplicationContext - Root WebApplicationContext: initialization completed in 1457 ms
2026-06-30 17:28:15.909 [main] INFO  o.h.jpa.internal.util.LogHelper - HHH000204: Processing PersistenceUnitInfo [name: default]
2026-06-30 17:28:15.952 [main] INFO  org.hibernate.Version - HHH000412: Hibernate ORM core version 6.6.49.Final
2026-06-30 17:28:15.981 [main] INFO  o.h.c.i.RegionFactoryInitiator - HHH000026: Second-level cache disabled
2026-06-30 17:28:16.218 [main] INFO  o.s.o.j.p.SpringPersistenceUnitInfo - No LoadTimeWeaver setup: ignoring JPA class transformer
2026-06-30 17:28:16.257 [main] INFO  com.zaxxer.hikari.HikariDataSource - HikariPool-1 - Starting...
2026-06-30 17:28:16.394 [main] INFO  com.zaxxer.hikari.pool.HikariPool - HikariPool-1 - Added connection org.postgresql.jdbc.PgConnection@1df9f7c6
2026-06-30 17:28:16.396 [main] INFO  com.zaxxer.hikari.HikariDataSource - HikariPool-1 - Start completed.
2026-06-30 17:28:16.426 [main] WARN  org.hibernate.orm.deprecation - HHH90000025: PostgreSQLDialect does not need to be specified explicitly using 'hibernate.dialect' (remove the property setting and it will be selected by default)
2026-06-30 17:28:16.443 [main] INFO  o.hibernate.orm.connections.pooling - HHH10001005: Database info:
	Database JDBC URL [Connecting through datasource 'HikariDataSource (HikariPool-1)']
	Database driver: undefined/unknown
	Database version: 15.18
	Autocommit mode: undefined/unknown
	Isolation level: undefined/unknown
	Minimum pool size: undefined/unknown
	Maximum pool size: undefined/unknown
2026-06-30 17:28:17.602 [main] INFO  o.h.e.t.j.p.i.JtaPlatformInitiator - HHH000489: No JTA platform available (set 'hibernate.transaction.jta.platform' to enable JTA platform integration)
2026-06-30 17:28:17.728 [main] INFO  o.s.o.j.LocalContainerEntityManagerFactoryBean - Initialized JPA EntityManagerFactory for persistence unit 'default'
2026-06-30 17:28:18.021 [main] DEBUG c.i.i.s.f.JwtAuthenticationFilter - Filter 'jwtAuthenticationFilter' configured for use
2026-06-30 17:28:18.203 [main] DEBUG org.hibernate.SQL - 
    select
        t1_0.id,
        t1_0.carga_trabalho_atual,
        t1_0.disponibilidade,
        t1_0.utilizador_id 
    from
        tecnico t1_0
2026-06-30 17:28:18.241 [main] DEBUG org.hibernate.SQL - 
    select
        u1_0.id,
        u1_0.created_at,
        u1_0.email,
        u1_0.nome,
        u1_0.password_hash,
        u1_0.role,
        u1_0.username 
    from
        utilizador u1_0 
    where
        u1_0.id=?
2026-06-30 17:28:18.250 [main] DEBUG org.hibernate.SQL - 
    select
        u1_0.id,
        u1_0.created_at,
        u1_0.email,
        u1_0.nome,
        u1_0.password_hash,
        u1_0.role,
        u1_0.username 
    from
        utilizador u1_0 
    where
        u1_0.id=?
2026-06-30 17:28:18.252 [main] DEBUG org.hibernate.SQL - 
    select
        u1_0.id,
        u1_0.created_at,
        u1_0.email,
        u1_0.nome,
        u1_0.password_hash,
        u1_0.role,
        u1_0.username 
    from
        utilizador u1_0 
    where
        u1_0.id=?
2026-06-30 17:28:18.255 [main] DEBUG org.hibernate.SQL - 
    select
        c1_0.tecnico_id,
        c1_1.id,
        c1_1.nome 
    from
        tecnico_competencia c1_0 
    join
        competencia c1_1 
            on c1_1.id=c1_0.competencia_id 
    where
        c1_0.tecnico_id=?
2026-06-30 17:28:18.260 [main] DEBUG org.hibernate.SQL - 
    select
        c1_0.tecnico_id,
        c1_1.id,
        c1_1.nome 
    from
        tecnico_competencia c1_0 
    join
        competencia c1_1 
            on c1_1.id=c1_0.competencia_id 
    where
        c1_0.tecnico_id=?
2026-06-30 17:28:18.262 [main] DEBUG org.hibernate.SQL - 
    select
        c1_0.tecnico_id,
        c1_1.id,
        c1_1.nome 
    from
        tecnico_competencia c1_0 
    join
        competencia c1_1 
            on c1_1.id=c1_0.competencia_id 
    where
        c1_0.tecnico_id=?
2026-06-30 17:28:18.282 [main] DEBUG org.hibernate.SQL - 
    select
        t1_0.id,
        t1_0.aberto_por_id,
        t1_0.ativo_id,
        t1_0.data_abertura,
        t1_0.data_fecho,
        t1_0.descricao,
        t1_0.estado,
        t1_0.prioridade,
        t1_0.tecnico_id,
        t1_0.tipo,
        t1_0.titulo 
    from
        ticket t1_0
2026-06-30 17:28:18.464 [main] WARN  o.s.b.a.o.j.JpaBaseConfiguration$JpaWebConfiguration - spring.jpa.open-in-view is enabled by default. Therefore, database queries may be performed during view rendering. Explicitly configure spring.jpa.open-in-view to disable this warning
2026-06-30 17:28:18.488 [main] INFO  o.s.b.a.w.s.WelcomePageHandlerMapping - Adding welcome page: class path resource [static/index.html]
2026-06-30 17:28:18.555 [main] WARN  o.s.b.w.s.c.AnnotationConfigServletWebServerApplicationContext - Exception encountered during context initialization - cancelling refresh attempt: org.springframework.beans.factory.BeanCreationException: Error creating bean with name 'org.springframework.security.config.annotation.web.configuration.WebSecurityConfiguration': Injection of autowired dependencies failed
2026-06-30 17:28:18.557 [main] INFO  o.s.o.j.LocalContainerEntityManagerFactoryBean - Closing JPA EntityManagerFactory for persistence unit 'default'
2026-06-30 17:28:18.559 [main] INFO  com.zaxxer.hikari.HikariDataSource - HikariPool-1 - Shutdown initiated...
2026-06-30 17:28:18.562 [main] INFO  com.zaxxer.hikari.HikariDataSource - HikariPool-1 - Shutdown completed.
2026-06-30 17:28:18.567 [main] INFO  o.a.catalina.core.StandardService - Stopping service [Tomcat]
2026-06-30 17:28:18.583 [main] INFO  o.s.b.a.l.ConditionEvaluationReportLogger - 

Error starting ApplicationContext. To display the condition evaluation report re-run your application with 'debug' enabled.
2026-06-30 17:28:18.597 [main] ERROR o.s.boot.SpringApplication - Application run failed
org.springframework.beans.factory.BeanCreationException: Error creating bean with name 'org.springframework.security.config.annotation.web.configuration.WebSecurityConfiguration': Injection of autowired dependencies failed
	at org.springframework.beans.factory.annotation.AutowiredAnnotationBeanPostProcessor.postProcessProperties(AutowiredAnnotationBeanPostProcessor.java:515)
	at org.springframework.beans.factory.support.AbstractAutowireCapableBeanFactory.populateBean(AbstractAutowireCapableBeanFactory.java:1459)
	at org.springframework.beans.factory.support.AbstractAutowireCapableBeanFactory.doCreateBean(AbstractAutowireCapableBeanFactory.java:606)
	at org.springframework.beans.factory.support.AbstractAutowireCapableBeanFactory.createBean(AbstractAutowireCapableBeanFactory.java:529)
	at org.springframework.beans.factory.support.AbstractBeanFactory.lambda$doGetBean$0(AbstractBeanFactory.java:339)
	at org.springframework.beans.factory.support.DefaultSingletonBeanRegistry.getSingleton(DefaultSingletonBeanRegistry.java:373)
	at org.springframework.beans.factory.support.AbstractBeanFactory.doGetBean(AbstractBeanFactory.java:337)
	at org.springframework.beans.factory.support.AbstractBeanFactory.getBean(AbstractBeanFactory.java:202)
	at org.springframework.beans.factory.support.DefaultListableBeanFactory.instantiateSingleton(DefaultListableBeanFactory.java:1228)
	at org.springframework.beans.factory.support.DefaultListableBeanFactory.preInstantiateSingleton(DefaultListableBeanFactory.java:1194)
	at org.springframework.beans.factory.support.DefaultListableBeanFactory.preInstantiateSingletons(DefaultListableBeanFactory.java:1130)
	at org.springframework.context.support.AbstractApplicationContext.finishBeanFactoryInitialization(AbstractApplicationContext.java:991)
	at org.springframework.context.support.AbstractApplicationContext.refresh(AbstractApplicationContext.java:628)
	at org.springframework.boot.web.servlet.context.ServletWebServerApplicationContext.refresh(ServletWebServerApplicationContext.java:146)
	at org.springframework.boot.SpringApplication.refresh(SpringApplication.java:752)
	at org.springframework.boot.SpringApplication.refreshContext(SpringApplication.java:439)
	at org.springframework.boot.SpringApplication.run(SpringApplication.java:318)
	at org.springframework.boot.SpringApplication.run(SpringApplication.java:1361)
	at org.springframework.boot.SpringApplication.run(SpringApplication.java:1350)
	at com.itsm.incidentmanagement.IncidentManagementApplication.main(IncidentManagementApplication.java:9)
Caused by: java.lang.RuntimeException: Could not postProcess org.springframework.security.config.annotation.web.builders.WebSecurity@45cce4c2 of type class org.springframework.security.config.annotation.web.builders.WebSecurity
	at org.springframework.security.config.annotation.configuration.AutowireBeanFactoryObjectPostProcessor.postProcess(AutowireBeanFactoryObjectPostProcessor.java:71)
	at org.springframework.security.config.annotation.web.configuration.WebSecurityConfiguration.setFilterChainProxySecurityConfigurer(WebSecurityConfiguration.java:159)
	at java.base/jdk.internal.reflect.DirectMethodHandleAccessor.invoke(DirectMethodHandleAccessor.java:103)
	at java.base/java.lang.reflect.Method.invoke(Method.java:580)
	at org.springframework.beans.factory.annotation.AutowiredAnnotationBeanPostProcessor$AutowiredMethodElement.inject(AutowiredAnnotationBeanPostProcessor.java:853)
	at org.springframework.beans.factory.annotation.InjectionMetadata.inject(InjectionMetadata.java:146)
	at org.springframework.beans.factory.annotation.AutowiredAnnotationBeanPostProcessor.postProcessProperties(AutowiredAnnotationBeanPostProcessor.java:509)
	... 19 common frames omitted
Caused by: org.springframework.beans.factory.BeanCreationException: Error creating bean with name 'mvcHandlerMappingIntrospectorRequestTransformer': Cannot resolve reference to bean 'mvcHandlerMappingIntrospector' while setting constructor argument
	at org.springframework.beans.factory.support.BeanDefinitionValueResolver.resolveReference(BeanDefinitionValueResolver.java:377)
	at org.springframework.beans.factory.support.BeanDefinitionValueResolver.resolveValueIfNecessary(BeanDefinitionValueResolver.java:135)
	at org.springframework.beans.factory.support.ConstructorResolver.resolveConstructorArguments(ConstructorResolver.java:691)
	at org.springframework.beans.factory.support.ConstructorResolver.autowireConstructor(ConstructorResolver.java:206)
	at org.springframework.beans.factory.support.AbstractAutowireCapableBeanFactory.autowireConstructor(AbstractAutowireCapableBeanFactory.java:1395)
	at org.springframework.beans.factory.support.AbstractAutowireCapableBeanFactory.createBeanInstance(AbstractAutowireCapableBeanFactory.java:1232)
	at org.springframework.beans.factory.support.AbstractAutowireCapableBeanFactory.doCreateBean(AbstractAutowireCapableBeanFactory.java:569)
	at org.springframework.beans.factory.support.AbstractAutowireCapableBeanFactory.createBean(AbstractAutowireCapableBeanFactory.java:529)
	at org.springframework.beans.factory.support.AbstractBeanFactory.lambda$doGetBean$0(AbstractBeanFactory.java:339)
	at org.springframework.beans.factory.support.DefaultSingletonBeanRegistry.getSingleton(DefaultSingletonBeanRegistry.java:373)
	at org.springframework.beans.factory.support.AbstractBeanFactory.doGetBean(AbstractBeanFactory.java:337)
	at org.springframework.beans.factory.support.AbstractBeanFactory.getBean(AbstractBeanFactory.java:227)
	at org.springframework.beans.factory.support.DefaultListableBeanFactory.resolveNamedBean(DefaultListableBeanFactory.java:1623)
	at org.springframework.beans.factory.support.DefaultListableBeanFactory.resolveNamedBean(DefaultListableBeanFactory.java:1581)
	at org.springframework.beans.factory.support.DefaultListableBeanFactory.resolveBean(DefaultListableBeanFactory.java:564)
	at org.springframework.beans.factory.support.DefaultListableBeanFactory$1.getIfUnique(DefaultListableBeanFactory.java:490)
	at org.springframework.security.config.annotation.web.builders.WebSecurity.setApplicationContext(WebSecurity.java:433)
	at org.springframework.context.support.ApplicationContextAwareProcessor.invokeAwareInterfaces(ApplicationContextAwareProcessor.java:110)
	at org.springframework.context.support.ApplicationContextAwareProcessor.postProcessBeforeInitialization(ApplicationContextAwareProcessor.java:85)
	at org.springframework.beans.factory.support.AbstractAutowireCapableBeanFactory.applyBeanPostProcessorsBeforeInitialization(AbstractAutowireCapableBeanFactory.java:429)
	at org.springframework.beans.factory.support.AbstractAutowireCapableBeanFactory.initializeBean(AbstractAutowireCapableBeanFactory.java:1818)
	at org.springframework.beans.factory.support.AbstractAutowireCapableBeanFactory.initializeBean(AbstractAutowireCapableBeanFactory.java:419)
	at org.springframework.security.config.annotation.configuration.AutowireBeanFactoryObjectPostProcessor.initializeBeanIfNeeded(AutowireBeanFactoryObjectPostProcessor.java:98)
	at org.springframework.security.config.annotation.configuration.AutowireBeanFactoryObjectPostProcessor.postProcess(AutowireBeanFactoryObjectPostProcessor.java:67)
	... 25 common frames omitted
Caused by: org.springframework.beans.factory.BeanCreationException: Error creating bean with name 'mvcHandlerMappingIntrospector' defined in class path resource [org/springframework/boot/autoconfigure/web/servlet/WebMvcAutoConfiguration$EnableWebMvcConfiguration.class]: Error creating bean with name 'requestMappingHandlerMapping' defined in class path resource [org/springframework/boot/autoconfigure/web/servlet/WebMvcAutoConfiguration$EnableWebMvcConfiguration.class]: Ambiguous mapping. Cannot map 'webController' method 
com.itsm.incidentmanagement.controller.WebController#adminDashboard(Model)
to {GET [/admin/dashboard]}: There is already 'dashboardController' bean method
com.itsm.incidentmanagement.controller.DashboardController#adminDashboard(Model) mapped.
	at org.springframework.beans.factory.support.AbstractAutowireCapableBeanFactory.initializeBean(AbstractAutowireCapableBeanFactory.java:1826)
	at org.springframework.beans.factory.support.AbstractAutowireCapableBeanFactory.doCreateBean(AbstractAutowireCapableBeanFactory.java:607)
	at org.springframework.beans.factory.support.AbstractAutowireCapableBeanFactory.createBean(AbstractAutowireCapableBeanFactory.java:529)
	at org.springframework.beans.factory.support.AbstractBeanFactory.lambda$doGetBean$0(AbstractBeanFactory.java:339)
	at org.springframework.beans.factory.support.DefaultSingletonBeanRegistry.getSingleton(DefaultSingletonBeanRegistry.java:373)
	at org.springframework.beans.factory.support.AbstractBeanFactory.doGetBean(AbstractBeanFactory.java:337)
	at org.springframework.beans.factory.support.AbstractBeanFactory.getBean(AbstractBeanFactory.java:202)
	at org.springframework.beans.factory.support.BeanDefinitionValueResolver.resolveReference(BeanDefinitionValueResolver.java:365)
	... 48 common frames omitted
Caused by: org.springframework.beans.factory.BeanCreationException: Error creating bean with name 'requestMappingHandlerMapping' defined in class path resource [org/springframework/boot/autoconfigure/web/servlet/WebMvcAutoConfiguration$EnableWebMvcConfiguration.class]: Ambiguous mapping. Cannot map 'webController' method 
com.itsm.incidentmanagement.controller.WebController#adminDashboard(Model)
to {GET [/admin/dashboard]}: There is already 'dashboardController' bean method
com.itsm.incidentmanagement.controller.DashboardController#adminDashboard(Model) mapped.
	at org.springframework.beans.factory.support.AbstractAutowireCapableBeanFactory.initializeBean(AbstractAutowireCapableBeanFactory.java:1826)
	at org.springframework.beans.factory.support.AbstractAutowireCapableBeanFactory.doCreateBean(AbstractAutowireCapableBeanFactory.java:607)
	at org.springframework.beans.factory.support.AbstractAutowireCapableBeanFactory.createBean(AbstractAutowireCapableBeanFactory.java:529)
	at org.springframework.beans.factory.support.AbstractBeanFactory.lambda$doGetBean$0(AbstractBeanFactory.java:339)
	at org.springframework.beans.factory.support.DefaultSingletonBeanRegistry.getSingleton(DefaultSingletonBeanRegistry.java:373)
	at org.springframework.beans.factory.support.AbstractBeanFactory.doGetBean(AbstractBeanFactory.java:337)
	at org.springframework.beans.factory.support.AbstractBeanFactory.getBean(AbstractBeanFactory.java:202)
	at org.springframework.beans.factory.support.DefaultListableBeanFactory.getBeansOfType(DefaultListableBeanFactory.java:748)
	at org.springframework.context.support.AbstractApplicationContext.getBeansOfType(AbstractApplicationContext.java:1450)
	at org.springframework.beans.factory.BeanFactoryUtils.beansOfTypeIncludingAncestors(BeanFactoryUtils.java:372)
	at org.springframework.web.servlet.handler.HandlerMappingIntrospector.initHandlerMappings(HandlerMappingIntrospector.java:159)
	at org.springframework.web.servlet.handler.HandlerMappingIntrospector.afterPropertiesSet(HandlerMappingIntrospector.java:146)
	at org.springframework.beans.factory.support.AbstractAutowireCapableBeanFactory.invokeInitMethods(AbstractAutowireCapableBeanFactory.java:1873)
	at org.springframework.beans.factory.support.AbstractAutowireCapableBeanFactory.initializeBean(AbstractAutowireCapableBeanFactory.java:1822)
	... 55 common frames omitted
Caused by: java.lang.IllegalStateException: Ambiguous mapping. Cannot map 'webController' method 
com.itsm.incidentmanagement.controller.WebController#adminDashboard(Model)
to {GET [/admin/dashboard]}: There is already 'dashboardController' bean method
com.itsm.incidentmanagement.controller.DashboardController#adminDashboard(Model) mapped.
	at org.springframework.web.servlet.handler.AbstractHandlerMethodMapping$MappingRegistry.validateMethodMapping(AbstractHandlerMethodMapping.java:677)
	at org.springframework.web.servlet.handler.AbstractHandlerMethodMapping$MappingRegistry.register(AbstractHandlerMethodMapping.java:637)
	at org.springframework.web.servlet.handler.AbstractHandlerMethodMapping.registerHandlerMethod(AbstractHandlerMethodMapping.java:331)
	at org.springframework.web.servlet.mvc.method.annotation.RequestMappingHandlerMapping.registerHandlerMethod(RequestMappingHandlerMapping.java:507)
	at org.springframework.web.servlet.mvc.method.annotation.RequestMappingHandlerMapping.registerHandlerMethod(RequestMappingHandlerMapping.java:84)
	at org.springframework.web.servlet.handler.AbstractHandlerMethodMapping.lambda$detectHandlerMethods$2(AbstractHandlerMethodMapping.java:298)
	at java.base/java.util.LinkedHashMap.forEach(LinkedHashMap.java:986)
	at org.springframework.web.servlet.handler.AbstractHandlerMethodMapping.detectHandlerMethods(AbstractHandlerMethodMapping.java:296)
	at org.springframework.web.servlet.handler.AbstractHandlerMethodMapping.processCandidateBean(AbstractHandlerMethodMapping.java:265)
	at org.springframework.web.servlet.handler.AbstractHandlerMethodMapping.initHandlerMethods(AbstractHandlerMethodMapping.java:224)
	at org.springframework.web.servlet.handler.AbstractHandlerMethodMapping.afterPropertiesSet(AbstractHandlerMethodMapping.java:212)
	at org.springframework.web.servlet.mvc.method.annotation.RequestMappingHandlerMapping.afterPropertiesSet(RequestMappingHandlerMapping.java:237)
	at org.springframework.beans.factory.support.AbstractAutowireCapableBeanFactory.invokeInitMethods(AbstractAutowireCapableBeanFactory.java:1873)
	at org.springframework.beans.factory.support.AbstractAutowireCapableBeanFactory.initializeBean(AbstractAutowireCapableBeanFactory.java:1822)
	... 68 common frames omitted
2026-06-30 17:29:44.323 [background-preinit] INFO  o.h.validator.internal.util.Version - HV000001: Hibernate Validator 8.0.3.Final
2026-06-30 17:29:44.369 [main] INFO  c.i.i.IncidentManagementApplication - Starting IncidentManagementApplication using Java 21.0.10 with PID 19532 (C:\Users\Usuario\Documents\Tecnisign\UFCD 10790 – Projeto de Programação\incident-management\target\classes started by Usuario in C:\Users\Usuario\Documents\Tecnisign\UFCD 10790 – Projeto de Programação\incident-management)
2026-06-30 17:29:44.369 [main] DEBUG c.i.i.IncidentManagementApplication - Running with Spring Boot v3.5.14, Spring v6.2.18
2026-06-30 17:29:44.370 [main] INFO  c.i.i.IncidentManagementApplication - No active profile set, falling back to 1 default profile: "default"
2026-06-30 17:29:45.585 [main] INFO  o.s.d.r.c.RepositoryConfigurationDelegate - Bootstrapping Spring Data JPA repositories in DEFAULT mode.
2026-06-30 17:29:45.648 [main] INFO  o.s.d.r.c.RepositoryConfigurationDelegate - Finished Spring Data repository scanning in 55 ms. Found 5 JPA repository interfaces.
2026-06-30 17:29:46.115 [main] INFO  o.s.b.w.e.tomcat.TomcatWebServer - Tomcat initialized with port 8080 (http)
2026-06-30 17:29:46.126 [main] INFO  o.a.coyote.http11.Http11NioProtocol - Initializing ProtocolHandler ["http-nio-8080"]
2026-06-30 17:29:46.128 [main] INFO  o.a.catalina.core.StandardService - Starting service [Tomcat]
2026-06-30 17:29:46.129 [main] INFO  o.a.catalina.core.StandardEngine - Starting Servlet engine: [Apache Tomcat/10.1.54]
2026-06-30 17:29:46.182 [main] INFO  o.a.c.c.C.[Tomcat].[localhost].[/] - Initializing Spring embedded WebApplicationContext
2026-06-30 17:29:46.182 [main] INFO  o.s.b.w.s.c.ServletWebServerApplicationContext - Root WebApplicationContext: initialization completed in 1778 ms
2026-06-30 17:29:46.379 [main] INFO  o.h.jpa.internal.util.LogHelper - HHH000204: Processing PersistenceUnitInfo [name: default]
2026-06-30 17:29:46.421 [main] INFO  org.hibernate.Version - HHH000412: Hibernate ORM core version 6.6.49.Final
2026-06-30 17:29:46.451 [main] INFO  o.h.c.i.RegionFactoryInitiator - HHH000026: Second-level cache disabled
2026-06-30 17:29:46.683 [main] INFO  o.s.o.j.p.SpringPersistenceUnitInfo - No LoadTimeWeaver setup: ignoring JPA class transformer
2026-06-30 17:29:46.710 [main] INFO  com.zaxxer.hikari.HikariDataSource - HikariPool-1 - Starting...
2026-06-30 17:29:46.832 [main] INFO  com.zaxxer.hikari.pool.HikariPool - HikariPool-1 - Added connection org.postgresql.jdbc.PgConnection@6528d339
2026-06-30 17:29:46.834 [main] INFO  com.zaxxer.hikari.HikariDataSource - HikariPool-1 - Start completed.
2026-06-30 17:29:46.863 [main] WARN  org.hibernate.orm.deprecation - HHH90000025: PostgreSQLDialect does not need to be specified explicitly using 'hibernate.dialect' (remove the property setting and it will be selected by default)
2026-06-30 17:29:46.879 [main] INFO  o.hibernate.orm.connections.pooling - HHH10001005: Database info:
	Database JDBC URL [Connecting through datasource 'HikariDataSource (HikariPool-1)']
	Database driver: undefined/unknown
	Database version: 15.18
	Autocommit mode: undefined/unknown
	Isolation level: undefined/unknown
	Minimum pool size: undefined/unknown
	Maximum pool size: undefined/unknown
2026-06-30 17:29:47.828 [main] INFO  o.h.e.t.j.p.i.JtaPlatformInitiator - HHH000489: No JTA platform available (set 'hibernate.transaction.jta.platform' to enable JTA platform integration)
2026-06-30 17:29:47.979 [main] INFO  o.s.o.j.LocalContainerEntityManagerFactoryBean - Initialized JPA EntityManagerFactory for persistence unit 'default'
2026-06-30 17:29:48.316 [main] DEBUG c.i.i.s.f.JwtAuthenticationFilter - Filter 'jwtAuthenticationFilter' configured for use
2026-06-30 17:29:48.496 [main] DEBUG org.hibernate.SQL - 
    select
        t1_0.id,
        t1_0.carga_trabalho_atual,
        t1_0.disponibilidade,
        t1_0.utilizador_id 
    from
        tecnico t1_0
2026-06-30 17:29:48.538 [main] DEBUG org.hibernate.SQL - 
    select
        u1_0.id,
        u1_0.created_at,
        u1_0.email,
        u1_0.nome,
        u1_0.password_hash,
        u1_0.role,
        u1_0.username 
    from
        utilizador u1_0 
    where
        u1_0.id=?
2026-06-30 17:29:48.549 [main] DEBUG org.hibernate.SQL - 
    select
        u1_0.id,
        u1_0.created_at,
        u1_0.email,
        u1_0.nome,
        u1_0.password_hash,
        u1_0.role,
        u1_0.username 
    from
        utilizador u1_0 
    where
        u1_0.id=?
2026-06-30 17:29:48.551 [main] DEBUG org.hibernate.SQL - 
    select
        u1_0.id,
        u1_0.created_at,
        u1_0.email,
        u1_0.nome,
        u1_0.password_hash,
        u1_0.role,
        u1_0.username 
    from
        utilizador u1_0 
    where
        u1_0.id=?
2026-06-30 17:29:48.554 [main] DEBUG org.hibernate.SQL - 
    select
        c1_0.tecnico_id,
        c1_1.id,
        c1_1.nome 
    from
        tecnico_competencia c1_0 
    join
        competencia c1_1 
            on c1_1.id=c1_0.competencia_id 
    where
        c1_0.tecnico_id=?
2026-06-30 17:29:48.558 [main] DEBUG org.hibernate.SQL - 
    select
        c1_0.tecnico_id,
        c1_1.id,
        c1_1.nome 
    from
        tecnico_competencia c1_0 
    join
        competencia c1_1 
            on c1_1.id=c1_0.competencia_id 
    where
        c1_0.tecnico_id=?
2026-06-30 17:29:48.561 [main] DEBUG org.hibernate.SQL - 
    select
        c1_0.tecnico_id,
        c1_1.id,
        c1_1.nome 
    from
        tecnico_competencia c1_0 
    join
        competencia c1_1 
            on c1_1.id=c1_0.competencia_id 
    where
        c1_0.tecnico_id=?
2026-06-30 17:29:48.586 [main] DEBUG org.hibernate.SQL - 
    select
        t1_0.id,
        t1_0.aberto_por_id,
        t1_0.ativo_id,
        t1_0.data_abertura,
        t1_0.data_fecho,
        t1_0.descricao,
        t1_0.estado,
        t1_0.prioridade,
        t1_0.tecnico_id,
        t1_0.tipo,
        t1_0.titulo 
    from
        ticket t1_0
2026-06-30 17:29:48.791 [main] WARN  o.s.b.a.o.j.JpaBaseConfiguration$JpaWebConfiguration - spring.jpa.open-in-view is enabled by default. Therefore, database queries may be performed during view rendering. Explicitly configure spring.jpa.open-in-view to disable this warning
2026-06-30 17:29:48.817 [main] INFO  o.s.b.a.w.s.WelcomePageHandlerMapping - Adding welcome page: class path resource [static/index.html]
2026-06-30 17:29:48.902 [main] WARN  o.s.b.w.s.c.AnnotationConfigServletWebServerApplicationContext - Exception encountered during context initialization - cancelling refresh attempt: org.springframework.beans.factory.BeanCreationException: Error creating bean with name 'org.springframework.security.config.annotation.web.configuration.WebSecurityConfiguration': Injection of autowired dependencies failed
2026-06-30 17:29:48.909 [main] INFO  o.s.o.j.LocalContainerEntityManagerFactoryBean - Closing JPA EntityManagerFactory for persistence unit 'default'
2026-06-30 17:29:48.911 [main] INFO  com.zaxxer.hikari.HikariDataSource - HikariPool-1 - Shutdown initiated...
2026-06-30 17:29:48.914 [main] INFO  com.zaxxer.hikari.HikariDataSource - HikariPool-1 - Shutdown completed.
2026-06-30 17:29:48.922 [main] INFO  o.a.catalina.core.StandardService - Stopping service [Tomcat]
2026-06-30 17:29:48.942 [main] INFO  o.s.b.a.l.ConditionEvaluationReportLogger - 

Error starting ApplicationContext. To display the condition evaluation report re-run your application with 'debug' enabled.
2026-06-30 17:29:48.965 [main] ERROR o.s.boot.SpringApplication - Application run failed
org.springframework.beans.factory.BeanCreationException: Error creating bean with name 'org.springframework.security.config.annotation.web.configuration.WebSecurityConfiguration': Injection of autowired dependencies failed
	at org.springframework.beans.factory.annotation.AutowiredAnnotationBeanPostProcessor.postProcessProperties(AutowiredAnnotationBeanPostProcessor.java:515)
	at org.springframework.beans.factory.support.AbstractAutowireCapableBeanFactory.populateBean(AbstractAutowireCapableBeanFactory.java:1459)
	at org.springframework.beans.factory.support.AbstractAutowireCapableBeanFactory.doCreateBean(AbstractAutowireCapableBeanFactory.java:606)
	at org.springframework.beans.factory.support.AbstractAutowireCapableBeanFactory.createBean(AbstractAutowireCapableBeanFactory.java:529)
	at org.springframework.beans.factory.support.AbstractBeanFactory.lambda$doGetBean$0(AbstractBeanFactory.java:339)
	at org.springframework.beans.factory.support.DefaultSingletonBeanRegistry.getSingleton(DefaultSingletonBeanRegistry.java:373)
	at org.springframework.beans.factory.support.AbstractBeanFactory.doGetBean(AbstractBeanFactory.java:337)
	at org.springframework.beans.factory.support.AbstractBeanFactory.getBean(AbstractBeanFactory.java:202)
	at org.springframework.beans.factory.support.DefaultListableBeanFactory.instantiateSingleton(DefaultListableBeanFactory.java:1228)
	at org.springframework.beans.factory.support.DefaultListableBeanFactory.preInstantiateSingleton(DefaultListableBeanFactory.java:1194)
	at org.springframework.beans.factory.support.DefaultListableBeanFactory.preInstantiateSingletons(DefaultListableBeanFactory.java:1130)
	at org.springframework.context.support.AbstractApplicationContext.finishBeanFactoryInitialization(AbstractApplicationContext.java:991)
	at org.springframework.context.support.AbstractApplicationContext.refresh(AbstractApplicationContext.java:628)
	at org.springframework.boot.web.servlet.context.ServletWebServerApplicationContext.refresh(ServletWebServerApplicationContext.java:146)
	at org.springframework.boot.SpringApplication.refresh(SpringApplication.java:752)
	at org.springframework.boot.SpringApplication.refreshContext(SpringApplication.java:439)
	at org.springframework.boot.SpringApplication.run(SpringApplication.java:318)
	at org.springframework.boot.SpringApplication.run(SpringApplication.java:1361)
	at org.springframework.boot.SpringApplication.run(SpringApplication.java:1350)
	at com.itsm.incidentmanagement.IncidentManagementApplication.main(IncidentManagementApplication.java:9)
Caused by: java.lang.RuntimeException: Could not postProcess org.springframework.security.config.annotation.web.builders.WebSecurity@62b3871 of type class org.springframework.security.config.annotation.web.builders.WebSecurity
	at org.springframework.security.config.annotation.configuration.AutowireBeanFactoryObjectPostProcessor.postProcess(AutowireBeanFactoryObjectPostProcessor.java:71)
	at org.springframework.security.config.annotation.web.configuration.WebSecurityConfiguration.setFilterChainProxySecurityConfigurer(WebSecurityConfiguration.java:159)
	at java.base/jdk.internal.reflect.DirectMethodHandleAccessor.invoke(DirectMethodHandleAccessor.java:103)
	at java.base/java.lang.reflect.Method.invoke(Method.java:580)
	at org.springframework.beans.factory.annotation.AutowiredAnnotationBeanPostProcessor$AutowiredMethodElement.inject(AutowiredAnnotationBeanPostProcessor.java:853)
	at org.springframework.beans.factory.annotation.InjectionMetadata.inject(InjectionMetadata.java:146)
	at org.springframework.beans.factory.annotation.AutowiredAnnotationBeanPostProcessor.postProcessProperties(AutowiredAnnotationBeanPostProcessor.java:509)
	... 19 common frames omitted
Caused by: org.springframework.beans.factory.BeanCreationException: Error creating bean with name 'mvcHandlerMappingIntrospectorRequestTransformer': Cannot resolve reference to bean 'mvcHandlerMappingIntrospector' while setting constructor argument
	at org.springframework.beans.factory.support.BeanDefinitionValueResolver.resolveReference(BeanDefinitionValueResolver.java:377)
	at org.springframework.beans.factory.support.BeanDefinitionValueResolver.resolveValueIfNecessary(BeanDefinitionValueResolver.java:135)
	at org.springframework.beans.factory.support.ConstructorResolver.resolveConstructorArguments(ConstructorResolver.java:691)
	at org.springframework.beans.factory.support.ConstructorResolver.autowireConstructor(ConstructorResolver.java:206)
	at org.springframework.beans.factory.support.AbstractAutowireCapableBeanFactory.autowireConstructor(AbstractAutowireCapableBeanFactory.java:1395)
	at org.springframework.beans.factory.support.AbstractAutowireCapableBeanFactory.createBeanInstance(AbstractAutowireCapableBeanFactory.java:1232)
	at org.springframework.beans.factory.support.AbstractAutowireCapableBeanFactory.doCreateBean(AbstractAutowireCapableBeanFactory.java:569)
	at org.springframework.beans.factory.support.AbstractAutowireCapableBeanFactory.createBean(AbstractAutowireCapableBeanFactory.java:529)
	at org.springframework.beans.factory.support.AbstractBeanFactory.lambda$doGetBean$0(AbstractBeanFactory.java:339)
	at org.springframework.beans.factory.support.DefaultSingletonBeanRegistry.getSingleton(DefaultSingletonBeanRegistry.java:373)
	at org.springframework.beans.factory.support.AbstractBeanFactory.doGetBean(AbstractBeanFactory.java:337)
	at org.springframework.beans.factory.support.AbstractBeanFactory.getBean(AbstractBeanFactory.java:227)
	at org.springframework.beans.factory.support.DefaultListableBeanFactory.resolveNamedBean(DefaultListableBeanFactory.java:1623)
	at org.springframework.beans.factory.support.DefaultListableBeanFactory.resolveNamedBean(DefaultListableBeanFactory.java:1581)
	at org.springframework.beans.factory.support.DefaultListableBeanFactory.resolveBean(DefaultListableBeanFactory.java:564)
	at org.springframework.beans.factory.support.DefaultListableBeanFactory$1.getIfUnique(DefaultListableBeanFactory.java:490)
	at org.springframework.security.config.annotation.web.builders.WebSecurity.setApplicationContext(WebSecurity.java:433)
	at org.springframework.context.support.ApplicationContextAwareProcessor.invokeAwareInterfaces(ApplicationContextAwareProcessor.java:110)
	at org.springframework.context.support.ApplicationContextAwareProcessor.postProcessBeforeInitialization(ApplicationContextAwareProcessor.java:85)
	at org.springframework.beans.factory.support.AbstractAutowireCapableBeanFactory.applyBeanPostProcessorsBeforeInitialization(AbstractAutowireCapableBeanFactory.java:429)
	at org.springframework.beans.factory.support.AbstractAutowireCapableBeanFactory.initializeBean(AbstractAutowireCapableBeanFactory.java:1818)
	at org.springframework.beans.factory.support.AbstractAutowireCapableBeanFactory.initializeBean(AbstractAutowireCapableBeanFactory.java:419)
	at org.springframework.security.config.annotation.configuration.AutowireBeanFactoryObjectPostProcessor.initializeBeanIfNeeded(AutowireBeanFactoryObjectPostProcessor.java:98)
	at org.springframework.security.config.annotation.configuration.AutowireBeanFactoryObjectPostProcessor.postProcess(AutowireBeanFactoryObjectPostProcessor.java:67)
	... 25 common frames omitted
Caused by: org.springframework.beans.factory.BeanCreationException: Error creating bean with name 'mvcHandlerMappingIntrospector' defined in class path resource [org/springframework/boot/autoconfigure/web/servlet/WebMvcAutoConfiguration$EnableWebMvcConfiguration.class]: Error creating bean with name 'requestMappingHandlerMapping' defined in class path resource [org/springframework/boot/autoconfigure/web/servlet/WebMvcAutoConfiguration$EnableWebMvcConfiguration.class]: Ambiguous mapping. Cannot map 'webController' method 
com.itsm.incidentmanagement.controller.WebController#newCompetenciaForm(Model)
to {GET [/admin/competencias/new]}: There is already 'competenciaWebController' bean method
com.itsm.incidentmanagement.controller.CompetenciaWebController#novo(Model) mapped.
	at org.springframework.beans.factory.support.AbstractAutowireCapableBeanFactory.initializeBean(AbstractAutowireCapableBeanFactory.java:1826)
	at org.springframework.beans.factory.support.AbstractAutowireCapableBeanFactory.doCreateBean(AbstractAutowireCapableBeanFactory.java:607)
	at org.springframework.beans.factory.support.AbstractAutowireCapableBeanFactory.createBean(AbstractAutowireCapableBeanFactory.java:529)
	at org.springframework.beans.factory.support.AbstractBeanFactory.lambda$doGetBean$0(AbstractBeanFactory.java:339)
	at org.springframework.beans.factory.support.DefaultSingletonBeanRegistry.getSingleton(DefaultSingletonBeanRegistry.java:373)
	at org.springframework.beans.factory.support.AbstractBeanFactory.doGetBean(AbstractBeanFactory.java:337)
	at org.springframework.beans.factory.support.AbstractBeanFactory.getBean(AbstractBeanFactory.java:202)
	at org.springframework.beans.factory.support.BeanDefinitionValueResolver.resolveReference(BeanDefinitionValueResolver.java:365)
	... 48 common frames omitted
Caused by: org.springframework.beans.factory.BeanCreationException: Error creating bean with name 'requestMappingHandlerMapping' defined in class path resource [org/springframework/boot/autoconfigure/web/servlet/WebMvcAutoConfiguration$EnableWebMvcConfiguration.class]: Ambiguous mapping. Cannot map 'webController' method 
com.itsm.incidentmanagement.controller.WebController#newCompetenciaForm(Model)
to {GET [/admin/competencias/new]}: There is already 'competenciaWebController' bean method
com.itsm.incidentmanagement.controller.CompetenciaWebController#novo(Model) mapped.
	at org.springframework.beans.factory.support.AbstractAutowireCapableBeanFactory.initializeBean(AbstractAutowireCapableBeanFactory.java:1826)
	at org.springframework.beans.factory.support.AbstractAutowireCapableBeanFactory.doCreateBean(AbstractAutowireCapableBeanFactory.java:607)
	at org.springframework.beans.factory.support.AbstractAutowireCapableBeanFactory.createBean(AbstractAutowireCapableBeanFactory.java:529)
	at org.springframework.beans.factory.support.AbstractBeanFactory.lambda$doGetBean$0(AbstractBeanFactory.java:339)
	at org.springframework.beans.factory.support.DefaultSingletonBeanRegistry.getSingleton(DefaultSingletonBeanRegistry.java:373)
	at org.springframework.beans.factory.support.AbstractBeanFactory.doGetBean(AbstractBeanFactory.java:337)
	at org.springframework.beans.factory.support.AbstractBeanFactory.getBean(AbstractBeanFactory.java:202)
	at org.springframework.beans.factory.support.DefaultListableBeanFactory.getBeansOfType(DefaultListableBeanFactory.java:748)
	at org.springframework.context.support.AbstractApplicationContext.getBeansOfType(AbstractApplicationContext.java:1450)
	at org.springframework.beans.factory.BeanFactoryUtils.beansOfTypeIncludingAncestors(BeanFactoryUtils.java:372)
	at org.springframework.web.servlet.handler.HandlerMappingIntrospector.initHandlerMappings(HandlerMappingIntrospector.java:159)
	at org.springframework.web.servlet.handler.HandlerMappingIntrospector.afterPropertiesSet(HandlerMappingIntrospector.java:146)
	at org.springframework.beans.factory.support.AbstractAutowireCapableBeanFactory.invokeInitMethods(AbstractAutowireCapableBeanFactory.java:1873)
	at org.springframework.beans.factory.support.AbstractAutowireCapableBeanFactory.initializeBean(AbstractAutowireCapableBeanFactory.java:1822)
	... 55 common frames omitted
Caused by: java.lang.IllegalStateException: Ambiguous mapping. Cannot map 'webController' method 
com.itsm.incidentmanagement.controller.WebController#newCompetenciaForm(Model)
to {GET [/admin/competencias/new]}: There is already 'competenciaWebController' bean method
com.itsm.incidentmanagement.controller.CompetenciaWebController#novo(Model) mapped.
	at org.springframework.web.servlet.handler.AbstractHandlerMethodMapping$MappingRegistry.validateMethodMapping(AbstractHandlerMethodMapping.java:677)
	at org.springframework.web.servlet.handler.AbstractHandlerMethodMapping$MappingRegistry.register(AbstractHandlerMethodMapping.java:637)
	at org.springframework.web.servlet.handler.AbstractHandlerMethodMapping.registerHandlerMethod(AbstractHandlerMethodMapping.java:331)
	at org.springframework.web.servlet.mvc.method.annotation.RequestMappingHandlerMapping.registerHandlerMethod(RequestMappingHandlerMapping.java:507)
	at org.springframework.web.servlet.mvc.method.annotation.RequestMappingHandlerMapping.registerHandlerMethod(RequestMappingHandlerMapping.java:84)
	at org.springframework.web.servlet.handler.AbstractHandlerMethodMapping.lambda$detectHandlerMethods$2(AbstractHandlerMethodMapping.java:298)
	at java.base/java.util.LinkedHashMap.forEach(LinkedHashMap.java:986)
	at org.springframework.web.servlet.handler.AbstractHandlerMethodMapping.detectHandlerMethods(AbstractHandlerMethodMapping.java:296)
	at org.springframework.web.servlet.handler.AbstractHandlerMethodMapping.processCandidateBean(AbstractHandlerMethodMapping.java:265)
	at org.springframework.web.servlet.handler.AbstractHandlerMethodMapping.initHandlerMethods(AbstractHandlerMethodMapping.java:224)
	at org.springframework.web.servlet.handler.AbstractHandlerMethodMapping.afterPropertiesSet(AbstractHandlerMethodMapping.java:212)
	at org.springframework.web.servlet.mvc.method.annotation.RequestMappingHandlerMapping.afterPropertiesSet(RequestMappingHandlerMapping.java:237)
	at org.springframework.beans.factory.support.AbstractAutowireCapableBeanFactory.invokeInitMethods(AbstractAutowireCapableBeanFactory.java:1873)
	at org.springframework.beans.factory.support.AbstractAutowireCapableBeanFactory.initializeBean(AbstractAutowireCapableBeanFactory.java:1822)
	... 68 common frames omitted
2026-06-30 17:31:12.898 [background-preinit] INFO  o.h.validator.internal.util.Version - HV000001: Hibernate Validator 8.0.3.Final
2026-06-30 17:31:12.946 [main] INFO  c.i.i.IncidentManagementApplication - Starting IncidentManagementApplication using Java 21.0.10 with PID 18836 (C:\Users\Usuario\Documents\Tecnisign\UFCD 10790 – Projeto de Programação\incident-management\target\classes started by Usuario in C:\Users\Usuario\Documents\Tecnisign\UFCD 10790 – Projeto de Programação\incident-management)
2026-06-30 17:31:12.947 [main] DEBUG c.i.i.IncidentManagementApplication - Running with Spring Boot v3.5.14, Spring v6.2.18
2026-06-30 17:31:12.948 [main] INFO  c.i.i.IncidentManagementApplication - No active profile set, falling back to 1 default profile: "default"
2026-06-30 17:31:13.873 [main] INFO  o.s.d.r.c.RepositoryConfigurationDelegate - Bootstrapping Spring Data JPA repositories in DEFAULT mode.
2026-06-30 17:31:13.936 [main] INFO  o.s.d.r.c.RepositoryConfigurationDelegate - Finished Spring Data repository scanning in 53 ms. Found 5 JPA repository interfaces.
2026-06-30 17:31:14.389 [main] INFO  o.s.b.w.e.tomcat.TomcatWebServer - Tomcat initialized with port 8080 (http)
2026-06-30 17:31:14.401 [main] INFO  o.a.coyote.http11.Http11NioProtocol - Initializing ProtocolHandler ["http-nio-8080"]
2026-06-30 17:31:14.403 [main] INFO  o.a.catalina.core.StandardService - Starting service [Tomcat]
2026-06-30 17:31:14.404 [main] INFO  o.a.catalina.core.StandardEngine - Starting Servlet engine: [Apache Tomcat/10.1.54]
2026-06-30 17:31:14.458 [main] INFO  o.a.c.c.C.[Tomcat].[localhost].[/] - Initializing Spring embedded WebApplicationContext
2026-06-30 17:31:14.459 [main] INFO  o.s.b.w.s.c.ServletWebServerApplicationContext - Root WebApplicationContext: initialization completed in 1475 ms
2026-06-30 17:31:14.654 [main] INFO  o.h.jpa.internal.util.LogHelper - HHH000204: Processing PersistenceUnitInfo [name: default]
2026-06-30 17:31:14.698 [main] INFO  org.hibernate.Version - HHH000412: Hibernate ORM core version 6.6.49.Final
2026-06-30 17:31:14.725 [main] INFO  o.h.c.i.RegionFactoryInitiator - HHH000026: Second-level cache disabled
2026-06-30 17:31:14.958 [main] INFO  o.s.o.j.p.SpringPersistenceUnitInfo - No LoadTimeWeaver setup: ignoring JPA class transformer
2026-06-30 17:31:14.984 [main] INFO  com.zaxxer.hikari.HikariDataSource - HikariPool-1 - Starting...
2026-06-30 17:31:15.098 [main] INFO  com.zaxxer.hikari.pool.HikariPool - HikariPool-1 - Added connection org.postgresql.jdbc.PgConnection@6a38e3d1
2026-06-30 17:31:15.100 [main] INFO  com.zaxxer.hikari.HikariDataSource - HikariPool-1 - Start completed.
2026-06-30 17:31:15.130 [main] WARN  org.hibernate.orm.deprecation - HHH90000025: PostgreSQLDialect does not need to be specified explicitly using 'hibernate.dialect' (remove the property setting and it will be selected by default)
2026-06-30 17:31:15.148 [main] INFO  o.hibernate.orm.connections.pooling - HHH10001005: Database info:
	Database JDBC URL [Connecting through datasource 'HikariDataSource (HikariPool-1)']
	Database driver: undefined/unknown
	Database version: 15.18
	Autocommit mode: undefined/unknown
	Isolation level: undefined/unknown
	Minimum pool size: undefined/unknown
	Maximum pool size: undefined/unknown
2026-06-30 17:31:16.140 [main] INFO  o.h.e.t.j.p.i.JtaPlatformInitiator - HHH000489: No JTA platform available (set 'hibernate.transaction.jta.platform' to enable JTA platform integration)
2026-06-30 17:31:16.276 [main] INFO  o.s.o.j.LocalContainerEntityManagerFactoryBean - Initialized JPA EntityManagerFactory for persistence unit 'default'
2026-06-30 17:31:16.531 [main] DEBUG c.i.i.s.f.JwtAuthenticationFilter - Filter 'jwtAuthenticationFilter' configured for use
2026-06-30 17:31:16.697 [main] DEBUG org.hibernate.SQL - 
    select
        t1_0.id,
        t1_0.carga_trabalho_atual,
        t1_0.disponibilidade,
        t1_0.utilizador_id 
    from
        tecnico t1_0
2026-06-30 17:31:16.726 [main] DEBUG org.hibernate.SQL - 
    select
        u1_0.id,
        u1_0.created_at,
        u1_0.email,
        u1_0.nome,
        u1_0.password_hash,
        u1_0.role,
        u1_0.username 
    from
        utilizador u1_0 
    where
        u1_0.id=?
2026-06-30 17:31:16.734 [main] DEBUG org.hibernate.SQL - 
    select
        u1_0.id,
        u1_0.created_at,
        u1_0.email,
        u1_0.nome,
        u1_0.password_hash,
        u1_0.role,
        u1_0.username 
    from
        utilizador u1_0 
    where
        u1_0.id=?
2026-06-30 17:31:16.737 [main] DEBUG org.hibernate.SQL - 
    select
        u1_0.id,
        u1_0.created_at,
        u1_0.email,
        u1_0.nome,
        u1_0.password_hash,
        u1_0.role,
        u1_0.username 
    from
        utilizador u1_0 
    where
        u1_0.id=?
2026-06-30 17:31:16.740 [main] DEBUG org.hibernate.SQL - 
    select
        c1_0.tecnico_id,
        c1_1.id,
        c1_1.nome 
    from
        tecnico_competencia c1_0 
    join
        competencia c1_1 
            on c1_1.id=c1_0.competencia_id 
    where
        c1_0.tecnico_id=?
2026-06-30 17:31:16.744 [main] DEBUG org.hibernate.SQL - 
    select
        c1_0.tecnico_id,
        c1_1.id,
        c1_1.nome 
    from
        tecnico_competencia c1_0 
    join
        competencia c1_1 
            on c1_1.id=c1_0.competencia_id 
    where
        c1_0.tecnico_id=?
2026-06-30 17:31:16.746 [main] DEBUG org.hibernate.SQL - 
    select
        c1_0.tecnico_id,
        c1_1.id,
        c1_1.nome 
    from
        tecnico_competencia c1_0 
    join
        competencia c1_1 
            on c1_1.id=c1_0.competencia_id 
    where
        c1_0.tecnico_id=?
2026-06-30 17:31:16.766 [main] DEBUG org.hibernate.SQL - 
    select
        t1_0.id,
        t1_0.aberto_por_id,
        t1_0.ativo_id,
        t1_0.data_abertura,
        t1_0.data_fecho,
        t1_0.descricao,
        t1_0.estado,
        t1_0.prioridade,
        t1_0.tecnico_id,
        t1_0.tipo,
        t1_0.titulo 
    from
        ticket t1_0
2026-06-30 17:31:16.948 [main] WARN  o.s.b.a.o.j.JpaBaseConfiguration$JpaWebConfiguration - spring.jpa.open-in-view is enabled by default. Therefore, database queries may be performed during view rendering. Explicitly configure spring.jpa.open-in-view to disable this warning
2026-06-30 17:31:16.970 [main] INFO  o.s.b.a.w.s.WelcomePageHandlerMapping - Adding welcome page: class path resource [static/index.html]
2026-06-30 17:31:17.224 [main] INFO  o.s.b.a.e.web.EndpointLinksResolver - Exposing 3 endpoints beneath base path '/actuator'
2026-06-30 17:31:17.258 [main] INFO  o.s.s.c.a.a.c.InitializeAuthenticationProviderBeanManagerConfigurer$InitializeAuthenticationProviderManagerConfigurer - Global AuthenticationManager configured with AuthenticationProvider bean with name authenticationProvider
2026-06-30 17:31:17.259 [main] WARN  o.s.s.c.a.a.c.InitializeUserDetailsBeanManagerConfigurer$InitializeUserDetailsManagerConfigurer - Global AuthenticationManager configured with an AuthenticationProvider bean. UserDetailsService beans will not be used by Spring Security for automatically configuring username/password login. Consider removing the AuthenticationProvider bean. Alternatively, consider using the UserDetailsService in a manually instantiated DaoAuthenticationProvider. If the current configuration is intentional, to turn off this warning, increase the logging level of 'org.springframework.security.config.annotation.authentication.configuration.InitializeUserDetailsBeanManagerConfigurer' to ERROR
2026-06-30 17:31:17.359 [main] DEBUG o.s.s.web.DefaultSecurityFilterChain - Will secure any request with filters: DisableEncodeUrlFilter, WebAsyncManagerIntegrationFilter, SecurityContextHolderFilter, HeaderWriterFilter, LogoutFilter, JwtAuthenticationFilter, UsernamePasswordAuthenticationFilter, RequestCacheAwareFilter, SecurityContextHolderAwareRequestFilter, AnonymousAuthenticationFilter, SessionManagementFilter, ExceptionTranslationFilter, AuthorizationFilter
2026-06-30 17:31:17.669 [main] INFO  o.a.coyote.http11.Http11NioProtocol - Starting ProtocolHandler ["http-nio-8080"]
2026-06-30 17:31:17.689 [main] INFO  o.s.b.w.e.tomcat.TomcatWebServer - Tomcat started on port 8080 (http) with context path '/'
2026-06-30 17:31:17.701 [main] INFO  c.i.i.IncidentManagementApplication - Started IncidentManagementApplication in 5.246 seconds (process running for 5.538)
2026-06-30 17:31:40.044 [http-nio-8080-exec-1] INFO  o.a.c.c.C.[Tomcat].[localhost].[/] - Initializing Spring DispatcherServlet 'dispatcherServlet'
2026-06-30 17:31:40.045 [http-nio-8080-exec-1] INFO  o.s.web.servlet.DispatcherServlet - Initializing Servlet 'dispatcherServlet'
2026-06-30 17:31:40.046 [http-nio-8080-exec-1] INFO  o.s.web.servlet.DispatcherServlet - Completed initialization in 1 ms
2026-06-30 17:31:40.066 [http-nio-8080-exec-1] DEBUG o.s.security.web.FilterChainProxy - Securing POST /api/auth/login
2026-06-30 17:31:40.079 [http-nio-8080-exec-1] DEBUG o.s.s.w.a.AnonymousAuthenticationFilter - Set SecurityContextHolder to anonymous SecurityContext
2026-06-30 17:31:40.080 [http-nio-8080-exec-1] DEBUG o.s.s.w.s.SessionManagementFilter - Request requested invalid session id BC47C5BE2A75D0DC1C39F54C5490BFE2
2026-06-30 17:31:40.087 [http-nio-8080-exec-1] DEBUG o.s.security.web.FilterChainProxy - Secured POST /api/auth/login
2026-06-30 17:31:40.090 [http-nio-8080-exec-1] INFO  c.i.i.config.LoggingInterceptor - 📥 Requisição recebida: POST /api/auth/login | IP: 0:0:0:0:0:0:0:1
2026-06-30 17:31:40.159 [http-nio-8080-exec-1] DEBUG org.hibernate.SQL - 
    select
        u1_0.id,
        u1_0.created_at,
        u1_0.email,
        u1_0.nome,
        u1_0.password_hash,
        u1_0.role,
        u1_0.username 
    from
        utilizador u1_0 
    where
        u1_0.username=?
2026-06-30 17:31:40.347 [http-nio-8080-exec-1] INFO  c.i.i.config.LoggingInterceptor - 📤 Resposta enviada: POST /api/auth/login | Status: 200
2026-06-30 17:32:04.327 [http-nio-8080-exec-3] DEBUG o.s.security.web.FilterChainProxy - Securing GET /api/tickets
2026-06-30 17:32:04.347 [http-nio-8080-exec-3] DEBUG o.s.s.w.a.AnonymousAuthenticationFilter - Set SecurityContextHolder to anonymous SecurityContext
2026-06-30 17:32:04.347 [http-nio-8080-exec-3] DEBUG o.s.s.w.s.SessionManagementFilter - Request requested invalid session id BC47C5BE2A75D0DC1C39F54C5490BFE2
2026-06-30 17:32:04.363 [http-nio-8080-exec-3] DEBUG o.s.s.w.s.HttpSessionRequestCache - Saved request http://localhost:8080/api/tickets?continue to session
2026-06-30 17:32:04.363 [http-nio-8080-exec-3] DEBUG o.s.s.web.DefaultRedirectStrategy - Redirecting to http://localhost:8080/login
2026-06-30 17:32:04.374 [http-nio-8080-exec-4] DEBUG o.s.security.web.FilterChainProxy - Securing GET /login
2026-06-30 17:32:04.375 [http-nio-8080-exec-4] DEBUG o.s.s.w.a.AnonymousAuthenticationFilter - Set SecurityContextHolder to anonymous SecurityContext
2026-06-30 17:32:04.376 [http-nio-8080-exec-4] DEBUG o.s.security.web.FilterChainProxy - Secured GET /login
2026-06-30 17:32:49.548 [http-nio-8080-exec-5] DEBUG o.s.security.web.FilterChainProxy - Securing GET /login
2026-06-30 17:32:49.548 [http-nio-8080-exec-5] DEBUG o.s.s.w.a.AnonymousAuthenticationFilter - Set SecurityContextHolder to anonymous SecurityContext
2026-06-30 17:32:49.549 [http-nio-8080-exec-5] DEBUG o.s.s.w.s.SessionManagementFilter - Request requested invalid session id C913466638ADAA95AB440F70E4D4D771
2026-06-30 17:32:49.549 [http-nio-8080-exec-5] DEBUG o.s.security.web.FilterChainProxy - Secured GET /login
2026-06-30 17:32:49.601 [http-nio-8080-exec-6] DEBUG o.s.security.web.FilterChainProxy - Securing GET /favicon.ico
2026-06-30 17:32:49.601 [http-nio-8080-exec-6] DEBUG o.s.s.w.a.AnonymousAuthenticationFilter - Set SecurityContextHolder to anonymous SecurityContext
2026-06-30 17:32:49.602 [http-nio-8080-exec-6] DEBUG o.s.s.w.s.SessionManagementFilter - Request requested invalid session id C913466638ADAA95AB440F70E4D4D771
2026-06-30 17:32:49.603 [http-nio-8080-exec-6] DEBUG o.s.s.web.DefaultRedirectStrategy - Redirecting to http://localhost:8080/login
2026-06-30 17:32:58.095 [http-nio-8080-exec-7] DEBUG o.s.security.web.FilterChainProxy - Securing POST /login
2026-06-30 17:32:58.194 [http-nio-8080-exec-7] DEBUG org.hibernate.SQL - 
    select
        u1_0.id,
        u1_0.created_at,
        u1_0.email,
        u1_0.nome,
        u1_0.password_hash,
        u1_0.role,
        u1_0.username 
    from
        utilizador u1_0 
    where
        u1_0.username=?
2026-06-30 17:32:58.267 [http-nio-8080-exec-7] DEBUG o.s.s.a.d.DaoAuthenticationProvider - Authenticated user
2026-06-30 17:32:58.268 [http-nio-8080-exec-7] DEBUG o.s.s.w.c.HttpSessionSecurityContextRepository - Stored SecurityContextImpl [Authentication=UsernamePasswordAuthenticationToken [Principal=com.itsm.incidentmanagement.security.service.CustomUserDetails@13a064fc, Credentials=[PROTECTED], Authenticated=true, Details=WebAuthenticationDetails [RemoteIpAddress=127.0.0.1, SessionId=null], Granted Authorities=[ROLE_UTILIZADOR]]] to HttpSession [org.apache.catalina.session.StandardSessionFacade@13f462d9]
2026-06-30 17:32:58.269 [http-nio-8080-exec-7] DEBUG o.s.s.w.a.UsernamePasswordAuthenticationFilter - Set SecurityContextHolder to UsernamePasswordAuthenticationToken [Principal=com.itsm.incidentmanagement.security.service.CustomUserDetails@13a064fc, Credentials=[PROTECTED], Authenticated=true, Details=WebAuthenticationDetails [RemoteIpAddress=127.0.0.1, SessionId=null], Granted Authorities=[ROLE_UTILIZADOR]]
2026-06-30 17:32:58.274 [http-nio-8080-exec-8] DEBUG o.s.security.web.FilterChainProxy - Securing GET /utilizador/dashboard
2026-06-30 17:32:58.275 [http-nio-8080-exec-8] DEBUG o.s.s.w.c.HttpSessionSecurityContextRepository - Retrieved SecurityContextImpl [Authentication=UsernamePasswordAuthenticationToken [Principal=com.itsm.incidentmanagement.security.service.CustomUserDetails@13a064fc, Credentials=[PROTECTED], Authenticated=true, Details=WebAuthenticationDetails [RemoteIpAddress=127.0.0.1, SessionId=null], Granted Authorities=[ROLE_UTILIZADOR]]]
2026-06-30 17:32:58.275 [http-nio-8080-exec-8] DEBUG o.s.security.web.FilterChainProxy - Secured GET /utilizador/dashboard
2026-06-30 17:32:58.280 [http-nio-8080-exec-8] DEBUG org.hibernate.SQL - 
    select
        u1_0.id,
        u1_0.created_at,
        u1_0.email,
        u1_0.nome,
        u1_0.password_hash,
        u1_0.role,
        u1_0.username 
    from
        utilizador u1_0 
    where
        u1_0.username=?
2026-06-30 17:32:58.284 [http-nio-8080-exec-8] DEBUG org.hibernate.SQL - 
    select
        t1_0.id,
        t1_0.aberto_por_id,
        t1_0.ativo_id,
        t1_0.data_abertura,
        t1_0.data_fecho,
        t1_0.descricao,
        t1_0.estado,
        t1_0.prioridade,
        t1_0.tecnico_id,
        t1_0.tipo,
        t1_0.titulo 
    from
        ticket t1_0 
    left join
        utilizador ap1_0 
            on ap1_0.id=t1_0.aberto_por_id 
    where
        ap1_0.id=?
2026-06-30 17:32:58.416 [http-nio-8080-exec-9] DEBUG o.s.security.web.FilterChainProxy - Securing GET /login
2026-06-30 17:32:58.417 [http-nio-8080-exec-9] DEBUG o.s.security.web.FilterChainProxy - Secured GET /login
2026-06-30 17:32:58.422 [http-nio-8080-exec-9] DEBUG o.s.s.w.c.HttpSessionSecurityContextRepository - Retrieved SecurityContextImpl [Authentication=UsernamePasswordAuthenticationToken [Principal=com.itsm.incidentmanagement.security.service.CustomUserDetails@13a064fc, Credentials=[PROTECTED], Authenticated=true, Details=WebAuthenticationDetails [RemoteIpAddress=127.0.0.1, SessionId=null], Granted Authorities=[ROLE_UTILIZADOR]]]
2026-06-30 17:33:02.613 [http-nio-8080-exec-10] DEBUG o.s.security.web.FilterChainProxy - Securing GET /logout
2026-06-30 17:33:02.613 [http-nio-8080-exec-10] DEBUG o.s.s.w.c.HttpSessionSecurityContextRepository - Retrieved SecurityContextImpl [Authentication=UsernamePasswordAuthenticationToken [Principal=com.itsm.incidentmanagement.security.service.CustomUserDetails@13a064fc, Credentials=[PROTECTED], Authenticated=true, Details=WebAuthenticationDetails [RemoteIpAddress=127.0.0.1, SessionId=null], Granted Authorities=[ROLE_UTILIZADOR]]]
2026-06-30 17:33:02.613 [http-nio-8080-exec-10] DEBUG o.s.s.w.a.logout.LogoutFilter - Logging out [UsernamePasswordAuthenticationToken [Principal=com.itsm.incidentmanagement.security.service.CustomUserDetails@13a064fc, Credentials=[PROTECTED], Authenticated=true, Details=WebAuthenticationDetails [RemoteIpAddress=127.0.0.1, SessionId=null], Granted Authorities=[ROLE_UTILIZADOR]]]
2026-06-30 17:33:02.614 [http-nio-8080-exec-10] DEBUG o.s.s.w.a.l.SecurityContextLogoutHandler - Invalidated session 2D11F6290FA7EF0AAD940739AA34E7AC
2026-06-30 17:33:02.615 [http-nio-8080-exec-10] DEBUG o.s.s.web.DefaultRedirectStrategy - Redirecting to /login?logout=true
2026-06-30 17:33:02.620 [http-nio-8080-exec-2] DEBUG o.s.security.web.FilterChainProxy - Securing GET /login?logout=true
2026-06-30 17:33:02.626 [http-nio-8080-exec-2] DEBUG o.s.s.w.a.AnonymousAuthenticationFilter - Set SecurityContextHolder to anonymous SecurityContext
2026-06-30 17:33:02.627 [http-nio-8080-exec-2] DEBUG o.s.security.web.FilterChainProxy - Secured GET /login?logout=true
2026-06-30 17:33:02.663 [http-nio-8080-exec-1] DEBUG o.s.security.web.FilterChainProxy - Securing GET /favicon.ico
2026-06-30 17:33:02.664 [http-nio-8080-exec-1] DEBUG o.s.s.w.a.AnonymousAuthenticationFilter - Set SecurityContextHolder to anonymous SecurityContext
2026-06-30 17:33:02.665 [http-nio-8080-exec-1] DEBUG o.s.s.web.DefaultRedirectStrategy - Redirecting to http://localhost:8080/login
2026-06-30 17:33:02.672 [http-nio-8080-exec-3] DEBUG o.s.security.web.FilterChainProxy - Securing GET /login
2026-06-30 17:33:02.672 [http-nio-8080-exec-3] DEBUG o.s.s.w.a.AnonymousAuthenticationFilter - Set SecurityContextHolder to anonymous SecurityContext
2026-06-30 17:33:02.673 [http-nio-8080-exec-3] DEBUG o.s.security.web.FilterChainProxy - Secured GET /login
2026-06-30 17:33:09.755 [http-nio-8080-exec-5] DEBUG o.s.security.web.FilterChainProxy - Securing POST /login
2026-06-30 17:33:09.758 [http-nio-8080-exec-5] DEBUG org.hibernate.SQL - 
    select
        u1_0.id,
        u1_0.created_at,
        u1_0.email,
        u1_0.nome,
        u1_0.password_hash,
        u1_0.role,
        u1_0.username 
    from
        utilizador u1_0 
    where
        u1_0.username=?
2026-06-30 17:33:09.829 [http-nio-8080-exec-5] DEBUG o.s.s.a.d.DaoAuthenticationProvider - Authenticated user
2026-06-30 17:33:09.830 [http-nio-8080-exec-5] DEBUG o.s.s.w.c.HttpSessionSecurityContextRepository - Stored SecurityContextImpl [Authentication=UsernamePasswordAuthenticationToken [Principal=com.itsm.incidentmanagement.security.service.CustomUserDetails@7e827bd2, Credentials=[PROTECTED], Authenticated=true, Details=WebAuthenticationDetails [RemoteIpAddress=127.0.0.1, SessionId=null], Granted Authorities=[ROLE_TECNICO]]] to HttpSession [org.apache.catalina.session.StandardSessionFacade@732aa98d]
2026-06-30 17:33:09.830 [http-nio-8080-exec-5] DEBUG o.s.s.w.a.UsernamePasswordAuthenticationFilter - Set SecurityContextHolder to UsernamePasswordAuthenticationToken [Principal=com.itsm.incidentmanagement.security.service.CustomUserDetails@7e827bd2, Credentials=[PROTECTED], Authenticated=true, Details=WebAuthenticationDetails [RemoteIpAddress=127.0.0.1, SessionId=null], Granted Authorities=[ROLE_TECNICO]]
2026-06-30 17:33:09.833 [http-nio-8080-exec-6] DEBUG o.s.security.web.FilterChainProxy - Securing GET /tecnico/dashboard
2026-06-30 17:33:09.833 [http-nio-8080-exec-6] DEBUG o.s.s.w.c.HttpSessionSecurityContextRepository - Retrieved SecurityContextImpl [Authentication=UsernamePasswordAuthenticationToken [Principal=com.itsm.incidentmanagement.security.service.CustomUserDetails@7e827bd2, Credentials=[PROTECTED], Authenticated=true, Details=WebAuthenticationDetails [RemoteIpAddress=127.0.0.1, SessionId=null], Granted Authorities=[ROLE_TECNICO]]]
2026-06-30 17:33:09.835 [http-nio-8080-exec-6] DEBUG o.s.security.web.FilterChainProxy - Secured GET /tecnico/dashboard
2026-06-30 17:33:09.836 [http-nio-8080-exec-6] DEBUG org.hibernate.SQL - 
    select
        u1_0.id,
        u1_0.created_at,
        u1_0.email,
        u1_0.nome,
        u1_0.password_hash,
        u1_0.role,
        u1_0.username 
    from
        utilizador u1_0 
    where
        u1_0.username=?
2026-06-30 17:33:09.839 [http-nio-8080-exec-6] DEBUG org.hibernate.SQL - 
    select
        t1_0.id,
        t1_0.carga_trabalho_atual,
        t1_0.disponibilidade,
        t1_0.utilizador_id 
    from
        tecnico t1_0 
    left join
        utilizador u1_0 
            on u1_0.id=t1_0.utilizador_id 
    where
        u1_0.id=?
2026-06-30 17:33:09.842 [http-nio-8080-exec-6] DEBUG org.hibernate.SQL - 
    select
        c1_0.tecnico_id,
        c1_1.id,
        c1_1.nome 
    from
        tecnico_competencia c1_0 
    join
        competencia c1_1 
            on c1_1.id=c1_0.competencia_id 
    where
        c1_0.tecnico_id=?
2026-06-30 17:33:09.846 [http-nio-8080-exec-6] DEBUG org.hibernate.SQL - 
    select
        t1_0.id,
        t1_0.aberto_por_id,
        t1_0.ativo_id,
        t1_0.data_abertura,
        t1_0.data_fecho,
        t1_0.descricao,
        t1_0.estado,
        t1_0.prioridade,
        t1_0.tecnico_id,
        t1_0.tipo,
        t1_0.titulo 
    from
        ticket t1_0 
    left join
        tecnico t2_0 
            on t2_0.id=t1_0.tecnico_id 
    where
        t2_0.id=?
2026-06-30 17:33:09.896 [http-nio-8080-exec-7] DEBUG o.s.security.web.FilterChainProxy - Securing GET /favicon.ico
2026-06-30 17:33:09.897 [http-nio-8080-exec-7] DEBUG o.s.s.w.c.HttpSessionSecurityContextRepository - Retrieved SecurityContextImpl [Authentication=UsernamePasswordAuthenticationToken [Principal=com.itsm.incidentmanagement.security.service.CustomUserDetails@7e827bd2, Credentials=[PROTECTED], Authenticated=true, Details=WebAuthenticationDetails [RemoteIpAddress=127.0.0.1, SessionId=null], Granted Authorities=[ROLE_TECNICO]]]
2026-06-30 17:33:09.898 [http-nio-8080-exec-7] DEBUG o.s.security.web.FilterChainProxy - Secured GET /favicon.ico
2026-06-30 17:34:32.363 [main] INFO  o.s.b.a.l.ConditionEvaluationReportLogger - 

Error starting ApplicationContext. To display the condition evaluation report re-run your application with 'debug' enabled.
2026-06-30 17:34:32.365 [SpringApplicationShutdownHook] INFO  o.s.b.w.e.tomcat.GracefulShutdown - Commencing graceful shutdown. Waiting for active requests to complete
2026-06-30 17:34:32.369 [tomcat-shutdown] INFO  o.s.b.w.e.tomcat.GracefulShutdown - Graceful shutdown complete
2026-06-30 17:34:32.376 [SpringApplicationShutdownHook] INFO  o.s.o.j.LocalContainerEntityManagerFactoryBean - Closing JPA EntityManagerFactory for persistence unit 'default'
2026-06-30 17:34:32.378 [SpringApplicationShutdownHook] INFO  com.zaxxer.hikari.HikariDataSource - HikariPool-1 - Shutdown initiated...
2026-06-30 17:34:32.380 [SpringApplicationShutdownHook] INFO  com.zaxxer.hikari.HikariDataSource - HikariPool-1 - Shutdown completed.
2026-06-30 17:34:32.382 [main] ERROR o.s.boot.SpringApplication - Application run failed
java.util.NoSuchElementException: No line found
	at java.base/java.util.Scanner.nextLine(Scanner.java:1660)
	at com.itsm.incidentmanagement.console.ConsoleApplication.run(ConsoleApplication.java:55)
	at org.springframework.boot.SpringApplication.lambda$callRunner$5(SpringApplication.java:788)
	at org.springframework.util.function.ThrowingConsumer$1.acceptWithException(ThrowingConsumer.java:82)
	at org.springframework.util.function.ThrowingConsumer.accept(ThrowingConsumer.java:60)
	at org.springframework.util.function.ThrowingConsumer$1.accept(ThrowingConsumer.java:86)
	at org.springframework.boot.SpringApplication.callRunner(SpringApplication.java:796)
	at org.springframework.boot.SpringApplication.callRunner(SpringApplication.java:787)
	at org.springframework.boot.SpringApplication.lambda$callRunners$3(SpringApplication.java:772)
	at java.base/java.util.stream.ForEachOps$ForEachOp$OfRef.accept(ForEachOps.java:184)
	at java.base/java.util.stream.SortedOps$SizedRefSortingSink.end(SortedOps.java:357)
	at java.base/java.util.stream.AbstractPipeline.copyInto(AbstractPipeline.java:510)
	at java.base/java.util.stream.AbstractPipeline.wrapAndCopyInto(AbstractPipeline.java:499)
	at java.base/java.util.stream.ForEachOps$ForEachOp.evaluateSequential(ForEachOps.java:151)
	at java.base/java.util.stream.ForEachOps$ForEachOp$OfRef.evaluateSequential(ForEachOps.java:174)
	at java.base/java.util.stream.AbstractPipeline.evaluate(AbstractPipeline.java:234)
	at java.base/java.util.stream.ReferencePipeline.forEach(ReferencePipeline.java:596)
	at org.springframework.boot.SpringApplication.callRunners(SpringApplication.java:772)
	at org.springframework.boot.SpringApplication.run(SpringApplication.java:325)
	at org.springframework.boot.SpringApplication.run(SpringApplication.java:1361)
	at org.springframework.boot.SpringApplication.run(SpringApplication.java:1350)
	at com.itsm.incidentmanagement.IncidentManagementApplication.main(IncidentManagementApplication.java:9)
2026-06-30 17:35:21.755 [background-preinit] INFO  o.h.validator.internal.util.Version - HV000001: Hibernate Validator 8.0.3.Final
2026-06-30 17:35:21.806 [main] INFO  c.i.i.IncidentManagementApplication - Starting IncidentManagementApplication using Java 21.0.10 with PID 14428 (C:\Users\Usuario\Documents\Tecnisign\UFCD 10790 – Projeto de Programação\incident-management\target\classes started by Usuario in C:\Users\Usuario\Documents\Tecnisign\UFCD 10790 – Projeto de Programação\incident-management)
2026-06-30 17:35:21.806 [main] DEBUG c.i.i.IncidentManagementApplication - Running with Spring Boot v3.5.14, Spring v6.2.18
2026-06-30 17:35:21.807 [main] INFO  c.i.i.IncidentManagementApplication - No active profile set, falling back to 1 default profile: "default"
2026-06-30 17:35:22.765 [main] INFO  o.s.d.r.c.RepositoryConfigurationDelegate - Bootstrapping Spring Data JPA repositories in DEFAULT mode.
2026-06-30 17:35:22.829 [main] INFO  o.s.d.r.c.RepositoryConfigurationDelegate - Finished Spring Data repository scanning in 55 ms. Found 5 JPA repository interfaces.
2026-06-30 17:35:23.302 [main] INFO  o.s.b.w.e.tomcat.TomcatWebServer - Tomcat initialized with port 8080 (http)
2026-06-30 17:35:23.313 [main] INFO  o.a.coyote.http11.Http11NioProtocol - Initializing ProtocolHandler ["http-nio-8080"]
2026-06-30 17:35:23.316 [main] INFO  o.a.catalina.core.StandardService - Starting service [Tomcat]
2026-06-30 17:35:23.317 [main] INFO  o.a.catalina.core.StandardEngine - Starting Servlet engine: [Apache Tomcat/10.1.54]
2026-06-30 17:35:23.369 [main] INFO  o.a.c.c.C.[Tomcat].[localhost].[/] - Initializing Spring embedded WebApplicationContext
2026-06-30 17:35:23.370 [main] INFO  o.s.b.w.s.c.ServletWebServerApplicationContext - Root WebApplicationContext: initialization completed in 1527 ms
2026-06-30 17:35:23.581 [main] INFO  o.h.jpa.internal.util.LogHelper - HHH000204: Processing PersistenceUnitInfo [name: default]
2026-06-30 17:35:23.623 [main] INFO  org.hibernate.Version - HHH000412: Hibernate ORM core version 6.6.49.Final
2026-06-30 17:35:23.652 [main] INFO  o.h.c.i.RegionFactoryInitiator - HHH000026: Second-level cache disabled
2026-06-30 17:35:23.886 [main] INFO  o.s.o.j.p.SpringPersistenceUnitInfo - No LoadTimeWeaver setup: ignoring JPA class transformer
2026-06-30 17:35:23.914 [main] INFO  com.zaxxer.hikari.HikariDataSource - HikariPool-1 - Starting...
2026-06-30 17:35:24.057 [main] INFO  com.zaxxer.hikari.pool.HikariPool - HikariPool-1 - Added connection org.postgresql.jdbc.PgConnection@6a38e3d1
2026-06-30 17:35:24.059 [main] INFO  com.zaxxer.hikari.HikariDataSource - HikariPool-1 - Start completed.
2026-06-30 17:35:24.099 [main] WARN  org.hibernate.orm.deprecation - HHH90000025: PostgreSQLDialect does not need to be specified explicitly using 'hibernate.dialect' (remove the property setting and it will be selected by default)
2026-06-30 17:35:24.117 [main] INFO  o.hibernate.orm.connections.pooling - HHH10001005: Database info:
	Database JDBC URL [Connecting through datasource 'HikariDataSource (HikariPool-1)']
	Database driver: undefined/unknown
	Database version: 15.18
	Autocommit mode: undefined/unknown
	Isolation level: undefined/unknown
	Minimum pool size: undefined/unknown
	Maximum pool size: undefined/unknown
2026-06-30 17:35:25.075 [main] INFO  o.h.e.t.j.p.i.JtaPlatformInitiator - HHH000489: No JTA platform available (set 'hibernate.transaction.jta.platform' to enable JTA platform integration)
2026-06-30 17:35:25.212 [main] INFO  o.s.o.j.LocalContainerEntityManagerFactoryBean - Initialized JPA EntityManagerFactory for persistence unit 'default'
2026-06-30 17:35:25.474 [main] DEBUG c.i.i.s.f.JwtAuthenticationFilter - Filter 'jwtAuthenticationFilter' configured for use
2026-06-30 17:35:25.638 [main] DEBUG org.hibernate.SQL - 
    select
        t1_0.id,
        t1_0.carga_trabalho_atual,
        t1_0.disponibilidade,
        t1_0.utilizador_id 
    from
        tecnico t1_0
2026-06-30 17:35:25.666 [main] DEBUG org.hibernate.SQL - 
    select
        u1_0.id,
        u1_0.created_at,
        u1_0.email,
        u1_0.nome,
        u1_0.password_hash,
        u1_0.role,
        u1_0.username 
    from
        utilizador u1_0 
    where
        u1_0.id=?
2026-06-30 17:35:25.675 [main] DEBUG org.hibernate.SQL - 
    select
        u1_0.id,
        u1_0.created_at,
        u1_0.email,
        u1_0.nome,
        u1_0.password_hash,
        u1_0.role,
        u1_0.username 
    from
        utilizador u1_0 
    where
        u1_0.id=?
2026-06-30 17:35:25.679 [main] DEBUG org.hibernate.SQL - 
    select
        u1_0.id,
        u1_0.created_at,
        u1_0.email,
        u1_0.nome,
        u1_0.password_hash,
        u1_0.role,
        u1_0.username 
    from
        utilizador u1_0 
    where
        u1_0.id=?
2026-06-30 17:35:25.682 [main] DEBUG org.hibernate.SQL - 
    select
        c1_0.tecnico_id,
        c1_1.id,
        c1_1.nome 
    from
        tecnico_competencia c1_0 
    join
        competencia c1_1 
            on c1_1.id=c1_0.competencia_id 
    where
        c1_0.tecnico_id=?
2026-06-30 17:35:25.686 [main] DEBUG org.hibernate.SQL - 
    select
        c1_0.tecnico_id,
        c1_1.id,
        c1_1.nome 
    from
        tecnico_competencia c1_0 
    join
        competencia c1_1 
            on c1_1.id=c1_0.competencia_id 
    where
        c1_0.tecnico_id=?
2026-06-30 17:35:25.688 [main] DEBUG org.hibernate.SQL - 
    select
        c1_0.tecnico_id,
        c1_1.id,
        c1_1.nome 
    from
        tecnico_competencia c1_0 
    join
        competencia c1_1 
            on c1_1.id=c1_0.competencia_id 
    where
        c1_0.tecnico_id=?
2026-06-30 17:35:25.707 [main] DEBUG org.hibernate.SQL - 
    select
        t1_0.id,
        t1_0.aberto_por_id,
        t1_0.ativo_id,
        t1_0.data_abertura,
        t1_0.data_fecho,
        t1_0.descricao,
        t1_0.estado,
        t1_0.prioridade,
        t1_0.tecnico_id,
        t1_0.tipo,
        t1_0.titulo 
    from
        ticket t1_0
2026-06-30 17:35:25.885 [main] WARN  o.s.b.a.o.j.JpaBaseConfiguration$JpaWebConfiguration - spring.jpa.open-in-view is enabled by default. Therefore, database queries may be performed during view rendering. Explicitly configure spring.jpa.open-in-view to disable this warning
2026-06-30 17:35:25.908 [main] INFO  o.s.b.a.w.s.WelcomePageHandlerMapping - Adding welcome page: class path resource [static/index.html]
2026-06-30 17:35:26.166 [main] INFO  o.s.b.a.e.web.EndpointLinksResolver - Exposing 3 endpoints beneath base path '/actuator'
2026-06-30 17:35:26.196 [main] INFO  o.s.s.c.a.a.c.InitializeAuthenticationProviderBeanManagerConfigurer$InitializeAuthenticationProviderManagerConfigurer - Global AuthenticationManager configured with AuthenticationProvider bean with name authenticationProvider
2026-06-30 17:35:26.197 [main] WARN  o.s.s.c.a.a.c.InitializeUserDetailsBeanManagerConfigurer$InitializeUserDetailsManagerConfigurer - Global AuthenticationManager configured with an AuthenticationProvider bean. UserDetailsService beans will not be used by Spring Security for automatically configuring username/password login. Consider removing the AuthenticationProvider bean. Alternatively, consider using the UserDetailsService in a manually instantiated DaoAuthenticationProvider. If the current configuration is intentional, to turn off this warning, increase the logging level of 'org.springframework.security.config.annotation.authentication.configuration.InitializeUserDetailsBeanManagerConfigurer' to ERROR
2026-06-30 17:35:26.297 [main] DEBUG o.s.s.web.DefaultSecurityFilterChain - Will secure any request with filters: DisableEncodeUrlFilter, WebAsyncManagerIntegrationFilter, SecurityContextHolderFilter, HeaderWriterFilter, LogoutFilter, JwtAuthenticationFilter, UsernamePasswordAuthenticationFilter, RequestCacheAwareFilter, SecurityContextHolderAwareRequestFilter, AnonymousAuthenticationFilter, SessionManagementFilter, ExceptionTranslationFilter, AuthorizationFilter
2026-06-30 17:35:26.595 [main] INFO  o.a.coyote.http11.Http11NioProtocol - Starting ProtocolHandler ["http-nio-8080"]
2026-06-30 17:35:26.613 [main] INFO  o.s.b.w.e.tomcat.TomcatWebServer - Tomcat started on port 8080 (http) with context path '/'
2026-06-30 17:35:26.625 [main] INFO  c.i.i.IncidentManagementApplication - Started IncidentManagementApplication in 5.329 seconds (process running for 5.622)
2026-06-30 17:35:36.813 [http-nio-8080-exec-1] INFO  o.a.c.c.C.[Tomcat].[localhost].[/] - Initializing Spring DispatcherServlet 'dispatcherServlet'
2026-06-30 17:35:36.814 [http-nio-8080-exec-1] INFO  o.s.web.servlet.DispatcherServlet - Initializing Servlet 'dispatcherServlet'
2026-06-30 17:35:36.815 [http-nio-8080-exec-1] INFO  o.s.web.servlet.DispatcherServlet - Completed initialization in 1 ms
2026-06-30 17:35:36.837 [http-nio-8080-exec-1] DEBUG o.s.security.web.FilterChainProxy - Securing GET /login?logout=true
2026-06-30 17:35:36.853 [http-nio-8080-exec-1] DEBUG o.s.s.w.a.AnonymousAuthenticationFilter - Set SecurityContextHolder to anonymous SecurityContext
2026-06-30 17:35:36.855 [http-nio-8080-exec-1] DEBUG o.s.s.w.s.SessionManagementFilter - Request requested invalid session id 70956721A25E2DC1BB58FEE2CEBF3191
2026-06-30 17:35:36.860 [http-nio-8080-exec-1] DEBUG o.s.security.web.FilterChainProxy - Secured GET /login?logout=true
2026-06-30 17:35:37.072 [http-nio-8080-exec-2] DEBUG o.s.security.web.FilterChainProxy - Securing GET /favicon.ico
2026-06-30 17:35:37.073 [http-nio-8080-exec-2] DEBUG o.s.s.w.a.AnonymousAuthenticationFilter - Set SecurityContextHolder to anonymous SecurityContext
2026-06-30 17:35:37.073 [http-nio-8080-exec-2] DEBUG o.s.s.w.s.SessionManagementFilter - Request requested invalid session id 70956721A25E2DC1BB58FEE2CEBF3191
2026-06-30 17:35:37.081 [http-nio-8080-exec-2] DEBUG o.s.s.web.DefaultRedirectStrategy - Redirecting to http://localhost:8080/login
2026-06-30 17:35:37.087 [http-nio-8080-exec-4] DEBUG o.s.security.web.FilterChainProxy - Securing GET /login
2026-06-30 17:35:37.088 [http-nio-8080-exec-4] DEBUG o.s.s.w.a.AnonymousAuthenticationFilter - Set SecurityContextHolder to anonymous SecurityContext
2026-06-30 17:35:37.088 [http-nio-8080-exec-4] DEBUG o.s.s.w.s.SessionManagementFilter - Request requested invalid session id 70956721A25E2DC1BB58FEE2CEBF3191
2026-06-30 17:35:37.089 [http-nio-8080-exec-4] DEBUG o.s.security.web.FilterChainProxy - Secured GET /login
2026-06-30 17:35:44.177 [http-nio-8080-exec-5] DEBUG o.s.security.web.FilterChainProxy - Securing POST /login
2026-06-30 17:35:44.296 [http-nio-8080-exec-5] DEBUG org.hibernate.SQL - 
    select
        u1_0.id,
        u1_0.created_at,
        u1_0.email,
        u1_0.nome,
        u1_0.password_hash,
        u1_0.role,
        u1_0.username 
    from
        utilizador u1_0 
    where
        u1_0.username=?
2026-06-30 17:35:44.372 [http-nio-8080-exec-5] DEBUG o.s.s.a.d.DaoAuthenticationProvider - Authenticated user
2026-06-30 17:35:44.383 [http-nio-8080-exec-5] DEBUG o.s.s.w.c.HttpSessionSecurityContextRepository - Stored SecurityContextImpl [Authentication=UsernamePasswordAuthenticationToken [Principal=com.itsm.incidentmanagement.security.service.CustomUserDetails@66d6a9e9, Credentials=[PROTECTED], Authenticated=true, Details=WebAuthenticationDetails [RemoteIpAddress=127.0.0.1, SessionId=null], Granted Authorities=[ROLE_TECNICO]]] to HttpSession [org.apache.catalina.session.StandardSessionFacade@fed9a52]
2026-06-30 17:35:44.383 [http-nio-8080-exec-5] DEBUG o.s.s.w.a.UsernamePasswordAuthenticationFilter - Set SecurityContextHolder to UsernamePasswordAuthenticationToken [Principal=com.itsm.incidentmanagement.security.service.CustomUserDetails@66d6a9e9, Credentials=[PROTECTED], Authenticated=true, Details=WebAuthenticationDetails [RemoteIpAddress=127.0.0.1, SessionId=null], Granted Authorities=[ROLE_TECNICO]]
2026-06-30 17:35:44.388 [http-nio-8080-exec-3] DEBUG o.s.security.web.FilterChainProxy - Securing GET /tecnico/dashboard
2026-06-30 17:35:44.389 [http-nio-8080-exec-3] DEBUG o.s.s.w.c.HttpSessionSecurityContextRepository - Retrieved SecurityContextImpl [Authentication=UsernamePasswordAuthenticationToken [Principal=com.itsm.incidentmanagement.security.service.CustomUserDetails@66d6a9e9, Credentials=[PROTECTED], Authenticated=true, Details=WebAuthenticationDetails [RemoteIpAddress=127.0.0.1, SessionId=null], Granted Authorities=[ROLE_TECNICO]]]
2026-06-30 17:35:44.392 [http-nio-8080-exec-3] DEBUG o.s.security.web.FilterChainProxy - Secured GET /tecnico/dashboard
2026-06-30 17:35:44.395 [http-nio-8080-exec-3] DEBUG org.hibernate.SQL - 
    select
        u1_0.id,
        u1_0.created_at,
        u1_0.email,
        u1_0.nome,
        u1_0.password_hash,
        u1_0.role,
        u1_0.username 
    from
        utilizador u1_0 
    where
        u1_0.username=?
2026-06-30 17:35:44.399 [http-nio-8080-exec-3] DEBUG org.hibernate.SQL - 
    select
        t1_0.id,
        t1_0.carga_trabalho_atual,
        t1_0.disponibilidade,
        t1_0.utilizador_id 
    from
        tecnico t1_0 
    left join
        utilizador u1_0 
            on u1_0.id=t1_0.utilizador_id 
    where
        u1_0.id=?
2026-06-30 17:35:44.402 [http-nio-8080-exec-3] DEBUG org.hibernate.SQL - 
    select
        c1_0.tecnico_id,
        c1_1.id,
        c1_1.nome 
    from
        tecnico_competencia c1_0 
    join
        competencia c1_1 
            on c1_1.id=c1_0.competencia_id 
    where
        c1_0.tecnico_id=?
2026-06-30 17:35:44.407 [http-nio-8080-exec-3] DEBUG org.hibernate.SQL - 
    select
        t1_0.id,
        t1_0.aberto_por_id,
        t1_0.ativo_id,
        t1_0.data_abertura,
        t1_0.data_fecho,
        t1_0.descricao,
        t1_0.estado,
        t1_0.prioridade,
        t1_0.tecnico_id,
        t1_0.tipo,
        t1_0.titulo 
    from
        ticket t1_0 
    left join
        tecnico t2_0 
            on t2_0.id=t1_0.tecnico_id 
    where
        t2_0.id=?
2026-06-30 17:35:44.528 [http-nio-8080-exec-6] DEBUG o.s.security.web.FilterChainProxy - Securing GET /favicon.ico
2026-06-30 17:35:44.529 [http-nio-8080-exec-6] DEBUG o.s.s.w.c.HttpSessionSecurityContextRepository - Retrieved SecurityContextImpl [Authentication=UsernamePasswordAuthenticationToken [Principal=com.itsm.incidentmanagement.security.service.CustomUserDetails@66d6a9e9, Credentials=[PROTECTED], Authenticated=true, Details=WebAuthenticationDetails [RemoteIpAddress=127.0.0.1, SessionId=null], Granted Authorities=[ROLE_TECNICO]]]
2026-06-30 17:35:44.530 [http-nio-8080-exec-6] DEBUG o.s.security.web.FilterChainProxy - Secured GET /favicon.ico
2026-06-30 17:35:54.222 [http-nio-8080-exec-7] DEBUG o.s.security.web.FilterChainProxy - Securing GET /tecnico/tickets
2026-06-30 17:35:54.223 [http-nio-8080-exec-7] DEBUG o.s.s.w.c.HttpSessionSecurityContextRepository - Retrieved SecurityContextImpl [Authentication=UsernamePasswordAuthenticationToken [Principal=com.itsm.incidentmanagement.security.service.CustomUserDetails@66d6a9e9, Credentials=[PROTECTED], Authenticated=true, Details=WebAuthenticationDetails [RemoteIpAddress=127.0.0.1, SessionId=null], Granted Authorities=[ROLE_TECNICO]]]
2026-06-30 17:35:54.223 [http-nio-8080-exec-7] DEBUG o.s.security.web.FilterChainProxy - Secured GET /tecnico/tickets
2026-06-30 17:35:54.266 [http-nio-8080-exec-8] DEBUG o.s.security.web.FilterChainProxy - Securing GET /favicon.ico
2026-06-30 17:35:54.267 [http-nio-8080-exec-8] DEBUG o.s.s.w.a.AnonymousAuthenticationFilter - Set SecurityContextHolder to anonymous SecurityContext
2026-06-30 17:35:54.268 [http-nio-8080-exec-8] DEBUG o.s.s.web.DefaultRedirectStrategy - Redirecting to http://localhost:8080/login
2026-06-30 17:35:54.274 [http-nio-8080-exec-9] DEBUG o.s.security.web.FilterChainProxy - Securing GET /login
2026-06-30 17:35:54.275 [http-nio-8080-exec-9] DEBUG o.s.s.w.a.AnonymousAuthenticationFilter - Set SecurityContextHolder to anonymous SecurityContext
2026-06-30 17:35:54.275 [http-nio-8080-exec-9] DEBUG o.s.security.web.FilterChainProxy - Secured GET /login
2026-06-30 17:37:23.757 [http-nio-8080-exec-10] DEBUG o.s.security.web.FilterChainProxy - Securing GET /tecnico/dashboard
2026-06-30 17:37:23.758 [http-nio-8080-exec-10] DEBUG o.s.s.w.c.HttpSessionSecurityContextRepository - Retrieved SecurityContextImpl [Authentication=UsernamePasswordAuthenticationToken [Principal=com.itsm.incidentmanagement.security.service.CustomUserDetails@66d6a9e9, Credentials=[PROTECTED], Authenticated=true, Details=WebAuthenticationDetails [RemoteIpAddress=127.0.0.1, SessionId=null], Granted Authorities=[ROLE_TECNICO]]]
2026-06-30 17:37:23.758 [http-nio-8080-exec-10] DEBUG o.s.security.web.FilterChainProxy - Secured GET /tecnico/dashboard
2026-06-30 17:37:23.760 [http-nio-8080-exec-10] DEBUG org.hibernate.SQL - 
    select
        u1_0.id,
        u1_0.created_at,
        u1_0.email,
        u1_0.nome,
        u1_0.password_hash,
        u1_0.role,
        u1_0.username 
    from
        utilizador u1_0 
    where
        u1_0.username=?
2026-06-30 17:37:23.763 [http-nio-8080-exec-10] DEBUG org.hibernate.SQL - 
    select
        t1_0.id,
        t1_0.carga_trabalho_atual,
        t1_0.disponibilidade,
        t1_0.utilizador_id 
    from
        tecnico t1_0 
    left join
        utilizador u1_0 
            on u1_0.id=t1_0.utilizador_id 
    where
        u1_0.id=?
2026-06-30 17:37:23.764 [http-nio-8080-exec-10] DEBUG org.hibernate.SQL - 
    select
        c1_0.tecnico_id,
        c1_1.id,
        c1_1.nome 
    from
        tecnico_competencia c1_0 
    join
        competencia c1_1 
            on c1_1.id=c1_0.competencia_id 
    where
        c1_0.tecnico_id=?
2026-06-30 17:37:23.768 [http-nio-8080-exec-10] DEBUG org.hibernate.SQL - 
    select
        t1_0.id,
        t1_0.aberto_por_id,
        t1_0.ativo_id,
        t1_0.data_abertura,
        t1_0.data_fecho,
        t1_0.descricao,
        t1_0.estado,
        t1_0.prioridade,
        t1_0.tecnico_id,
        t1_0.tipo,
        t1_0.titulo 
    from
        ticket t1_0 
    left join
        tecnico t2_0 
            on t2_0.id=t1_0.tecnico_id 
    where
        t2_0.id=?
2026-06-30 17:37:23.808 [http-nio-8080-exec-1] DEBUG o.s.security.web.FilterChainProxy - Securing GET /favicon.ico
2026-06-30 17:37:23.808 [http-nio-8080-exec-1] DEBUG o.s.s.w.c.HttpSessionSecurityContextRepository - Retrieved SecurityContextImpl [Authentication=UsernamePasswordAuthenticationToken [Principal=com.itsm.incidentmanagement.security.service.CustomUserDetails@66d6a9e9, Credentials=[PROTECTED], Authenticated=true, Details=WebAuthenticationDetails [RemoteIpAddress=127.0.0.1, SessionId=null], Granted Authorities=[ROLE_TECNICO]]]
2026-06-30 17:37:23.809 [http-nio-8080-exec-1] DEBUG o.s.security.web.FilterChainProxy - Secured GET /favicon.ico
2026-06-30 17:37:25.090 [http-nio-8080-exec-2] DEBUG o.s.security.web.FilterChainProxy - Securing GET /tecnico/tickets
2026-06-30 17:37:25.091 [http-nio-8080-exec-2] DEBUG o.s.s.w.c.HttpSessionSecurityContextRepository - Retrieved SecurityContextImpl [Authentication=UsernamePasswordAuthenticationToken [Principal=com.itsm.incidentmanagement.security.service.CustomUserDetails@66d6a9e9, Credentials=[PROTECTED], Authenticated=true, Details=WebAuthenticationDetails [RemoteIpAddress=127.0.0.1, SessionId=null], Granted Authorities=[ROLE_TECNICO]]]
2026-06-30 17:37:25.091 [http-nio-8080-exec-2] DEBUG o.s.security.web.FilterChainProxy - Secured GET /tecnico/tickets
2026-06-30 17:37:25.114 [http-nio-8080-exec-4] DEBUG o.s.security.web.FilterChainProxy - Securing GET /favicon.ico
2026-06-30 17:37:25.115 [http-nio-8080-exec-4] DEBUG o.s.s.w.a.AnonymousAuthenticationFilter - Set SecurityContextHolder to anonymous SecurityContext
2026-06-30 17:37:25.116 [http-nio-8080-exec-4] DEBUG o.s.s.web.DefaultRedirectStrategy - Redirecting to http://localhost:8080/login
2026-06-30 17:37:25.133 [http-nio-8080-exec-5] DEBUG o.s.security.web.FilterChainProxy - Securing GET /login
2026-06-30 17:37:25.133 [http-nio-8080-exec-5] DEBUG o.s.s.w.a.AnonymousAuthenticationFilter - Set SecurityContextHolder to anonymous SecurityContext
2026-06-30 17:37:25.134 [http-nio-8080-exec-5] DEBUG o.s.security.web.FilterChainProxy - Secured GET /login
2026-06-30 17:40:33.523 [main] INFO  o.s.b.a.l.ConditionEvaluationReportLogger - 

Error starting ApplicationContext. To display the condition evaluation report re-run your application with 'debug' enabled.
2026-06-30 17:40:33.524 [SpringApplicationShutdownHook] INFO  o.s.b.w.e.tomcat.GracefulShutdown - Commencing graceful shutdown. Waiting for active requests to complete
2026-06-30 17:40:33.529 [tomcat-shutdown] INFO  o.s.b.w.e.tomcat.GracefulShutdown - Graceful shutdown complete
2026-06-30 17:40:33.535 [SpringApplicationShutdownHook] INFO  o.s.o.j.LocalContainerEntityManagerFactoryBean - Closing JPA EntityManagerFactory for persistence unit 'default'
2026-06-30 17:40:33.537 [SpringApplicationShutdownHook] INFO  com.zaxxer.hikari.HikariDataSource - HikariPool-1 - Shutdown initiated...
2026-06-30 17:40:33.540 [SpringApplicationShutdownHook] INFO  com.zaxxer.hikari.HikariDataSource - HikariPool-1 - Shutdown completed.
2026-06-30 17:40:33.540 [main] ERROR o.s.boot.SpringApplication - Application run failed
java.util.NoSuchElementException: No line found
	at java.base/java.util.Scanner.nextLine(Scanner.java:1660)
	at com.itsm.incidentmanagement.console.ConsoleApplication.run(ConsoleApplication.java:55)
	at org.springframework.boot.SpringApplication.lambda$callRunner$5(SpringApplication.java:788)
	at org.springframework.util.function.ThrowingConsumer$1.acceptWithException(ThrowingConsumer.java:82)
	at org.springframework.util.function.ThrowingConsumer.accept(ThrowingConsumer.java:60)
	at org.springframework.util.function.ThrowingConsumer$1.accept(ThrowingConsumer.java:86)
	at org.springframework.boot.SpringApplication.callRunner(SpringApplication.java:796)
	at org.springframework.boot.SpringApplication.callRunner(SpringApplication.java:787)
	at org.springframework.boot.SpringApplication.lambda$callRunners$3(SpringApplication.java:772)
	at java.base/java.util.stream.ForEachOps$ForEachOp$OfRef.accept(ForEachOps.java:184)
	at java.base/java.util.stream.SortedOps$SizedRefSortingSink.end(SortedOps.java:357)
	at java.base/java.util.stream.AbstractPipeline.copyInto(AbstractPipeline.java:510)
	at java.base/java.util.stream.AbstractPipeline.wrapAndCopyInto(AbstractPipeline.java:499)
	at java.base/java.util.stream.ForEachOps$ForEachOp.evaluateSequential(ForEachOps.java:151)
	at java.base/java.util.stream.ForEachOps$ForEachOp$OfRef.evaluateSequential(ForEachOps.java:174)
	at java.base/java.util.stream.AbstractPipeline.evaluate(AbstractPipeline.java:234)
	at java.base/java.util.stream.ReferencePipeline.forEach(ReferencePipeline.java:596)
	at org.springframework.boot.SpringApplication.callRunners(SpringApplication.java:772)
	at org.springframework.boot.SpringApplication.run(SpringApplication.java:325)
	at org.springframework.boot.SpringApplication.run(SpringApplication.java:1361)
	at org.springframework.boot.SpringApplication.run(SpringApplication.java:1350)
	at com.itsm.incidentmanagement.IncidentManagementApplication.main(IncidentManagementApplication.java:9)
2026-06-30 17:40:44.385 [background-preinit] INFO  o.h.validator.internal.util.Version - HV000001: Hibernate Validator 8.0.3.Final
2026-06-30 17:40:44.430 [main] INFO  c.i.i.IncidentManagementApplication - Starting IncidentManagementApplication using Java 21.0.10 with PID 8216 (C:\Users\Usuario\Documents\Tecnisign\UFCD 10790 – Projeto de Programação\incident-management\target\classes started by Usuario in C:\Users\Usuario\Documents\Tecnisign\UFCD 10790 – Projeto de Programação\incident-management)
2026-06-30 17:40:44.430 [main] DEBUG c.i.i.IncidentManagementApplication - Running with Spring Boot v3.5.14, Spring v6.2.18
2026-06-30 17:40:44.431 [main] INFO  c.i.i.IncidentManagementApplication - No active profile set, falling back to 1 default profile: "default"
2026-06-30 17:40:45.444 [main] INFO  o.s.d.r.c.RepositoryConfigurationDelegate - Bootstrapping Spring Data JPA repositories in DEFAULT mode.
2026-06-30 17:40:45.506 [main] INFO  o.s.d.r.c.RepositoryConfigurationDelegate - Finished Spring Data repository scanning in 53 ms. Found 5 JPA repository interfaces.
2026-06-30 17:40:45.991 [main] INFO  o.s.b.w.e.tomcat.TomcatWebServer - Tomcat initialized with port 8080 (http)
2026-06-30 17:40:46.004 [main] INFO  o.a.coyote.http11.Http11NioProtocol - Initializing ProtocolHandler ["http-nio-8080"]
2026-06-30 17:40:46.007 [main] INFO  o.a.catalina.core.StandardService - Starting service [Tomcat]
2026-06-30 17:40:46.007 [main] INFO  o.a.catalina.core.StandardEngine - Starting Servlet engine: [Apache Tomcat/10.1.54]
2026-06-30 17:40:46.060 [main] INFO  o.a.c.c.C.[Tomcat].[localhost].[/] - Initializing Spring embedded WebApplicationContext
2026-06-30 17:40:46.061 [main] INFO  o.s.b.w.s.c.ServletWebServerApplicationContext - Root WebApplicationContext: initialization completed in 1594 ms
2026-06-30 17:40:46.256 [main] INFO  o.h.jpa.internal.util.LogHelper - HHH000204: Processing PersistenceUnitInfo [name: default]
2026-06-30 17:40:46.301 [main] INFO  org.hibernate.Version - HHH000412: Hibernate ORM core version 6.6.49.Final
2026-06-30 17:40:46.329 [main] INFO  o.h.c.i.RegionFactoryInitiator - HHH000026: Second-level cache disabled
2026-06-30 17:40:46.565 [main] INFO  o.s.o.j.p.SpringPersistenceUnitInfo - No LoadTimeWeaver setup: ignoring JPA class transformer
2026-06-30 17:40:46.591 [main] INFO  com.zaxxer.hikari.HikariDataSource - HikariPool-1 - Starting...
2026-06-30 17:40:46.718 [main] INFO  com.zaxxer.hikari.pool.HikariPool - HikariPool-1 - Added connection org.postgresql.jdbc.PgConnection@3149409c
2026-06-30 17:40:46.719 [main] INFO  com.zaxxer.hikari.HikariDataSource - HikariPool-1 - Start completed.
2026-06-30 17:40:46.749 [main] WARN  org.hibernate.orm.deprecation - HHH90000025: PostgreSQLDialect does not need to be specified explicitly using 'hibernate.dialect' (remove the property setting and it will be selected by default)
2026-06-30 17:40:46.768 [main] INFO  o.hibernate.orm.connections.pooling - HHH10001005: Database info:
	Database JDBC URL [Connecting through datasource 'HikariDataSource (HikariPool-1)']
	Database driver: undefined/unknown
	Database version: 15.18
	Autocommit mode: undefined/unknown
	Isolation level: undefined/unknown
	Minimum pool size: undefined/unknown
	Maximum pool size: undefined/unknown
2026-06-30 17:40:47.721 [main] INFO  o.h.e.t.j.p.i.JtaPlatformInitiator - HHH000489: No JTA platform available (set 'hibernate.transaction.jta.platform' to enable JTA platform integration)
2026-06-30 17:40:47.866 [main] INFO  o.s.o.j.LocalContainerEntityManagerFactoryBean - Initialized JPA EntityManagerFactory for persistence unit 'default'
2026-06-30 17:40:48.146 [main] DEBUG c.i.i.s.f.JwtAuthenticationFilter - Filter 'jwtAuthenticationFilter' configured for use
2026-06-30 17:40:48.321 [main] DEBUG org.hibernate.SQL - 
    select
        t1_0.id,
        t1_0.carga_trabalho_atual,
        t1_0.disponibilidade,
        t1_0.utilizador_id 
    from
        tecnico t1_0
2026-06-30 17:40:48.352 [main] DEBUG org.hibernate.SQL - 
    select
        u1_0.id,
        u1_0.created_at,
        u1_0.email,
        u1_0.nome,
        u1_0.password_hash,
        u1_0.role,
        u1_0.username 
    from
        utilizador u1_0 
    where
        u1_0.id=?
2026-06-30 17:40:48.363 [main] DEBUG org.hibernate.SQL - 
    select
        u1_0.id,
        u1_0.created_at,
        u1_0.email,
        u1_0.nome,
        u1_0.password_hash,
        u1_0.role,
        u1_0.username 
    from
        utilizador u1_0 
    where
        u1_0.id=?
2026-06-30 17:40:48.364 [main] DEBUG org.hibernate.SQL - 
    select
        u1_0.id,
        u1_0.created_at,
        u1_0.email,
        u1_0.nome,
        u1_0.password_hash,
        u1_0.role,
        u1_0.username 
    from
        utilizador u1_0 
    where
        u1_0.id=?
2026-06-30 17:40:48.368 [main] DEBUG org.hibernate.SQL - 
    select
        c1_0.tecnico_id,
        c1_1.id,
        c1_1.nome 
    from
        tecnico_competencia c1_0 
    join
        competencia c1_1 
            on c1_1.id=c1_0.competencia_id 
    where
        c1_0.tecnico_id=?
2026-06-30 17:40:48.372 [main] DEBUG org.hibernate.SQL - 
    select
        c1_0.tecnico_id,
        c1_1.id,
        c1_1.nome 
    from
        tecnico_competencia c1_0 
    join
        competencia c1_1 
            on c1_1.id=c1_0.competencia_id 
    where
        c1_0.tecnico_id=?
2026-06-30 17:40:48.375 [main] DEBUG org.hibernate.SQL - 
    select
        c1_0.tecnico_id,
        c1_1.id,
        c1_1.nome 
    from
        tecnico_competencia c1_0 
    join
        competencia c1_1 
            on c1_1.id=c1_0.competencia_id 
    where
        c1_0.tecnico_id=?
2026-06-30 17:40:48.391 [main] DEBUG org.hibernate.SQL - 
    select
        t1_0.id,
        t1_0.aberto_por_id,
        t1_0.ativo_id,
        t1_0.data_abertura,
        t1_0.data_fecho,
        t1_0.descricao,
        t1_0.estado,
        t1_0.prioridade,
        t1_0.tecnico_id,
        t1_0.tipo,
        t1_0.titulo 
    from
        ticket t1_0
2026-06-30 17:40:48.580 [main] WARN  o.s.b.a.o.j.JpaBaseConfiguration$JpaWebConfiguration - spring.jpa.open-in-view is enabled by default. Therefore, database queries may be performed during view rendering. Explicitly configure spring.jpa.open-in-view to disable this warning
2026-06-30 17:40:48.603 [main] INFO  o.s.b.a.w.s.WelcomePageHandlerMapping - Adding welcome page: class path resource [static/index.html]
2026-06-30 17:40:48.863 [main] INFO  o.s.b.a.e.web.EndpointLinksResolver - Exposing 3 endpoints beneath base path '/actuator'
2026-06-30 17:40:48.894 [main] INFO  o.s.s.c.a.a.c.InitializeAuthenticationProviderBeanManagerConfigurer$InitializeAuthenticationProviderManagerConfigurer - Global AuthenticationManager configured with AuthenticationProvider bean with name authenticationProvider
2026-06-30 17:40:48.895 [main] WARN  o.s.s.c.a.a.c.InitializeUserDetailsBeanManagerConfigurer$InitializeUserDetailsManagerConfigurer - Global AuthenticationManager configured with an AuthenticationProvider bean. UserDetailsService beans will not be used by Spring Security for automatically configuring username/password login. Consider removing the AuthenticationProvider bean. Alternatively, consider using the UserDetailsService in a manually instantiated DaoAuthenticationProvider. If the current configuration is intentional, to turn off this warning, increase the logging level of 'org.springframework.security.config.annotation.authentication.configuration.InitializeUserDetailsBeanManagerConfigurer' to ERROR
2026-06-30 17:40:48.995 [main] DEBUG o.s.s.web.DefaultSecurityFilterChain - Will secure any request with filters: DisableEncodeUrlFilter, WebAsyncManagerIntegrationFilter, SecurityContextHolderFilter, HeaderWriterFilter, LogoutFilter, JwtAuthenticationFilter, UsernamePasswordAuthenticationFilter, RequestCacheAwareFilter, SecurityContextHolderAwareRequestFilter, AnonymousAuthenticationFilter, SessionManagementFilter, ExceptionTranslationFilter, AuthorizationFilter
2026-06-30 17:40:49.303 [main] INFO  o.a.coyote.http11.Http11NioProtocol - Starting ProtocolHandler ["http-nio-8080"]
2026-06-30 17:40:49.321 [main] INFO  o.s.b.w.e.tomcat.TomcatWebServer - Tomcat started on port 8080 (http) with context path '/'
2026-06-30 17:40:49.335 [main] INFO  c.i.i.IncidentManagementApplication - Started IncidentManagementApplication in 5.42 seconds (process running for 5.721)
2026-06-30 17:40:49.455 [http-nio-8080-exec-1] INFO  o.a.c.c.C.[Tomcat].[localhost].[/] - Initializing Spring DispatcherServlet 'dispatcherServlet'
2026-06-30 17:40:49.455 [http-nio-8080-exec-1] INFO  o.s.web.servlet.DispatcherServlet - Initializing Servlet 'dispatcherServlet'
2026-06-30 17:40:49.457 [http-nio-8080-exec-1] INFO  o.s.web.servlet.DispatcherServlet - Completed initialization in 2 ms
2026-06-30 17:40:49.482 [http-nio-8080-exec-1] DEBUG o.s.security.web.FilterChainProxy - Securing GET /tecnico/dashboard
2026-06-30 17:40:49.493 [http-nio-8080-exec-1] DEBUG o.s.s.w.a.AnonymousAuthenticationFilter - Set SecurityContextHolder to anonymous SecurityContext
2026-06-30 17:40:49.493 [http-nio-8080-exec-1] DEBUG o.s.s.w.s.SessionManagementFilter - Request requested invalid session id C90394E0323D8B0E3688AA8CC9E87370
2026-06-30 17:40:49.518 [http-nio-8080-exec-1] DEBUG o.s.s.w.s.HttpSessionRequestCache - Saved request http://localhost:8080/tecnico/dashboard?continue to session
2026-06-30 17:40:49.519 [http-nio-8080-exec-1] DEBUG o.s.s.web.DefaultRedirectStrategy - Redirecting to http://localhost:8080/login
2026-06-30 17:40:49.525 [http-nio-8080-exec-2] DEBUG o.s.security.web.FilterChainProxy - Securing GET /login
2026-06-30 17:40:49.526 [http-nio-8080-exec-2] DEBUG o.s.s.w.a.AnonymousAuthenticationFilter - Set SecurityContextHolder to anonymous SecurityContext
2026-06-30 17:40:49.529 [http-nio-8080-exec-2] DEBUG o.s.security.web.FilterChainProxy - Secured GET /login
2026-06-30 17:40:49.742 [http-nio-8080-exec-3] DEBUG o.s.security.web.FilterChainProxy - Securing GET /favicon.ico
2026-06-30 17:40:49.742 [http-nio-8080-exec-3] DEBUG o.s.s.w.a.AnonymousAuthenticationFilter - Set SecurityContextHolder to anonymous SecurityContext
2026-06-30 17:40:49.743 [http-nio-8080-exec-3] DEBUG o.s.s.web.DefaultRedirectStrategy - Redirecting to http://localhost:8080/login
2026-06-30 17:41:00.802 [http-nio-8080-exec-5] DEBUG o.s.security.web.FilterChainProxy - Securing POST /login
2026-06-30 17:41:00.918 [http-nio-8080-exec-5] DEBUG org.hibernate.SQL - 
    select
        u1_0.id,
        u1_0.created_at,
        u1_0.email,
        u1_0.nome,
        u1_0.password_hash,
        u1_0.role,
        u1_0.username 
    from
        utilizador u1_0 
    where
        u1_0.username=?
2026-06-30 17:41:00.992 [http-nio-8080-exec-5] DEBUG o.s.s.a.d.DaoAuthenticationProvider - Authenticated user
2026-06-30 17:41:00.993 [http-nio-8080-exec-5] DEBUG o.s.s.w.a.s.ChangeSessionIdAuthenticationStrategy - Changed session id from E424A80C3718BFA5439D65317750C454
2026-06-30 17:41:00.994 [http-nio-8080-exec-5] DEBUG o.s.s.w.c.HttpSessionSecurityContextRepository - Stored SecurityContextImpl [Authentication=UsernamePasswordAuthenticationToken [Principal=com.itsm.incidentmanagement.security.service.CustomUserDetails@4df154ce, Credentials=[PROTECTED], Authenticated=true, Details=WebAuthenticationDetails [RemoteIpAddress=127.0.0.1, SessionId=E424A80C3718BFA5439D65317750C454], Granted Authorities=[ROLE_TECNICO]]] to HttpSession [org.apache.catalina.session.StandardSessionFacade@68ddcabb]
2026-06-30 17:41:00.994 [http-nio-8080-exec-5] DEBUG o.s.s.w.a.UsernamePasswordAuthenticationFilter - Set SecurityContextHolder to UsernamePasswordAuthenticationToken [Principal=com.itsm.incidentmanagement.security.service.CustomUserDetails@4df154ce, Credentials=[PROTECTED], Authenticated=true, Details=WebAuthenticationDetails [RemoteIpAddress=127.0.0.1, SessionId=E424A80C3718BFA5439D65317750C454], Granted Authorities=[ROLE_TECNICO]]
2026-06-30 17:41:00.999 [http-nio-8080-exec-4] DEBUG o.s.security.web.FilterChainProxy - Securing GET /tecnico/dashboard
2026-06-30 17:41:01.005 [http-nio-8080-exec-4] DEBUG o.s.s.w.c.HttpSessionSecurityContextRepository - Retrieved SecurityContextImpl [Authentication=UsernamePasswordAuthenticationToken [Principal=com.itsm.incidentmanagement.security.service.CustomUserDetails@4df154ce, Credentials=[PROTECTED], Authenticated=true, Details=WebAuthenticationDetails [RemoteIpAddress=127.0.0.1, SessionId=E424A80C3718BFA5439D65317750C454], Granted Authorities=[ROLE_TECNICO]]]
2026-06-30 17:41:01.006 [http-nio-8080-exec-4] DEBUG o.s.security.web.FilterChainProxy - Secured GET /tecnico/dashboard
2026-06-30 17:41:01.010 [http-nio-8080-exec-4] DEBUG org.hibernate.SQL - 
    select
        u1_0.id,
        u1_0.created_at,
        u1_0.email,
        u1_0.nome,
        u1_0.password_hash,
        u1_0.role,
        u1_0.username 
    from
        utilizador u1_0 
    where
        u1_0.username=?
2026-06-30 17:41:01.014 [http-nio-8080-exec-4] DEBUG org.hibernate.SQL - 
    select
        t1_0.id,
        t1_0.carga_trabalho_atual,
        t1_0.disponibilidade,
        t1_0.utilizador_id 
    from
        tecnico t1_0 
    left join
        utilizador u1_0 
            on u1_0.id=t1_0.utilizador_id 
    where
        u1_0.id=?
2026-06-30 17:41:01.016 [http-nio-8080-exec-4] DEBUG org.hibernate.SQL - 
    select
        c1_0.tecnico_id,
        c1_1.id,
        c1_1.nome 
    from
        tecnico_competencia c1_0 
    join
        competencia c1_1 
            on c1_1.id=c1_0.competencia_id 
    where
        c1_0.tecnico_id=?
2026-06-30 17:41:01.020 [http-nio-8080-exec-4] DEBUG org.hibernate.SQL - 
    select
        t1_0.id,
        t1_0.aberto_por_id,
        t1_0.ativo_id,
        t1_0.data_abertura,
        t1_0.data_fecho,
        t1_0.descricao,
        t1_0.estado,
        t1_0.prioridade,
        t1_0.tecnico_id,
        t1_0.tipo,
        t1_0.titulo 
    from
        ticket t1_0 
    left join
        tecnico t2_0 
            on t2_0.id=t1_0.tecnico_id 
    where
        t2_0.id=?
2026-06-30 17:41:01.140 [http-nio-8080-exec-6] DEBUG o.s.security.web.FilterChainProxy - Securing GET /favicon.ico
2026-06-30 17:41:01.142 [http-nio-8080-exec-6] DEBUG o.s.s.w.c.HttpSessionSecurityContextRepository - Retrieved SecurityContextImpl [Authentication=UsernamePasswordAuthenticationToken [Principal=com.itsm.incidentmanagement.security.service.CustomUserDetails@4df154ce, Credentials=[PROTECTED], Authenticated=true, Details=WebAuthenticationDetails [RemoteIpAddress=127.0.0.1, SessionId=E424A80C3718BFA5439D65317750C454], Granted Authorities=[ROLE_TECNICO]]]
2026-06-30 17:41:01.143 [http-nio-8080-exec-6] DEBUG o.s.security.web.FilterChainProxy - Secured GET /favicon.ico
2026-06-30 17:41:03.156 [http-nio-8080-exec-7] DEBUG o.s.security.web.FilterChainProxy - Securing GET /tecnico/tickets
2026-06-30 17:41:03.158 [http-nio-8080-exec-7] DEBUG o.s.s.w.c.HttpSessionSecurityContextRepository - Retrieved SecurityContextImpl [Authentication=UsernamePasswordAuthenticationToken [Principal=com.itsm.incidentmanagement.security.service.CustomUserDetails@4df154ce, Credentials=[PROTECTED], Authenticated=true, Details=WebAuthenticationDetails [RemoteIpAddress=127.0.0.1, SessionId=E424A80C3718BFA5439D65317750C454], Granted Authorities=[ROLE_TECNICO]]]
2026-06-30 17:41:03.158 [http-nio-8080-exec-7] DEBUG o.s.security.web.FilterChainProxy - Secured GET /tecnico/tickets
2026-06-30 17:41:03.184 [http-nio-8080-exec-8] DEBUG o.s.security.web.FilterChainProxy - Securing GET /favicon.ico
2026-06-30 17:41:03.185 [http-nio-8080-exec-8] DEBUG o.s.s.w.a.AnonymousAuthenticationFilter - Set SecurityContextHolder to anonymous SecurityContext
2026-06-30 17:41:03.187 [http-nio-8080-exec-8] DEBUG o.s.s.web.DefaultRedirectStrategy - Redirecting to http://localhost:8080/login
2026-06-30 17:41:03.203 [http-nio-8080-exec-9] DEBUG o.s.security.web.FilterChainProxy - Securing GET /login
2026-06-30 17:41:03.203 [http-nio-8080-exec-9] DEBUG o.s.s.w.a.AnonymousAuthenticationFilter - Set SecurityContextHolder to anonymous SecurityContext
2026-06-30 17:41:03.203 [http-nio-8080-exec-9] DEBUG o.s.security.web.FilterChainProxy - Secured GET /login
2026-06-30 17:42:43.772 [main] INFO  o.s.b.a.l.ConditionEvaluationReportLogger - 

Error starting ApplicationContext. To display the condition evaluation report re-run your application with 'debug' enabled.
2026-06-30 17:42:43.774 [SpringApplicationShutdownHook] INFO  o.s.b.w.e.tomcat.GracefulShutdown - Commencing graceful shutdown. Waiting for active requests to complete
2026-06-30 17:42:43.780 [tomcat-shutdown] INFO  o.s.b.w.e.tomcat.GracefulShutdown - Graceful shutdown complete
2026-06-30 17:42:43.786 [SpringApplicationShutdownHook] INFO  o.s.o.j.LocalContainerEntityManagerFactoryBean - Closing JPA EntityManagerFactory for persistence unit 'default'
2026-06-30 17:42:43.788 [SpringApplicationShutdownHook] INFO  com.zaxxer.hikari.HikariDataSource - HikariPool-1 - Shutdown initiated...
2026-06-30 17:42:43.788 [main] ERROR o.s.boot.SpringApplication - Application run failed
java.util.NoSuchElementException: No line found
	at java.base/java.util.Scanner.nextLine(Scanner.java:1660)
	at com.itsm.incidentmanagement.console.ConsoleApplication.run(ConsoleApplication.java:55)
	at org.springframework.boot.SpringApplication.lambda$callRunner$5(SpringApplication.java:788)
	at org.springframework.util.function.ThrowingConsumer$1.acceptWithException(ThrowingConsumer.java:82)
	at org.springframework.util.function.ThrowingConsumer.accept(ThrowingConsumer.java:60)
	at org.springframework.util.function.ThrowingConsumer$1.accept(ThrowingConsumer.java:86)
	at org.springframework.boot.SpringApplication.callRunner(SpringApplication.java:796)
	at org.springframework.boot.SpringApplication.callRunner(SpringApplication.java:787)
	at org.springframework.boot.SpringApplication.lambda$callRunners$3(SpringApplication.java:772)
	at java.base/java.util.stream.ForEachOps$ForEachOp$OfRef.accept(ForEachOps.java:184)
	at java.base/java.util.stream.SortedOps$SizedRefSortingSink.end(SortedOps.java:357)
	at java.base/java.util.stream.AbstractPipeline.copyInto(AbstractPipeline.java:510)
	at java.base/java.util.stream.AbstractPipeline.wrapAndCopyInto(AbstractPipeline.java:499)
	at java.base/java.util.stream.ForEachOps$ForEachOp.evaluateSequential(ForEachOps.java:151)
	at java.base/java.util.stream.ForEachOps$ForEachOp$OfRef.evaluateSequential(ForEachOps.java:174)
	at java.base/java.util.stream.AbstractPipeline.evaluate(AbstractPipeline.java:234)
	at java.base/java.util.stream.ReferencePipeline.forEach(ReferencePipeline.java:596)
	at org.springframework.boot.SpringApplication.callRunners(SpringApplication.java:772)
	at org.springframework.boot.SpringApplication.run(SpringApplication.java:325)
	at org.springframework.boot.SpringApplication.run(SpringApplication.java:1361)
	at org.springframework.boot.SpringApplication.run(SpringApplication.java:1350)
	at com.itsm.incidentmanagement.IncidentManagementApplication.main(IncidentManagementApplication.java:9)
2026-06-30 17:42:43.791 [SpringApplicationShutdownHook] INFO  com.zaxxer.hikari.HikariDataSource - HikariPool-1 - Shutdown completed.
2026-06-30 17:43:02.712 [background-preinit] INFO  o.h.validator.internal.util.Version - HV000001: Hibernate Validator 8.0.3.Final
2026-06-30 17:43:02.763 [main] INFO  c.i.i.IncidentManagementApplication - Starting IncidentManagementApplication using Java 21.0.10 with PID 6500 (C:\Users\Usuario\Documents\Tecnisign\UFCD 10790 – Projeto de Programação\incident-management\target\classes started by Usuario in C:\Users\Usuario\Documents\Tecnisign\UFCD 10790 – Projeto de Programação\incident-management)
2026-06-30 17:43:02.764 [main] DEBUG c.i.i.IncidentManagementApplication - Running with Spring Boot v3.5.14, Spring v6.2.18
2026-06-30 17:43:02.764 [main] INFO  c.i.i.IncidentManagementApplication - No active profile set, falling back to 1 default profile: "default"
2026-06-30 17:43:03.747 [main] INFO  o.s.d.r.c.RepositoryConfigurationDelegate - Bootstrapping Spring Data JPA repositories in DEFAULT mode.
2026-06-30 17:43:03.812 [main] INFO  o.s.d.r.c.RepositoryConfigurationDelegate - Finished Spring Data repository scanning in 55 ms. Found 5 JPA repository interfaces.
2026-06-30 17:43:04.286 [main] INFO  o.s.b.w.e.tomcat.TomcatWebServer - Tomcat initialized with port 8080 (http)
2026-06-30 17:43:04.297 [main] INFO  o.a.coyote.http11.Http11NioProtocol - Initializing ProtocolHandler ["http-nio-8080"]
2026-06-30 17:43:04.299 [main] INFO  o.a.catalina.core.StandardService - Starting service [Tomcat]
2026-06-30 17:43:04.299 [main] INFO  o.a.catalina.core.StandardEngine - Starting Servlet engine: [Apache Tomcat/10.1.54]
2026-06-30 17:43:04.352 [main] INFO  o.a.c.c.C.[Tomcat].[localhost].[/] - Initializing Spring embedded WebApplicationContext
2026-06-30 17:43:04.353 [main] INFO  o.s.b.w.s.c.ServletWebServerApplicationContext - Root WebApplicationContext: initialization completed in 1550 ms
2026-06-30 17:43:04.544 [main] INFO  o.h.jpa.internal.util.LogHelper - HHH000204: Processing PersistenceUnitInfo [name: default]
2026-06-30 17:43:04.588 [main] INFO  org.hibernate.Version - HHH000412: Hibernate ORM core version 6.6.49.Final
2026-06-30 17:43:04.619 [main] INFO  o.h.c.i.RegionFactoryInitiator - HHH000026: Second-level cache disabled
2026-06-30 17:43:04.857 [main] INFO  o.s.o.j.p.SpringPersistenceUnitInfo - No LoadTimeWeaver setup: ignoring JPA class transformer
2026-06-30 17:43:04.883 [main] INFO  com.zaxxer.hikari.HikariDataSource - HikariPool-1 - Starting...
2026-06-30 17:43:04.995 [main] INFO  com.zaxxer.hikari.pool.HikariPool - HikariPool-1 - Added connection org.postgresql.jdbc.PgConnection@1df9f7c6
2026-06-30 17:43:04.996 [main] INFO  com.zaxxer.hikari.HikariDataSource - HikariPool-1 - Start completed.
2026-06-30 17:43:05.028 [main] WARN  org.hibernate.orm.deprecation - HHH90000025: PostgreSQLDialect does not need to be specified explicitly using 'hibernate.dialect' (remove the property setting and it will be selected by default)
2026-06-30 17:43:05.048 [main] INFO  o.hibernate.orm.connections.pooling - HHH10001005: Database info:
	Database JDBC URL [Connecting through datasource 'HikariDataSource (HikariPool-1)']
	Database driver: undefined/unknown
	Database version: 15.18
	Autocommit mode: undefined/unknown
	Isolation level: undefined/unknown
	Minimum pool size: undefined/unknown
	Maximum pool size: undefined/unknown
2026-06-30 17:43:06.024 [main] INFO  o.h.e.t.j.p.i.JtaPlatformInitiator - HHH000489: No JTA platform available (set 'hibernate.transaction.jta.platform' to enable JTA platform integration)
2026-06-30 17:43:06.155 [main] INFO  o.s.o.j.LocalContainerEntityManagerFactoryBean - Initialized JPA EntityManagerFactory for persistence unit 'default'
2026-06-30 17:43:06.408 [main] DEBUG c.i.i.s.f.JwtAuthenticationFilter - Filter 'jwtAuthenticationFilter' configured for use
2026-06-30 17:43:06.561 [main] DEBUG org.hibernate.SQL - 
    select
        t1_0.id,
        t1_0.carga_trabalho_atual,
        t1_0.disponibilidade,
        t1_0.utilizador_id 
    from
        tecnico t1_0
2026-06-30 17:43:06.590 [main] DEBUG org.hibernate.SQL - 
    select
        u1_0.id,
        u1_0.created_at,
        u1_0.email,
        u1_0.nome,
        u1_0.password_hash,
        u1_0.role,
        u1_0.username 
    from
        utilizador u1_0 
    where
        u1_0.id=?
2026-06-30 17:43:06.598 [main] DEBUG org.hibernate.SQL - 
    select
        u1_0.id,
        u1_0.created_at,
        u1_0.email,
        u1_0.nome,
        u1_0.password_hash,
        u1_0.role,
        u1_0.username 
    from
        utilizador u1_0 
    where
        u1_0.id=?
2026-06-30 17:43:06.600 [main] DEBUG org.hibernate.SQL - 
    select
        u1_0.id,
        u1_0.created_at,
        u1_0.email,
        u1_0.nome,
        u1_0.password_hash,
        u1_0.role,
        u1_0.username 
    from
        utilizador u1_0 
    where
        u1_0.id=?
2026-06-30 17:43:06.602 [main] DEBUG org.hibernate.SQL - 
    select
        c1_0.tecnico_id,
        c1_1.id,
        c1_1.nome 
    from
        tecnico_competencia c1_0 
    join
        competencia c1_1 
            on c1_1.id=c1_0.competencia_id 
    where
        c1_0.tecnico_id=?
2026-06-30 17:43:06.606 [main] DEBUG org.hibernate.SQL - 
    select
        c1_0.tecnico_id,
        c1_1.id,
        c1_1.nome 
    from
        tecnico_competencia c1_0 
    join
        competencia c1_1 
            on c1_1.id=c1_0.competencia_id 
    where
        c1_0.tecnico_id=?
2026-06-30 17:43:06.608 [main] DEBUG org.hibernate.SQL - 
    select
        c1_0.tecnico_id,
        c1_1.id,
        c1_1.nome 
    from
        tecnico_competencia c1_0 
    join
        competencia c1_1 
            on c1_1.id=c1_0.competencia_id 
    where
        c1_0.tecnico_id=?
2026-06-30 17:43:06.625 [main] DEBUG org.hibernate.SQL - 
    select
        t1_0.id,
        t1_0.aberto_por_id,
        t1_0.ativo_id,
        t1_0.data_abertura,
        t1_0.data_fecho,
        t1_0.descricao,
        t1_0.estado,
        t1_0.prioridade,
        t1_0.tecnico_id,
        t1_0.tipo,
        t1_0.titulo 
    from
        ticket t1_0
2026-06-30 17:43:06.795 [main] WARN  o.s.b.a.o.j.JpaBaseConfiguration$JpaWebConfiguration - spring.jpa.open-in-view is enabled by default. Therefore, database queries may be performed during view rendering. Explicitly configure spring.jpa.open-in-view to disable this warning
2026-06-30 17:43:06.817 [main] INFO  o.s.b.a.w.s.WelcomePageHandlerMapping - Adding welcome page: class path resource [static/index.html]
2026-06-30 17:43:07.049 [main] INFO  o.s.b.a.e.web.EndpointLinksResolver - Exposing 3 endpoints beneath base path '/actuator'
2026-06-30 17:43:07.081 [main] INFO  o.s.s.c.a.a.c.InitializeAuthenticationProviderBeanManagerConfigurer$InitializeAuthenticationProviderManagerConfigurer - Global AuthenticationManager configured with AuthenticationProvider bean with name authenticationProvider
2026-06-30 17:43:07.082 [main] WARN  o.s.s.c.a.a.c.InitializeUserDetailsBeanManagerConfigurer$InitializeUserDetailsManagerConfigurer - Global AuthenticationManager configured with an AuthenticationProvider bean. UserDetailsService beans will not be used by Spring Security for automatically configuring username/password login. Consider removing the AuthenticationProvider bean. Alternatively, consider using the UserDetailsService in a manually instantiated DaoAuthenticationProvider. If the current configuration is intentional, to turn off this warning, increase the logging level of 'org.springframework.security.config.annotation.authentication.configuration.InitializeUserDetailsBeanManagerConfigurer' to ERROR
2026-06-30 17:43:07.177 [main] DEBUG o.s.s.web.DefaultSecurityFilterChain - Will secure any request with filters: DisableEncodeUrlFilter, WebAsyncManagerIntegrationFilter, SecurityContextHolderFilter, HeaderWriterFilter, LogoutFilter, JwtAuthenticationFilter, UsernamePasswordAuthenticationFilter, RequestCacheAwareFilter, SecurityContextHolderAwareRequestFilter, AnonymousAuthenticationFilter, SessionManagementFilter, ExceptionTranslationFilter, AuthorizationFilter
2026-06-30 17:43:07.474 [main] INFO  o.a.coyote.http11.Http11NioProtocol - Starting ProtocolHandler ["http-nio-8080"]
2026-06-30 17:43:07.490 [main] INFO  o.s.b.w.e.tomcat.TomcatWebServer - Tomcat started on port 8080 (http) with context path '/'
2026-06-30 17:43:07.502 [main] INFO  c.i.i.IncidentManagementApplication - Started IncidentManagementApplication in 5.262 seconds (process running for 5.557)
2026-06-30 17:43:07.688 [http-nio-8080-exec-1] INFO  o.a.c.c.C.[Tomcat].[localhost].[/] - Initializing Spring DispatcherServlet 'dispatcherServlet'
2026-06-30 17:43:07.688 [http-nio-8080-exec-1] INFO  o.s.web.servlet.DispatcherServlet - Initializing Servlet 'dispatcherServlet'
2026-06-30 17:43:07.690 [http-nio-8080-exec-1] INFO  o.s.web.servlet.DispatcherServlet - Completed initialization in 1 ms
2026-06-30 17:43:07.710 [http-nio-8080-exec-1] DEBUG o.s.security.web.FilterChainProxy - Securing GET /tecnico/dashboard
2026-06-30 17:43:07.720 [http-nio-8080-exec-1] DEBUG o.s.s.w.a.AnonymousAuthenticationFilter - Set SecurityContextHolder to anonymous SecurityContext
2026-06-30 17:43:07.721 [http-nio-8080-exec-1] DEBUG o.s.s.w.s.SessionManagementFilter - Request requested invalid session id AC719A8D075C298B42DCE6CD6429CD45
2026-06-30 17:43:07.743 [http-nio-8080-exec-1] DEBUG o.s.s.w.s.HttpSessionRequestCache - Saved request http://localhost:8080/tecnico/dashboard?continue to session
2026-06-30 17:43:07.744 [http-nio-8080-exec-1] DEBUG o.s.s.web.DefaultRedirectStrategy - Redirecting to http://localhost:8080/login
2026-06-30 17:43:07.751 [http-nio-8080-exec-2] DEBUG o.s.security.web.FilterChainProxy - Securing GET /login
2026-06-30 17:43:07.752 [http-nio-8080-exec-2] DEBUG o.s.s.w.a.AnonymousAuthenticationFilter - Set SecurityContextHolder to anonymous SecurityContext
2026-06-30 17:43:07.754 [http-nio-8080-exec-2] DEBUG o.s.security.web.FilterChainProxy - Secured GET /login
2026-06-30 17:43:07.941 [http-nio-8080-exec-5] DEBUG o.s.security.web.FilterChainProxy - Securing GET /favicon.ico
2026-06-30 17:43:07.942 [http-nio-8080-exec-5] DEBUG o.s.s.w.a.AnonymousAuthenticationFilter - Set SecurityContextHolder to anonymous SecurityContext
2026-06-30 17:43:07.943 [http-nio-8080-exec-5] DEBUG o.s.s.web.DefaultRedirectStrategy - Redirecting to http://localhost:8080/login
2026-06-30 17:43:37.776 [http-nio-8080-exec-8] DEBUG o.s.security.web.FilterChainProxy - Securing POST /login
2026-06-30 17:43:37.899 [http-nio-8080-exec-8] DEBUG org.hibernate.SQL - 
    select
        u1_0.id,
        u1_0.created_at,
        u1_0.email,
        u1_0.nome,
        u1_0.password_hash,
        u1_0.role,
        u1_0.username 
    from
        utilizador u1_0 
    where
        u1_0.username=?
2026-06-30 17:43:37.974 [http-nio-8080-exec-8] DEBUG o.s.s.a.d.DaoAuthenticationProvider - Authenticated user
2026-06-30 17:43:37.975 [http-nio-8080-exec-8] DEBUG o.s.s.w.a.s.ChangeSessionIdAuthenticationStrategy - Changed session id from 1BAA6CEF133DFA31F2463D71CC846B44
2026-06-30 17:43:37.976 [http-nio-8080-exec-8] DEBUG o.s.s.w.c.HttpSessionSecurityContextRepository - Stored SecurityContextImpl [Authentication=UsernamePasswordAuthenticationToken [Principal=com.itsm.incidentmanagement.security.service.CustomUserDetails@56df34dd, Credentials=[PROTECTED], Authenticated=true, Details=WebAuthenticationDetails [RemoteIpAddress=0:0:0:0:0:0:0:1, SessionId=1BAA6CEF133DFA31F2463D71CC846B44], Granted Authorities=[ROLE_TECNICO]]] to HttpSession [org.apache.catalina.session.StandardSessionFacade@7cbc6782]
2026-06-30 17:43:37.976 [http-nio-8080-exec-8] DEBUG o.s.s.w.a.UsernamePasswordAuthenticationFilter - Set SecurityContextHolder to UsernamePasswordAuthenticationToken [Principal=com.itsm.incidentmanagement.security.service.CustomUserDetails@56df34dd, Credentials=[PROTECTED], Authenticated=true, Details=WebAuthenticationDetails [RemoteIpAddress=0:0:0:0:0:0:0:1, SessionId=1BAA6CEF133DFA31F2463D71CC846B44], Granted Authorities=[ROLE_TECNICO]]
2026-06-30 17:43:37.981 [http-nio-8080-exec-10] DEBUG o.s.security.web.FilterChainProxy - Securing GET /tecnico/dashboard
2026-06-30 17:43:37.982 [http-nio-8080-exec-10] DEBUG o.s.s.w.c.HttpSessionSecurityContextRepository - Retrieved SecurityContextImpl [Authentication=UsernamePasswordAuthenticationToken [Principal=com.itsm.incidentmanagement.security.service.CustomUserDetails@56df34dd, Credentials=[PROTECTED], Authenticated=true, Details=WebAuthenticationDetails [RemoteIpAddress=0:0:0:0:0:0:0:1, SessionId=1BAA6CEF133DFA31F2463D71CC846B44], Granted Authorities=[ROLE_TECNICO]]]
2026-06-30 17:43:37.983 [http-nio-8080-exec-10] DEBUG o.s.security.web.FilterChainProxy - Secured GET /tecnico/dashboard
2026-06-30 17:43:37.988 [http-nio-8080-exec-10] DEBUG org.hibernate.SQL - 
    select
        u1_0.id,
        u1_0.created_at,
        u1_0.email,
        u1_0.nome,
        u1_0.password_hash,
        u1_0.role,
        u1_0.username 
    from
        utilizador u1_0 
    where
        u1_0.username=?
2026-06-30 17:43:37.992 [http-nio-8080-exec-10] DEBUG org.hibernate.SQL - 
    select
        t1_0.id,
        t1_0.carga_trabalho_atual,
        t1_0.disponibilidade,
        t1_0.utilizador_id 
    from
        tecnico t1_0 
    left join
        utilizador u1_0 
            on u1_0.id=t1_0.utilizador_id 
    where
        u1_0.id=?
2026-06-30 17:43:37.994 [http-nio-8080-exec-10] DEBUG org.hibernate.SQL - 
    select
        c1_0.tecnico_id,
        c1_1.id,
        c1_1.nome 
    from
        tecnico_competencia c1_0 
    join
        competencia c1_1 
            on c1_1.id=c1_0.competencia_id 
    where
        c1_0.tecnico_id=?
2026-06-30 17:43:37.998 [http-nio-8080-exec-10] DEBUG org.hibernate.SQL - 
    select
        t1_0.id,
        t1_0.aberto_por_id,
        t1_0.ativo_id,
        t1_0.data_abertura,
        t1_0.data_fecho,
        t1_0.descricao,
        t1_0.estado,
        t1_0.prioridade,
        t1_0.tecnico_id,
        t1_0.tipo,
        t1_0.titulo 
    from
        ticket t1_0 
    left join
        tecnico t2_0 
            on t2_0.id=t1_0.tecnico_id 
    where
        t2_0.id=?
2026-06-30 17:43:38.128 [http-nio-8080-exec-6] DEBUG o.s.security.web.FilterChainProxy - Securing GET /favicon.ico
2026-06-30 17:43:38.130 [http-nio-8080-exec-6] DEBUG o.s.s.w.c.HttpSessionSecurityContextRepository - Retrieved SecurityContextImpl [Authentication=UsernamePasswordAuthenticationToken [Principal=com.itsm.incidentmanagement.security.service.CustomUserDetails@56df34dd, Credentials=[PROTECTED], Authenticated=true, Details=WebAuthenticationDetails [RemoteIpAddress=0:0:0:0:0:0:0:1, SessionId=1BAA6CEF133DFA31F2463D71CC846B44], Granted Authorities=[ROLE_TECNICO]]]
2026-06-30 17:43:38.131 [http-nio-8080-exec-6] DEBUG o.s.security.web.FilterChainProxy - Secured GET /favicon.ico
2026-06-30 17:43:41.102 [http-nio-8080-exec-7] DEBUG o.s.security.web.FilterChainProxy - Securing GET /tecnico/tickets
2026-06-30 17:43:41.103 [http-nio-8080-exec-7] DEBUG o.s.s.w.c.HttpSessionSecurityContextRepository - Retrieved SecurityContextImpl [Authentication=UsernamePasswordAuthenticationToken [Principal=com.itsm.incidentmanagement.security.service.CustomUserDetails@56df34dd, Credentials=[PROTECTED], Authenticated=true, Details=WebAuthenticationDetails [RemoteIpAddress=0:0:0:0:0:0:0:1, SessionId=1BAA6CEF133DFA31F2463D71CC846B44], Granted Authorities=[ROLE_TECNICO]]]
2026-06-30 17:43:41.103 [http-nio-8080-exec-7] DEBUG o.s.security.web.FilterChainProxy - Secured GET /tecnico/tickets
2026-06-30 17:43:41.132 [http-nio-8080-exec-4] DEBUG o.s.security.web.FilterChainProxy - Securing GET /favicon.ico
2026-06-30 17:43:41.133 [http-nio-8080-exec-4] DEBUG o.s.s.w.a.AnonymousAuthenticationFilter - Set SecurityContextHolder to anonymous SecurityContext
2026-06-30 17:43:41.134 [http-nio-8080-exec-4] DEBUG o.s.s.web.DefaultRedirectStrategy - Redirecting to http://localhost:8080/login
2026-06-30 17:43:41.149 [http-nio-8080-exec-9] DEBUG o.s.security.web.FilterChainProxy - Securing GET /login
2026-06-30 17:43:41.149 [http-nio-8080-exec-9] DEBUG o.s.s.w.a.AnonymousAuthenticationFilter - Set SecurityContextHolder to anonymous SecurityContext
2026-06-30 17:43:41.150 [http-nio-8080-exec-9] DEBUG o.s.security.web.FilterChainProxy - Secured GET /login
2026-06-30 17:44:30.319 [main] INFO  o.s.b.a.l.ConditionEvaluationReportLogger - 

Error starting ApplicationContext. To display the condition evaluation report re-run your application with 'debug' enabled.
2026-06-30 17:44:30.321 [SpringApplicationShutdownHook] INFO  o.s.b.w.e.tomcat.GracefulShutdown - Commencing graceful shutdown. Waiting for active requests to complete
2026-06-30 17:44:30.326 [tomcat-shutdown] INFO  o.s.b.w.e.tomcat.GracefulShutdown - Graceful shutdown complete
2026-06-30 17:44:30.333 [SpringApplicationShutdownHook] INFO  o.s.o.j.LocalContainerEntityManagerFactoryBean - Closing JPA EntityManagerFactory for persistence unit 'default'
2026-06-30 17:44:30.336 [SpringApplicationShutdownHook] INFO  com.zaxxer.hikari.HikariDataSource - HikariPool-1 - Shutdown initiated...
2026-06-30 17:44:30.338 [SpringApplicationShutdownHook] INFO  com.zaxxer.hikari.HikariDataSource - HikariPool-1 - Shutdown completed.
2026-06-30 17:44:30.337 [main] ERROR o.s.boot.SpringApplication - Application run failed
java.util.NoSuchElementException: No line found
	at java.base/java.util.Scanner.nextLine(Scanner.java:1660)
	at com.itsm.incidentmanagement.console.ConsoleApplication.run(ConsoleApplication.java:55)
	at org.springframework.boot.SpringApplication.lambda$callRunner$5(SpringApplication.java:788)
	at org.springframework.util.function.ThrowingConsumer$1.acceptWithException(ThrowingConsumer.java:82)
	at org.springframework.util.function.ThrowingConsumer.accept(ThrowingConsumer.java:60)
	at org.springframework.util.function.ThrowingConsumer$1.accept(ThrowingConsumer.java:86)
	at org.springframework.boot.SpringApplication.callRunner(SpringApplication.java:796)
	at org.springframework.boot.SpringApplication.callRunner(SpringApplication.java:787)
	at org.springframework.boot.SpringApplication.lambda$callRunners$3(SpringApplication.java:772)
	at java.base/java.util.stream.ForEachOps$ForEachOp$OfRef.accept(ForEachOps.java:184)
	at java.base/java.util.stream.SortedOps$SizedRefSortingSink.end(SortedOps.java:357)
	at java.base/java.util.stream.AbstractPipeline.copyInto(AbstractPipeline.java:510)
	at java.base/java.util.stream.AbstractPipeline.wrapAndCopyInto(AbstractPipeline.java:499)
	at java.base/java.util.stream.ForEachOps$ForEachOp.evaluateSequential(ForEachOps.java:151)
	at java.base/java.util.stream.ForEachOps$ForEachOp$OfRef.evaluateSequential(ForEachOps.java:174)
	at java.base/java.util.stream.AbstractPipeline.evaluate(AbstractPipeline.java:234)
	at java.base/java.util.stream.ReferencePipeline.forEach(ReferencePipeline.java:596)
	at org.springframework.boot.SpringApplication.callRunners(SpringApplication.java:772)
	at org.springframework.boot.SpringApplication.run(SpringApplication.java:325)
	at org.springframework.boot.SpringApplication.run(SpringApplication.java:1361)
	at org.springframework.boot.SpringApplication.run(SpringApplication.java:1350)
	at com.itsm.incidentmanagement.IncidentManagementApplication.main(IncidentManagementApplication.java:9)
2026-06-30 17:44:49.022 [background-preinit] INFO  o.h.validator.internal.util.Version - HV000001: Hibernate Validator 8.0.3.Final
2026-06-30 17:44:49.068 [main] INFO  c.i.i.IncidentManagementApplication - Starting IncidentManagementApplication using Java 21.0.10 with PID 14840 (C:\Users\Usuario\Documents\Tecnisign\UFCD 10790 – Projeto de Programação\incident-management\target\classes started by Usuario in C:\Users\Usuario\Documents\Tecnisign\UFCD 10790 – Projeto de Programação\incident-management)
2026-06-30 17:44:49.069 [main] DEBUG c.i.i.IncidentManagementApplication - Running with Spring Boot v3.5.14, Spring v6.2.18
2026-06-30 17:44:49.070 [main] INFO  c.i.i.IncidentManagementApplication - No active profile set, falling back to 1 default profile: "default"
2026-06-30 17:44:50.034 [main] INFO  o.s.d.r.c.RepositoryConfigurationDelegate - Bootstrapping Spring Data JPA repositories in DEFAULT mode.
2026-06-30 17:44:50.098 [main] INFO  o.s.d.r.c.RepositoryConfigurationDelegate - Finished Spring Data repository scanning in 55 ms. Found 5 JPA repository interfaces.
2026-06-30 17:44:50.570 [main] INFO  o.s.b.w.e.tomcat.TomcatWebServer - Tomcat initialized with port 8080 (http)
2026-06-30 17:44:50.582 [main] INFO  o.a.coyote.http11.Http11NioProtocol - Initializing ProtocolHandler ["http-nio-8080"]
2026-06-30 17:44:50.584 [main] INFO  o.a.catalina.core.StandardService - Starting service [Tomcat]
2026-06-30 17:44:50.585 [main] INFO  o.a.catalina.core.StandardEngine - Starting Servlet engine: [Apache Tomcat/10.1.54]
2026-06-30 17:44:50.640 [main] INFO  o.a.c.c.C.[Tomcat].[localhost].[/] - Initializing Spring embedded WebApplicationContext
2026-06-30 17:44:50.640 [main] INFO  o.s.b.w.s.c.ServletWebServerApplicationContext - Root WebApplicationContext: initialization completed in 1533 ms
2026-06-30 17:44:50.839 [main] INFO  o.h.jpa.internal.util.LogHelper - HHH000204: Processing PersistenceUnitInfo [name: default]
2026-06-30 17:44:50.887 [main] INFO  org.hibernate.Version - HHH000412: Hibernate ORM core version 6.6.49.Final
2026-06-30 17:44:50.918 [main] INFO  o.h.c.i.RegionFactoryInitiator - HHH000026: Second-level cache disabled
2026-06-30 17:44:51.158 [main] INFO  o.s.o.j.p.SpringPersistenceUnitInfo - No LoadTimeWeaver setup: ignoring JPA class transformer
2026-06-30 17:44:51.187 [main] INFO  com.zaxxer.hikari.HikariDataSource - HikariPool-1 - Starting...
2026-06-30 17:44:51.303 [main] INFO  com.zaxxer.hikari.pool.HikariPool - HikariPool-1 - Added connection org.postgresql.jdbc.PgConnection@625f5712
2026-06-30 17:44:51.305 [main] INFO  com.zaxxer.hikari.HikariDataSource - HikariPool-1 - Start completed.
2026-06-30 17:44:51.334 [main] WARN  org.hibernate.orm.deprecation - HHH90000025: PostgreSQLDialect does not need to be specified explicitly using 'hibernate.dialect' (remove the property setting and it will be selected by default)
2026-06-30 17:44:51.351 [main] INFO  o.hibernate.orm.connections.pooling - HHH10001005: Database info:
	Database JDBC URL [Connecting through datasource 'HikariDataSource (HikariPool-1)']
	Database driver: undefined/unknown
	Database version: 15.18
	Autocommit mode: undefined/unknown
	Isolation level: undefined/unknown
	Minimum pool size: undefined/unknown
	Maximum pool size: undefined/unknown
2026-06-30 17:44:52.242 [main] INFO  o.h.e.t.j.p.i.JtaPlatformInitiator - HHH000489: No JTA platform available (set 'hibernate.transaction.jta.platform' to enable JTA platform integration)
2026-06-30 17:44:52.369 [main] INFO  o.s.o.j.LocalContainerEntityManagerFactoryBean - Initialized JPA EntityManagerFactory for persistence unit 'default'
2026-06-30 17:44:52.620 [main] DEBUG c.i.i.s.f.JwtAuthenticationFilter - Filter 'jwtAuthenticationFilter' configured for use
2026-06-30 17:44:52.773 [main] DEBUG org.hibernate.SQL - 
    select
        t1_0.id,
        t1_0.carga_trabalho_atual,
        t1_0.disponibilidade,
        t1_0.utilizador_id 
    from
        tecnico t1_0
2026-06-30 17:44:52.800 [main] DEBUG org.hibernate.SQL - 
    select
        u1_0.id,
        u1_0.created_at,
        u1_0.email,
        u1_0.nome,
        u1_0.password_hash,
        u1_0.role,
        u1_0.username 
    from
        utilizador u1_0 
    where
        u1_0.id=?
2026-06-30 17:44:52.809 [main] DEBUG org.hibernate.SQL - 
    select
        u1_0.id,
        u1_0.created_at,
        u1_0.email,
        u1_0.nome,
        u1_0.password_hash,
        u1_0.role,
        u1_0.username 
    from
        utilizador u1_0 
    where
        u1_0.id=?
2026-06-30 17:44:52.810 [main] DEBUG org.hibernate.SQL - 
    select
        u1_0.id,
        u1_0.created_at,
        u1_0.email,
        u1_0.nome,
        u1_0.password_hash,
        u1_0.role,
        u1_0.username 
    from
        utilizador u1_0 
    where
        u1_0.id=?
2026-06-30 17:44:52.814 [main] DEBUG org.hibernate.SQL - 
    select
        c1_0.tecnico_id,
        c1_1.id,
        c1_1.nome 
    from
        tecnico_competencia c1_0 
    join
        competencia c1_1 
            on c1_1.id=c1_0.competencia_id 
    where
        c1_0.tecnico_id=?
2026-06-30 17:44:52.818 [main] DEBUG org.hibernate.SQL - 
    select
        c1_0.tecnico_id,
        c1_1.id,
        c1_1.nome 
    from
        tecnico_competencia c1_0 
    join
        competencia c1_1 
            on c1_1.id=c1_0.competencia_id 
    where
        c1_0.tecnico_id=?
2026-06-30 17:44:52.820 [main] DEBUG org.hibernate.SQL - 
    select
        c1_0.tecnico_id,
        c1_1.id,
        c1_1.nome 
    from
        tecnico_competencia c1_0 
    join
        competencia c1_1 
            on c1_1.id=c1_0.competencia_id 
    where
        c1_0.tecnico_id=?
2026-06-30 17:44:52.836 [main] DEBUG org.hibernate.SQL - 
    select
        t1_0.id,
        t1_0.aberto_por_id,
        t1_0.ativo_id,
        t1_0.data_abertura,
        t1_0.data_fecho,
        t1_0.descricao,
        t1_0.estado,
        t1_0.prioridade,
        t1_0.tecnico_id,
        t1_0.tipo,
        t1_0.titulo 
    from
        ticket t1_0
2026-06-30 17:44:53.006 [main] WARN  o.s.b.a.o.j.JpaBaseConfiguration$JpaWebConfiguration - spring.jpa.open-in-view is enabled by default. Therefore, database queries may be performed during view rendering. Explicitly configure spring.jpa.open-in-view to disable this warning
2026-06-30 17:44:53.029 [main] INFO  o.s.b.a.w.s.WelcomePageHandlerMapping - Adding welcome page: class path resource [static/index.html]
2026-06-30 17:44:53.262 [main] INFO  o.s.b.a.e.web.EndpointLinksResolver - Exposing 3 endpoints beneath base path '/actuator'
2026-06-30 17:44:53.292 [main] INFO  o.s.s.c.a.a.c.InitializeAuthenticationProviderBeanManagerConfigurer$InitializeAuthenticationProviderManagerConfigurer - Global AuthenticationManager configured with AuthenticationProvider bean with name authenticationProvider
2026-06-30 17:44:53.293 [main] WARN  o.s.s.c.a.a.c.InitializeUserDetailsBeanManagerConfigurer$InitializeUserDetailsManagerConfigurer - Global AuthenticationManager configured with an AuthenticationProvider bean. UserDetailsService beans will not be used by Spring Security for automatically configuring username/password login. Consider removing the AuthenticationProvider bean. Alternatively, consider using the UserDetailsService in a manually instantiated DaoAuthenticationProvider. If the current configuration is intentional, to turn off this warning, increase the logging level of 'org.springframework.security.config.annotation.authentication.configuration.InitializeUserDetailsBeanManagerConfigurer' to ERROR
2026-06-30 17:44:53.388 [main] DEBUG o.s.s.web.DefaultSecurityFilterChain - Will secure any request with filters: DisableEncodeUrlFilter, WebAsyncManagerIntegrationFilter, SecurityContextHolderFilter, HeaderWriterFilter, LogoutFilter, JwtAuthenticationFilter, UsernamePasswordAuthenticationFilter, RequestCacheAwareFilter, SecurityContextHolderAwareRequestFilter, AnonymousAuthenticationFilter, SessionManagementFilter, ExceptionTranslationFilter, AuthorizationFilter
2026-06-30 17:44:53.678 [main] INFO  o.a.coyote.http11.Http11NioProtocol - Starting ProtocolHandler ["http-nio-8080"]
2026-06-30 17:44:53.695 [main] INFO  o.s.b.w.e.tomcat.TomcatWebServer - Tomcat started on port 8080 (http) with context path '/'
2026-06-30 17:44:53.706 [main] INFO  c.i.i.IncidentManagementApplication - Started IncidentManagementApplication in 5.16 seconds (process running for 5.452)
2026-06-30 17:44:56.367 [http-nio-8080-exec-1] INFO  o.a.c.c.C.[Tomcat].[localhost].[/] - Initializing Spring DispatcherServlet 'dispatcherServlet'
2026-06-30 17:44:56.367 [http-nio-8080-exec-1] INFO  o.s.web.servlet.DispatcherServlet - Initializing Servlet 'dispatcherServlet'
2026-06-30 17:44:56.369 [http-nio-8080-exec-1] INFO  o.s.web.servlet.DispatcherServlet - Completed initialization in 2 ms
2026-06-30 17:44:56.394 [http-nio-8080-exec-1] DEBUG o.s.security.web.FilterChainProxy - Securing GET /tecnico/dashboard
2026-06-30 17:44:56.413 [http-nio-8080-exec-1] DEBUG o.s.s.w.a.AnonymousAuthenticationFilter - Set SecurityContextHolder to anonymous SecurityContext
2026-06-30 17:44:56.413 [http-nio-8080-exec-1] DEBUG o.s.s.w.s.SessionManagementFilter - Request requested invalid session id 5ED3E49912D03EF835CA347D223B2F42
2026-06-30 17:44:56.444 [http-nio-8080-exec-1] DEBUG o.s.s.w.s.HttpSessionRequestCache - Saved request http://localhost:8080/tecnico/dashboard?continue to session
2026-06-30 17:44:56.445 [http-nio-8080-exec-1] DEBUG o.s.s.web.DefaultRedirectStrategy - Redirecting to http://localhost:8080/login
2026-06-30 17:44:56.453 [http-nio-8080-exec-2] DEBUG o.s.security.web.FilterChainProxy - Securing GET /login
2026-06-30 17:44:56.454 [http-nio-8080-exec-2] DEBUG o.s.s.w.a.AnonymousAuthenticationFilter - Set SecurityContextHolder to anonymous SecurityContext
2026-06-30 17:44:56.457 [http-nio-8080-exec-2] DEBUG o.s.security.web.FilterChainProxy - Secured GET /login
2026-06-30 17:44:56.708 [http-nio-8080-exec-3] DEBUG o.s.security.web.FilterChainProxy - Securing GET /favicon.ico
2026-06-30 17:44:56.709 [http-nio-8080-exec-3] DEBUG o.s.s.w.a.AnonymousAuthenticationFilter - Set SecurityContextHolder to anonymous SecurityContext
2026-06-30 17:44:56.711 [http-nio-8080-exec-3] DEBUG o.s.s.web.DefaultRedirectStrategy - Redirecting to http://localhost:8080/login
2026-06-30 17:45:08.475 [http-nio-8080-exec-7] DEBUG o.s.security.web.FilterChainProxy - Securing POST /login
2026-06-30 17:45:08.605 [http-nio-8080-exec-7] DEBUG org.hibernate.SQL - 
    select
        u1_0.id,
        u1_0.created_at,
        u1_0.email,
        u1_0.nome,
        u1_0.password_hash,
        u1_0.role,
        u1_0.username 
    from
        utilizador u1_0 
    where
        u1_0.username=?
2026-06-30 17:45:08.678 [http-nio-8080-exec-7] DEBUG o.s.s.a.d.DaoAuthenticationProvider - Authenticated user
2026-06-30 17:45:08.680 [http-nio-8080-exec-7] DEBUG o.s.s.w.a.s.ChangeSessionIdAuthenticationStrategy - Changed session id from C51E038947DCC650A31A054AE198AC1C
2026-06-30 17:45:08.681 [http-nio-8080-exec-7] DEBUG o.s.s.w.c.HttpSessionSecurityContextRepository - Stored SecurityContextImpl [Authentication=UsernamePasswordAuthenticationToken [Principal=com.itsm.incidentmanagement.security.service.CustomUserDetails@4abad7af, Credentials=[PROTECTED], Authenticated=true, Details=WebAuthenticationDetails [RemoteIpAddress=127.0.0.1, SessionId=C51E038947DCC650A31A054AE198AC1C], Granted Authorities=[ROLE_TECNICO]]] to HttpSession [org.apache.catalina.session.StandardSessionFacade@21ece815]
2026-06-30 17:45:08.681 [http-nio-8080-exec-7] DEBUG o.s.s.w.a.UsernamePasswordAuthenticationFilter - Set SecurityContextHolder to UsernamePasswordAuthenticationToken [Principal=com.itsm.incidentmanagement.security.service.CustomUserDetails@4abad7af, Credentials=[PROTECTED], Authenticated=true, Details=WebAuthenticationDetails [RemoteIpAddress=127.0.0.1, SessionId=C51E038947DCC650A31A054AE198AC1C], Granted Authorities=[ROLE_TECNICO]]
2026-06-30 17:45:08.685 [http-nio-8080-exec-5] DEBUG o.s.security.web.FilterChainProxy - Securing GET /tecnico/dashboard
2026-06-30 17:45:08.686 [http-nio-8080-exec-5] DEBUG o.s.s.w.c.HttpSessionSecurityContextRepository - Retrieved SecurityContextImpl [Authentication=UsernamePasswordAuthenticationToken [Principal=com.itsm.incidentmanagement.security.service.CustomUserDetails@4abad7af, Credentials=[PROTECTED], Authenticated=true, Details=WebAuthenticationDetails [RemoteIpAddress=127.0.0.1, SessionId=C51E038947DCC650A31A054AE198AC1C], Granted Authorities=[ROLE_TECNICO]]]
2026-06-30 17:45:08.687 [http-nio-8080-exec-5] DEBUG o.s.security.web.FilterChainProxy - Secured GET /tecnico/dashboard
2026-06-30 17:45:08.691 [http-nio-8080-exec-5] DEBUG org.hibernate.SQL - 
    select
        u1_0.id,
        u1_0.created_at,
        u1_0.email,
        u1_0.nome,
        u1_0.password_hash,
        u1_0.role,
        u1_0.username 
    from
        utilizador u1_0 
    where
        u1_0.username=?
2026-06-30 17:45:08.694 [http-nio-8080-exec-5] DEBUG org.hibernate.SQL - 
    select
        t1_0.id,
        t1_0.carga_trabalho_atual,
        t1_0.disponibilidade,
        t1_0.utilizador_id 
    from
        tecnico t1_0 
    left join
        utilizador u1_0 
            on u1_0.id=t1_0.utilizador_id 
    where
        u1_0.id=?
2026-06-30 17:45:08.697 [http-nio-8080-exec-5] DEBUG org.hibernate.SQL - 
    select
        c1_0.tecnico_id,
        c1_1.id,
        c1_1.nome 
    from
        tecnico_competencia c1_0 
    join
        competencia c1_1 
            on c1_1.id=c1_0.competencia_id 
    where
        c1_0.tecnico_id=?
2026-06-30 17:45:08.701 [http-nio-8080-exec-5] DEBUG org.hibernate.SQL - 
    select
        t1_0.id,
        t1_0.aberto_por_id,
        t1_0.ativo_id,
        t1_0.data_abertura,
        t1_0.data_fecho,
        t1_0.descricao,
        t1_0.estado,
        t1_0.prioridade,
        t1_0.tecnico_id,
        t1_0.tipo,
        t1_0.titulo 
    from
        ticket t1_0 
    left join
        tecnico t2_0 
            on t2_0.id=t1_0.tecnico_id 
    where
        t2_0.id=?
2026-06-30 17:45:08.812 [http-nio-8080-exec-6] DEBUG o.s.security.web.FilterChainProxy - Securing GET /login
2026-06-30 17:45:08.813 [http-nio-8080-exec-6] DEBUG o.s.security.web.FilterChainProxy - Secured GET /login
2026-06-30 17:45:08.818 [http-nio-8080-exec-6] DEBUG o.s.s.w.c.HttpSessionSecurityContextRepository - Retrieved SecurityContextImpl [Authentication=UsernamePasswordAuthenticationToken [Principal=com.itsm.incidentmanagement.security.service.CustomUserDetails@4abad7af, Credentials=[PROTECTED], Authenticated=true, Details=WebAuthenticationDetails [RemoteIpAddress=127.0.0.1, SessionId=C51E038947DCC650A31A054AE198AC1C], Granted Authorities=[ROLE_TECNICO]]]
2026-06-30 17:45:10.350 [http-nio-8080-exec-4] DEBUG o.s.security.web.FilterChainProxy - Securing GET /tecnico/tickets
2026-06-30 17:45:10.351 [http-nio-8080-exec-4] DEBUG o.s.s.w.c.HttpSessionSecurityContextRepository - Retrieved SecurityContextImpl [Authentication=UsernamePasswordAuthenticationToken [Principal=com.itsm.incidentmanagement.security.service.CustomUserDetails@4abad7af, Credentials=[PROTECTED], Authenticated=true, Details=WebAuthenticationDetails [RemoteIpAddress=127.0.0.1, SessionId=C51E038947DCC650A31A054AE198AC1C], Granted Authorities=[ROLE_TECNICO]]]
2026-06-30 17:45:10.351 [http-nio-8080-exec-4] DEBUG o.s.security.web.FilterChainProxy - Secured GET /tecnico/tickets
2026-06-30 17:45:10.354 [http-nio-8080-exec-4] DEBUG org.hibernate.SQL - 
    select
        u1_0.id,
        u1_0.created_at,
        u1_0.email,
        u1_0.nome,
        u1_0.password_hash,
        u1_0.role,
        u1_0.username 
    from
        utilizador u1_0 
    where
        u1_0.username=?
2026-06-30 17:45:10.358 [http-nio-8080-exec-4] DEBUG org.hibernate.SQL - 
    select
        t1_0.id,
        t1_0.carga_trabalho_atual,
        t1_0.disponibilidade,
        t1_0.utilizador_id 
    from
        tecnico t1_0 
    left join
        utilizador u1_0 
            on u1_0.id=t1_0.utilizador_id 
    where
        u1_0.id=?
2026-06-30 17:45:10.359 [http-nio-8080-exec-4] DEBUG org.hibernate.SQL - 
    select
        c1_0.tecnico_id,
        c1_1.id,
        c1_1.nome 
    from
        tecnico_competencia c1_0 
    join
        competencia c1_1 
            on c1_1.id=c1_0.competencia_id 
    where
        c1_0.tecnico_id=?
2026-06-30 17:45:10.363 [http-nio-8080-exec-4] DEBUG org.hibernate.SQL - 
    select
        t1_0.id,
        t1_0.aberto_por_id,
        t1_0.ativo_id,
        t1_0.data_abertura,
        t1_0.data_fecho,
        t1_0.descricao,
        t1_0.estado,
        t1_0.prioridade,
        t1_0.tecnico_id,
        t1_0.tipo,
        t1_0.titulo 
    from
        ticket t1_0 
    left join
        tecnico t2_0 
            on t2_0.id=t1_0.tecnico_id 
    where
        t2_0.id=?
2026-06-30 17:45:10.390 [http-nio-8080-exec-8] DEBUG o.s.security.web.FilterChainProxy - Securing GET /favicon.ico
2026-06-30 17:45:10.391 [http-nio-8080-exec-8] DEBUG o.s.s.w.c.HttpSessionSecurityContextRepository - Retrieved SecurityContextImpl [Authentication=UsernamePasswordAuthenticationToken [Principal=com.itsm.incidentmanagement.security.service.CustomUserDetails@4abad7af, Credentials=[PROTECTED], Authenticated=true, Details=WebAuthenticationDetails [RemoteIpAddress=127.0.0.1, SessionId=C51E038947DCC650A31A054AE198AC1C], Granted Authorities=[ROLE_TECNICO]]]
2026-06-30 17:45:10.392 [http-nio-8080-exec-8] DEBUG o.s.security.web.FilterChainProxy - Secured GET /favicon.ico
2026-06-30 17:46:20.876 [http-nio-8080-exec-9] DEBUG o.s.security.web.FilterChainProxy - Securing GET /logout
2026-06-30 17:46:20.877 [http-nio-8080-exec-9] DEBUG o.s.s.w.c.HttpSessionSecurityContextRepository - Retrieved SecurityContextImpl [Authentication=UsernamePasswordAuthenticationToken [Principal=com.itsm.incidentmanagement.security.service.CustomUserDetails@4abad7af, Credentials=[PROTECTED], Authenticated=true, Details=WebAuthenticationDetails [RemoteIpAddress=127.0.0.1, SessionId=C51E038947DCC650A31A054AE198AC1C], Granted Authorities=[ROLE_TECNICO]]]
2026-06-30 17:46:20.877 [http-nio-8080-exec-9] DEBUG o.s.s.w.a.logout.LogoutFilter - Logging out [UsernamePasswordAuthenticationToken [Principal=com.itsm.incidentmanagement.security.service.CustomUserDetails@4abad7af, Credentials=[PROTECTED], Authenticated=true, Details=WebAuthenticationDetails [RemoteIpAddress=127.0.0.1, SessionId=C51E038947DCC650A31A054AE198AC1C], Granted Authorities=[ROLE_TECNICO]]]
2026-06-30 17:46:20.878 [http-nio-8080-exec-9] DEBUG o.s.s.w.a.l.SecurityContextLogoutHandler - Invalidated session 40C227F1DAAF641689A91AF1398D66A5
2026-06-30 17:46:20.879 [http-nio-8080-exec-9] DEBUG o.s.s.web.DefaultRedirectStrategy - Redirecting to /login?logout=true
2026-06-30 17:46:20.885 [http-nio-8080-exec-10] DEBUG o.s.security.web.FilterChainProxy - Securing GET /login?logout=true
2026-06-30 17:46:20.892 [http-nio-8080-exec-10] DEBUG o.s.s.w.a.AnonymousAuthenticationFilter - Set SecurityContextHolder to anonymous SecurityContext
2026-06-30 17:46:20.893 [http-nio-8080-exec-10] DEBUG o.s.security.web.FilterChainProxy - Secured GET /login?logout=true
2026-06-30 17:46:20.927 [http-nio-8080-exec-1] DEBUG o.s.security.web.FilterChainProxy - Securing GET /favicon.ico
2026-06-30 17:46:20.927 [http-nio-8080-exec-1] DEBUG o.s.s.w.a.AnonymousAuthenticationFilter - Set SecurityContextHolder to anonymous SecurityContext
2026-06-30 17:46:20.928 [http-nio-8080-exec-1] DEBUG o.s.s.web.DefaultRedirectStrategy - Redirecting to http://localhost:8080/login
2026-06-30 17:46:20.933 [http-nio-8080-exec-2] DEBUG o.s.security.web.FilterChainProxy - Securing GET /login
2026-06-30 17:46:20.934 [http-nio-8080-exec-2] DEBUG o.s.s.w.a.AnonymousAuthenticationFilter - Set SecurityContextHolder to anonymous SecurityContext
2026-06-30 17:46:20.934 [http-nio-8080-exec-2] DEBUG o.s.security.web.FilterChainProxy - Secured GET /login
2026-06-30 17:46:23.816 [http-nio-8080-exec-3] DEBUG o.s.security.web.FilterChainProxy - Securing POST /login
2026-06-30 17:46:23.818 [http-nio-8080-exec-3] DEBUG org.hibernate.SQL - 
    select
        u1_0.id,
        u1_0.created_at,
        u1_0.email,
        u1_0.nome,
        u1_0.password_hash,
        u1_0.role,
        u1_0.username 
    from
        utilizador u1_0 
    where
        u1_0.username=?
2026-06-30 17:46:23.892 [http-nio-8080-exec-3] DEBUG o.s.s.a.d.DaoAuthenticationProvider - Authenticated user
2026-06-30 17:46:23.893 [http-nio-8080-exec-3] DEBUG o.s.s.w.c.HttpSessionSecurityContextRepository - Stored SecurityContextImpl [Authentication=UsernamePasswordAuthenticationToken [Principal=com.itsm.incidentmanagement.security.service.CustomUserDetails@483d32b7, Credentials=[PROTECTED], Authenticated=true, Details=WebAuthenticationDetails [RemoteIpAddress=127.0.0.1, SessionId=null], Granted Authorities=[ROLE_ADMIN]]] to HttpSession [org.apache.catalina.session.StandardSessionFacade@2de98]
2026-06-30 17:46:23.893 [http-nio-8080-exec-3] DEBUG o.s.s.w.a.UsernamePasswordAuthenticationFilter - Set SecurityContextHolder to UsernamePasswordAuthenticationToken [Principal=com.itsm.incidentmanagement.security.service.CustomUserDetails@483d32b7, Credentials=[PROTECTED], Authenticated=true, Details=WebAuthenticationDetails [RemoteIpAddress=127.0.0.1, SessionId=null], Granted Authorities=[ROLE_ADMIN]]
2026-06-30 17:46:23.897 [http-nio-8080-exec-7] DEBUG o.s.security.web.FilterChainProxy - Securing GET /admin/dashboard
2026-06-30 17:46:23.898 [http-nio-8080-exec-7] DEBUG o.s.s.w.c.HttpSessionSecurityContextRepository - Retrieved SecurityContextImpl [Authentication=UsernamePasswordAuthenticationToken [Principal=com.itsm.incidentmanagement.security.service.CustomUserDetails@483d32b7, Credentials=[PROTECTED], Authenticated=true, Details=WebAuthenticationDetails [RemoteIpAddress=127.0.0.1, SessionId=null], Granted Authorities=[ROLE_ADMIN]]]
2026-06-30 17:46:23.898 [http-nio-8080-exec-7] DEBUG o.s.security.web.FilterChainProxy - Secured GET /admin/dashboard
2026-06-30 17:46:23.900 [http-nio-8080-exec-7] DEBUG org.hibernate.SQL - 
    select
        t1_0.id,
        t1_0.aberto_por_id,
        t1_0.ativo_id,
        t1_0.data_abertura,
        t1_0.data_fecho,
        t1_0.descricao,
        t1_0.estado,
        t1_0.prioridade,
        t1_0.tecnico_id,
        t1_0.tipo,
        t1_0.titulo 
    from
        ticket t1_0
2026-06-30 17:46:23.904 [http-nio-8080-exec-7] DEBUG org.hibernate.SQL - 
    select
        t1_0.id,
        t1_0.aberto_por_id,
        t1_0.ativo_id,
        t1_0.data_abertura,
        t1_0.data_fecho,
        t1_0.descricao,
        t1_0.estado,
        t1_0.prioridade,
        t1_0.tecnico_id,
        t1_0.tipo,
        t1_0.titulo 
    from
        ticket t1_0 
    where
        t1_0.estado=?
2026-06-30 17:46:23.907 [http-nio-8080-exec-7] DEBUG org.hibernate.SQL - 
    select
        t1_0.id,
        t1_0.carga_trabalho_atual,
        t1_0.disponibilidade,
        t1_0.utilizador_id 
    from
        tecnico t1_0
2026-06-30 17:46:23.908 [http-nio-8080-exec-7] DEBUG org.hibernate.SQL - 
    select
        u1_0.id,
        u1_0.created_at,
        u1_0.email,
        u1_0.nome,
        u1_0.password_hash,
        u1_0.role,
        u1_0.username 
    from
        utilizador u1_0 
    where
        u1_0.id=?
2026-06-30 17:46:23.910 [http-nio-8080-exec-7] DEBUG org.hibernate.SQL - 
    select
        u1_0.id,
        u1_0.created_at,
        u1_0.email,
        u1_0.nome,
        u1_0.password_hash,
        u1_0.role,
        u1_0.username 
    from
        utilizador u1_0 
    where
        u1_0.id=?
2026-06-30 17:46:23.911 [http-nio-8080-exec-7] DEBUG org.hibernate.SQL - 
    select
        u1_0.id,
        u1_0.created_at,
        u1_0.email,
        u1_0.nome,
        u1_0.password_hash,
        u1_0.role,
        u1_0.username 
    from
        utilizador u1_0 
    where
        u1_0.id=?
2026-06-30 17:46:23.913 [http-nio-8080-exec-7] DEBUG org.hibernate.SQL - 
    select
        c1_0.tecnico_id,
        c1_1.id,
        c1_1.nome 
    from
        tecnico_competencia c1_0 
    join
        competencia c1_1 
            on c1_1.id=c1_0.competencia_id 
    where
        c1_0.tecnico_id=?
2026-06-30 17:46:23.915 [http-nio-8080-exec-7] DEBUG org.hibernate.SQL - 
    select
        c1_0.tecnico_id,
        c1_1.id,
        c1_1.nome 
    from
        tecnico_competencia c1_0 
    join
        competencia c1_1 
            on c1_1.id=c1_0.competencia_id 
    where
        c1_0.tecnico_id=?
2026-06-30 17:46:23.917 [http-nio-8080-exec-7] DEBUG org.hibernate.SQL - 
    select
        c1_0.tecnico_id,
        c1_1.id,
        c1_1.nome 
    from
        tecnico_competencia c1_0 
    join
        competencia c1_1 
            on c1_1.id=c1_0.competencia_id 
    where
        c1_0.tecnico_id=?
2026-06-30 17:46:23.921 [http-nio-8080-exec-7] DEBUG org.hibernate.SQL - 
    select
        u1_0.id,
        u1_0.created_at,
        u1_0.email,
        u1_0.nome,
        u1_0.password_hash,
        u1_0.role,
        u1_0.username 
    from
        utilizador u1_0
2026-06-30 17:46:23.926 [http-nio-8080-exec-7] DEBUG org.hibernate.SQL - 
    select
        t1_0.id,
        t1_0.aberto_por_id,
        t1_0.ativo_id,
        t1_0.data_abertura,
        t1_0.data_fecho,
        t1_0.descricao,
        t1_0.estado,
        t1_0.prioridade,
        t1_0.tecnico_id,
        t1_0.tipo,
        t1_0.titulo 
    from
        ticket t1_0
2026-06-30 17:46:23.971 [http-nio-8080-exec-5] DEBUG o.s.security.web.FilterChainProxy - Securing GET /favicon.ico
2026-06-30 17:46:23.971 [http-nio-8080-exec-5] DEBUG o.s.s.w.c.HttpSessionSecurityContextRepository - Retrieved SecurityContextImpl [Authentication=UsernamePasswordAuthenticationToken [Principal=com.itsm.incidentmanagement.security.service.CustomUserDetails@483d32b7, Credentials=[PROTECTED], Authenticated=true, Details=WebAuthenticationDetails [RemoteIpAddress=127.0.0.1, SessionId=null], Granted Authorities=[ROLE_ADMIN]]]
2026-06-30 17:46:23.972 [http-nio-8080-exec-5] DEBUG o.s.security.web.FilterChainProxy - Secured GET /favicon.ico
2026-06-30 17:46:40.106 [http-nio-8080-exec-8] DEBUG o.s.security.web.FilterChainProxy - Securing POST /api/auth/login
2026-06-30 17:46:40.106 [http-nio-8080-exec-8] DEBUG o.s.s.w.a.AnonymousAuthenticationFilter - Set SecurityContextHolder to anonymous SecurityContext
2026-06-30 17:46:40.107 [http-nio-8080-exec-8] DEBUG o.s.s.w.s.SessionManagementFilter - Request requested invalid session id E58C304F39FF49D116D29763754A264F
2026-06-30 17:46:40.107 [http-nio-8080-exec-8] DEBUG o.s.security.web.FilterChainProxy - Secured POST /api/auth/login
2026-06-30 17:46:40.108 [http-nio-8080-exec-8] INFO  c.i.i.config.LoggingInterceptor - 📥 Requisição recebida: POST /api/auth/login | IP: 0:0:0:0:0:0:0:1
2026-06-30 17:46:40.137 [http-nio-8080-exec-8] DEBUG org.hibernate.SQL - 
    select
        u1_0.id,
        u1_0.created_at,
        u1_0.email,
        u1_0.nome,
        u1_0.password_hash,
        u1_0.role,
        u1_0.username 
    from
        utilizador u1_0 
    where
        u1_0.username=?
2026-06-30 17:46:40.298 [http-nio-8080-exec-8] INFO  c.i.i.config.LoggingInterceptor - 📤 Resposta enviada: POST /api/auth/login | Status: 200
2026-06-30 17:47:15.273 [http-nio-8080-exec-9] DEBUG o.s.security.web.FilterChainProxy - Securing POST /api/tickets
2026-06-30 17:47:15.274 [http-nio-8080-exec-9] DEBUG o.s.s.w.a.AnonymousAuthenticationFilter - Set SecurityContextHolder to anonymous SecurityContext
2026-06-30 17:47:15.274 [http-nio-8080-exec-9] DEBUG o.s.s.w.s.SessionManagementFilter - Request requested invalid session id E58C304F39FF49D116D29763754A264F
2026-06-30 17:47:15.276 [http-nio-8080-exec-9] DEBUG o.s.s.w.s.HttpSessionRequestCache - Saved request http://localhost:8080/api/tickets?continue to session
2026-06-30 17:47:15.277 [http-nio-8080-exec-9] DEBUG o.s.s.web.DefaultRedirectStrategy - Redirecting to http://localhost:8080/login
2026-06-30 17:47:15.294 [http-nio-8080-exec-10] DEBUG o.s.security.web.FilterChainProxy - Securing GET /login
2026-06-30 17:47:15.295 [http-nio-8080-exec-10] DEBUG o.s.s.w.a.AnonymousAuthenticationFilter - Set SecurityContextHolder to anonymous SecurityContext
2026-06-30 17:47:15.296 [http-nio-8080-exec-10] DEBUG o.s.security.web.FilterChainProxy - Secured GET /login
2026-06-30 17:47:32.997 [http-nio-8080-exec-1] DEBUG o.s.security.web.FilterChainProxy - Securing POST /api/tickets
2026-06-30 17:47:32.998 [http-nio-8080-exec-1] DEBUG o.s.s.w.a.AnonymousAuthenticationFilter - Set SecurityContextHolder to anonymous SecurityContext
2026-06-30 17:47:32.999 [http-nio-8080-exec-1] DEBUG o.s.s.w.s.HttpSessionRequestCache - Saved request http://localhost:8080/api/tickets?continue to session
2026-06-30 17:47:32.999 [http-nio-8080-exec-1] DEBUG o.s.s.web.DefaultRedirectStrategy - Redirecting to http://localhost:8080/login
2026-06-30 17:47:33.001 [http-nio-8080-exec-2] DEBUG o.s.security.web.FilterChainProxy - Securing GET /login
2026-06-30 17:47:33.002 [http-nio-8080-exec-2] DEBUG o.s.s.w.a.AnonymousAuthenticationFilter - Set SecurityContextHolder to anonymous SecurityContext
2026-06-30 17:47:33.002 [http-nio-8080-exec-2] DEBUG o.s.security.web.FilterChainProxy - Secured GET /login
2026-06-30 17:47:45.530 [http-nio-8080-exec-3] DEBUG o.s.security.web.FilterChainProxy - Securing GET /tecnico/dashboard
2026-06-30 17:47:45.531 [http-nio-8080-exec-3] DEBUG o.s.s.w.c.HttpSessionSecurityContextRepository - Retrieved SecurityContextImpl [Authentication=UsernamePasswordAuthenticationToken [Principal=com.itsm.incidentmanagement.security.service.CustomUserDetails@483d32b7, Credentials=[PROTECTED], Authenticated=true, Details=WebAuthenticationDetails [RemoteIpAddress=127.0.0.1, SessionId=null], Granted Authorities=[ROLE_ADMIN]]]
2026-06-30 17:47:45.531 [http-nio-8080-exec-3] DEBUG o.s.s.w.a.AccessDeniedHandlerImpl - Responding with 403 status code
2026-06-30 17:47:45.537 [http-nio-8080-exec-3] DEBUG o.s.security.web.FilterChainProxy - Securing GET /error
2026-06-30 17:47:45.538 [http-nio-8080-exec-3] DEBUG o.s.s.w.c.HttpSessionSecurityContextRepository - Retrieved SecurityContextImpl [Authentication=UsernamePasswordAuthenticationToken [Principal=com.itsm.incidentmanagement.security.service.CustomUserDetails@483d32b7, Credentials=[PROTECTED], Authenticated=true, Details=WebAuthenticationDetails [RemoteIpAddress=127.0.0.1, SessionId=null], Granted Authorities=[ROLE_ADMIN]]]
2026-06-30 17:47:45.539 [http-nio-8080-exec-3] DEBUG o.s.security.web.FilterChainProxy - Secured GET /error
2026-06-30 17:47:45.567 [http-nio-8080-exec-7] DEBUG o.s.security.web.FilterChainProxy - Securing GET /favicon.ico
2026-06-30 17:47:45.568 [http-nio-8080-exec-7] DEBUG o.s.s.w.c.HttpSessionSecurityContextRepository - Retrieved SecurityContextImpl [Authentication=UsernamePasswordAuthenticationToken [Principal=com.itsm.incidentmanagement.security.service.CustomUserDetails@483d32b7, Credentials=[PROTECTED], Authenticated=true, Details=WebAuthenticationDetails [RemoteIpAddress=127.0.0.1, SessionId=null], Granted Authorities=[ROLE_ADMIN]]]
2026-06-30 17:47:45.569 [http-nio-8080-exec-7] DEBUG o.s.security.web.FilterChainProxy - Secured GET /favicon.ico
2026-06-30 17:47:47.325 [http-nio-8080-exec-5] DEBUG o.s.security.web.FilterChainProxy - Securing GET /login
2026-06-30 17:47:47.326 [http-nio-8080-exec-5] DEBUG o.s.security.web.FilterChainProxy - Secured GET /login
2026-06-30 17:47:47.329 [http-nio-8080-exec-5] DEBUG o.s.s.w.c.HttpSessionSecurityContextRepository - Retrieved SecurityContextImpl [Authentication=UsernamePasswordAuthenticationToken [Principal=com.itsm.incidentmanagement.security.service.CustomUserDetails@483d32b7, Credentials=[PROTECTED], Authenticated=true, Details=WebAuthenticationDetails [RemoteIpAddress=127.0.0.1, SessionId=null], Granted Authorities=[ROLE_ADMIN]]]
2026-06-30 17:47:47.348 [http-nio-8080-exec-6] DEBUG o.s.security.web.FilterChainProxy - Securing GET /favicon.ico
2026-06-30 17:47:47.348 [http-nio-8080-exec-6] DEBUG o.s.s.w.c.HttpSessionSecurityContextRepository - Retrieved SecurityContextImpl [Authentication=UsernamePasswordAuthenticationToken [Principal=com.itsm.incidentmanagement.security.service.CustomUserDetails@483d32b7, Credentials=[PROTECTED], Authenticated=true, Details=WebAuthenticationDetails [RemoteIpAddress=127.0.0.1, SessionId=null], Granted Authorities=[ROLE_ADMIN]]]
2026-06-30 17:47:47.349 [http-nio-8080-exec-6] DEBUG o.s.security.web.FilterChainProxy - Secured GET /favicon.ico
2026-06-30 17:47:50.138 [http-nio-8080-exec-4] DEBUG o.s.security.web.FilterChainProxy - Securing POST /login
2026-06-30 17:47:50.139 [http-nio-8080-exec-4] DEBUG org.hibernate.SQL - 
    select
        u1_0.id,
        u1_0.created_at,
        u1_0.email,
        u1_0.nome,
        u1_0.password_hash,
        u1_0.role,
        u1_0.username 
    from
        utilizador u1_0 
    where
        u1_0.username=?
2026-06-30 17:47:50.210 [http-nio-8080-exec-4] DEBUG o.s.s.a.d.DaoAuthenticationProvider - Authenticated user
2026-06-30 17:47:50.210 [http-nio-8080-exec-4] DEBUG o.s.s.w.a.s.ChangeSessionIdAuthenticationStrategy - Changed session id from CA0180FEF72EE5F68A0A3295DF202BF3
2026-06-30 17:47:50.211 [http-nio-8080-exec-4] DEBUG o.s.s.w.c.HttpSessionSecurityContextRepository - Stored SecurityContextImpl [Authentication=UsernamePasswordAuthenticationToken [Principal=com.itsm.incidentmanagement.security.service.CustomUserDetails@617eced5, Credentials=[PROTECTED], Authenticated=true, Details=WebAuthenticationDetails [RemoteIpAddress=127.0.0.1, SessionId=CA0180FEF72EE5F68A0A3295DF202BF3], Granted Authorities=[ROLE_TECNICO]]] to HttpSession [org.apache.catalina.session.StandardSessionFacade@2de98]
2026-06-30 17:47:50.211 [http-nio-8080-exec-4] DEBUG o.s.s.w.a.UsernamePasswordAuthenticationFilter - Set SecurityContextHolder to UsernamePasswordAuthenticationToken [Principal=com.itsm.incidentmanagement.security.service.CustomUserDetails@617eced5, Credentials=[PROTECTED], Authenticated=true, Details=WebAuthenticationDetails [RemoteIpAddress=127.0.0.1, SessionId=CA0180FEF72EE5F68A0A3295DF202BF3], Granted Authorities=[ROLE_TECNICO]]
2026-06-30 17:47:50.214 [http-nio-8080-exec-8] DEBUG o.s.security.web.FilterChainProxy - Securing GET /tecnico/dashboard
2026-06-30 17:47:50.215 [http-nio-8080-exec-8] DEBUG o.s.s.w.c.HttpSessionSecurityContextRepository - Retrieved SecurityContextImpl [Authentication=UsernamePasswordAuthenticationToken [Principal=com.itsm.incidentmanagement.security.service.CustomUserDetails@617eced5, Credentials=[PROTECTED], Authenticated=true, Details=WebAuthenticationDetails [RemoteIpAddress=127.0.0.1, SessionId=CA0180FEF72EE5F68A0A3295DF202BF3], Granted Authorities=[ROLE_TECNICO]]]
2026-06-30 17:47:50.215 [http-nio-8080-exec-8] DEBUG o.s.security.web.FilterChainProxy - Secured GET /tecnico/dashboard
2026-06-30 17:47:50.217 [http-nio-8080-exec-8] DEBUG org.hibernate.SQL - 
    select
        u1_0.id,
        u1_0.created_at,
        u1_0.email,
        u1_0.nome,
        u1_0.password_hash,
        u1_0.role,
        u1_0.username 
    from
        utilizador u1_0 
    where
        u1_0.username=?
2026-06-30 17:47:50.220 [http-nio-8080-exec-8] DEBUG org.hibernate.SQL - 
    select
        t1_0.id,
        t1_0.carga_trabalho_atual,
        t1_0.disponibilidade,
        t1_0.utilizador_id 
    from
        tecnico t1_0 
    left join
        utilizador u1_0 
            on u1_0.id=t1_0.utilizador_id 
    where
        u1_0.id=?
2026-06-30 17:47:50.222 [http-nio-8080-exec-8] DEBUG org.hibernate.SQL - 
    select
        c1_0.tecnico_id,
        c1_1.id,
        c1_1.nome 
    from
        tecnico_competencia c1_0 
    join
        competencia c1_1 
            on c1_1.id=c1_0.competencia_id 
    where
        c1_0.tecnico_id=?
2026-06-30 17:47:50.225 [http-nio-8080-exec-8] DEBUG org.hibernate.SQL - 
    select
        t1_0.id,
        t1_0.aberto_por_id,
        t1_0.ativo_id,
        t1_0.data_abertura,
        t1_0.data_fecho,
        t1_0.descricao,
        t1_0.estado,
        t1_0.prioridade,
        t1_0.tecnico_id,
        t1_0.tipo,
        t1_0.titulo 
    from
        ticket t1_0 
    left join
        tecnico t2_0 
            on t2_0.id=t1_0.tecnico_id 
    where
        t2_0.id=?
2026-06-30 17:47:51.489 [http-nio-8080-exec-9] DEBUG o.s.security.web.FilterChainProxy - Securing GET /tecnico/tickets
2026-06-30 17:47:51.489 [http-nio-8080-exec-9] DEBUG o.s.s.w.c.HttpSessionSecurityContextRepository - Retrieved SecurityContextImpl [Authentication=UsernamePasswordAuthenticationToken [Principal=com.itsm.incidentmanagement.security.service.CustomUserDetails@617eced5, Credentials=[PROTECTED], Authenticated=true, Details=WebAuthenticationDetails [RemoteIpAddress=127.0.0.1, SessionId=CA0180FEF72EE5F68A0A3295DF202BF3], Granted Authorities=[ROLE_TECNICO]]]
2026-06-30 17:47:51.490 [http-nio-8080-exec-9] DEBUG o.s.security.web.FilterChainProxy - Secured GET /tecnico/tickets
2026-06-30 17:47:51.492 [http-nio-8080-exec-9] DEBUG org.hibernate.SQL - 
    select
        u1_0.id,
        u1_0.created_at,
        u1_0.email,
        u1_0.nome,
        u1_0.password_hash,
        u1_0.role,
        u1_0.username 
    from
        utilizador u1_0 
    where
        u1_0.username=?
2026-06-30 17:47:51.495 [http-nio-8080-exec-9] DEBUG org.hibernate.SQL - 
    select
        t1_0.id,
        t1_0.carga_trabalho_atual,
        t1_0.disponibilidade,
        t1_0.utilizador_id 
    from
        tecnico t1_0 
    left join
        utilizador u1_0 
            on u1_0.id=t1_0.utilizador_id 
    where
        u1_0.id=?
2026-06-30 17:47:51.497 [http-nio-8080-exec-9] DEBUG org.hibernate.SQL - 
    select
        c1_0.tecnico_id,
        c1_1.id,
        c1_1.nome 
    from
        tecnico_competencia c1_0 
    join
        competencia c1_1 
            on c1_1.id=c1_0.competencia_id 
    where
        c1_0.tecnico_id=?
2026-06-30 17:47:51.500 [http-nio-8080-exec-9] DEBUG org.hibernate.SQL - 
    select
        t1_0.id,
        t1_0.aberto_por_id,
        t1_0.ativo_id,
        t1_0.data_abertura,
        t1_0.data_fecho,
        t1_0.descricao,
        t1_0.estado,
        t1_0.prioridade,
        t1_0.tecnico_id,
        t1_0.tipo,
        t1_0.titulo 
    from
        ticket t1_0 
    left join
        tecnico t2_0 
            on t2_0.id=t1_0.tecnico_id 
    where
        t2_0.id=?
2026-06-30 17:47:51.524 [http-nio-8080-exec-10] DEBUG o.s.security.web.FilterChainProxy - Securing GET /favicon.ico
2026-06-30 17:47:51.525 [http-nio-8080-exec-10] DEBUG o.s.s.w.c.HttpSessionSecurityContextRepository - Retrieved SecurityContextImpl [Authentication=UsernamePasswordAuthenticationToken [Principal=com.itsm.incidentmanagement.security.service.CustomUserDetails@617eced5, Credentials=[PROTECTED], Authenticated=true, Details=WebAuthenticationDetails [RemoteIpAddress=127.0.0.1, SessionId=CA0180FEF72EE5F68A0A3295DF202BF3], Granted Authorities=[ROLE_TECNICO]]]
2026-06-30 17:47:51.525 [http-nio-8080-exec-10] DEBUG o.s.security.web.FilterChainProxy - Secured GET /favicon.ico
2026-06-30 22:18:36.577 [http-nio-8080-exec-3] DEBUG o.s.security.web.FilterChainProxy - Securing GET /tecnico/dashboard
2026-06-30 22:18:36.579 [http-nio-8080-exec-3] DEBUG o.s.s.w.a.AnonymousAuthenticationFilter - Set SecurityContextHolder to anonymous SecurityContext
2026-06-30 22:18:36.579 [http-nio-8080-exec-3] DEBUG o.s.s.w.s.SessionManagementFilter - Request requested invalid session id D592C8521C7848EC6405AE6BF2819D12
2026-06-30 22:18:36.582 [http-nio-8080-exec-3] DEBUG o.s.s.w.s.HttpSessionRequestCache - Saved request http://localhost:8080/tecnico/dashboard?continue to session
2026-06-30 22:18:36.582 [http-nio-8080-exec-3] DEBUG o.s.s.web.DefaultRedirectStrategy - Redirecting to http://localhost:8080/login
2026-06-30 22:18:36.597 [http-nio-8080-exec-7] DEBUG o.s.security.web.FilterChainProxy - Securing GET /login
2026-06-30 22:18:36.599 [http-nio-8080-exec-7] DEBUG o.s.s.w.a.AnonymousAuthenticationFilter - Set SecurityContextHolder to anonymous SecurityContext
2026-06-30 22:18:36.600 [http-nio-8080-exec-7] DEBUG o.s.security.web.FilterChainProxy - Secured GET /login
2026-06-30 22:18:36.699 [http-nio-8080-exec-5] DEBUG o.s.security.web.FilterChainProxy - Securing GET /favicon.ico
2026-06-30 22:18:36.700 [http-nio-8080-exec-5] DEBUG o.s.s.w.a.AnonymousAuthenticationFilter - Set SecurityContextHolder to anonymous SecurityContext
2026-06-30 22:18:36.702 [http-nio-8080-exec-5] DEBUG o.s.s.web.DefaultRedirectStrategy - Redirecting to http://localhost:8080/login
2026-06-30 22:18:40.161 [http-nio-8080-exec-6] DEBUG o.s.security.web.FilterChainProxy - Securing POST /login
2026-06-30 22:18:40.163 [http-nio-8080-exec-6] DEBUG org.hibernate.SQL - 
    select
        u1_0.id,
        u1_0.created_at,
        u1_0.email,
        u1_0.nome,
        u1_0.password_hash,
        u1_0.role,
        u1_0.username 
    from
        utilizador u1_0 
    where
        u1_0.username=?
2026-06-30 22:18:40.241 [http-nio-8080-exec-6] DEBUG o.s.s.a.d.DaoAuthenticationProvider - Authenticated user
2026-06-30 22:18:40.242 [http-nio-8080-exec-6] DEBUG o.s.s.w.a.s.ChangeSessionIdAuthenticationStrategy - Changed session id from 03BFD87CFF5021FFF72BDAF8D2E5B688
2026-06-30 22:18:40.242 [http-nio-8080-exec-6] DEBUG o.s.s.w.c.HttpSessionSecurityContextRepository - Stored SecurityContextImpl [Authentication=UsernamePasswordAuthenticationToken [Principal=com.itsm.incidentmanagement.security.service.CustomUserDetails@6dc2c415, Credentials=[PROTECTED], Authenticated=true, Details=WebAuthenticationDetails [RemoteIpAddress=127.0.0.1, SessionId=03BFD87CFF5021FFF72BDAF8D2E5B688], Granted Authorities=[ROLE_TECNICO]]] to HttpSession [org.apache.catalina.session.StandardSessionFacade@399582ba]
2026-06-30 22:18:40.242 [http-nio-8080-exec-6] DEBUG o.s.s.w.a.UsernamePasswordAuthenticationFilter - Set SecurityContextHolder to UsernamePasswordAuthenticationToken [Principal=com.itsm.incidentmanagement.security.service.CustomUserDetails@6dc2c415, Credentials=[PROTECTED], Authenticated=true, Details=WebAuthenticationDetails [RemoteIpAddress=127.0.0.1, SessionId=03BFD87CFF5021FFF72BDAF8D2E5B688], Granted Authorities=[ROLE_TECNICO]]
2026-06-30 22:18:40.247 [http-nio-8080-exec-4] DEBUG o.s.security.web.FilterChainProxy - Securing GET /tecnico/dashboard
2026-06-30 22:18:40.247 [http-nio-8080-exec-4] DEBUG o.s.s.w.c.HttpSessionSecurityContextRepository - Retrieved SecurityContextImpl [Authentication=UsernamePasswordAuthenticationToken [Principal=com.itsm.incidentmanagement.security.service.CustomUserDetails@6dc2c415, Credentials=[PROTECTED], Authenticated=true, Details=WebAuthenticationDetails [RemoteIpAddress=127.0.0.1, SessionId=03BFD87CFF5021FFF72BDAF8D2E5B688], Granted Authorities=[ROLE_TECNICO]]]
2026-06-30 22:18:40.248 [http-nio-8080-exec-4] DEBUG o.s.security.web.FilterChainProxy - Secured GET /tecnico/dashboard
2026-06-30 22:18:40.249 [http-nio-8080-exec-4] DEBUG org.hibernate.SQL - 
    select
        u1_0.id,
        u1_0.created_at,
        u1_0.email,
        u1_0.nome,
        u1_0.password_hash,
        u1_0.role,
        u1_0.username 
    from
        utilizador u1_0 
    where
        u1_0.username=?
2026-06-30 22:18:40.252 [http-nio-8080-exec-4] DEBUG org.hibernate.SQL - 
    select
        t1_0.id,
        t1_0.carga_trabalho_atual,
        t1_0.disponibilidade,
        t1_0.utilizador_id 
    from
        tecnico t1_0 
    left join
        utilizador u1_0 
            on u1_0.id=t1_0.utilizador_id 
    where
        u1_0.id=?
2026-06-30 22:18:40.255 [http-nio-8080-exec-4] DEBUG org.hibernate.SQL - 
    select
        c1_0.tecnico_id,
        c1_1.id,
        c1_1.nome 
    from
        tecnico_competencia c1_0 
    join
        competencia c1_1 
            on c1_1.id=c1_0.competencia_id 
    where
        c1_0.tecnico_id=?
2026-06-30 22:18:40.261 [http-nio-8080-exec-4] DEBUG org.hibernate.SQL - 
    select
        t1_0.id,
        t1_0.aberto_por_id,
        t1_0.ativo_id,
        t1_0.data_abertura,
        t1_0.data_fecho,
        t1_0.descricao,
        t1_0.estado,
        t1_0.prioridade,
        t1_0.tecnico_id,
        t1_0.tipo,
        t1_0.titulo 
    from
        ticket t1_0 
    left join
        tecnico t2_0 
            on t2_0.id=t1_0.tecnico_id 
    where
        t2_0.id=?
2026-06-30 22:18:40.308 [http-nio-8080-exec-8] DEBUG o.s.security.web.FilterChainProxy - Securing GET /login
2026-06-30 22:18:40.309 [http-nio-8080-exec-8] DEBUG o.s.security.web.FilterChainProxy - Secured GET /login
2026-06-30 22:18:40.313 [http-nio-8080-exec-8] DEBUG o.s.s.w.c.HttpSessionSecurityContextRepository - Retrieved SecurityContextImpl [Authentication=UsernamePasswordAuthenticationToken [Principal=com.itsm.incidentmanagement.security.service.CustomUserDetails@6dc2c415, Credentials=[PROTECTED], Authenticated=true, Details=WebAuthenticationDetails [RemoteIpAddress=127.0.0.1, SessionId=03BFD87CFF5021FFF72BDAF8D2E5B688], Granted Authorities=[ROLE_TECNICO]]]
2026-06-30 22:18:43.286 [http-nio-8080-exec-9] DEBUG o.s.security.web.FilterChainProxy - Securing GET /tecnico/tickets
2026-06-30 22:18:43.287 [http-nio-8080-exec-9] DEBUG o.s.s.w.c.HttpSessionSecurityContextRepository - Retrieved SecurityContextImpl [Authentication=UsernamePasswordAuthenticationToken [Principal=com.itsm.incidentmanagement.security.service.CustomUserDetails@6dc2c415, Credentials=[PROTECTED], Authenticated=true, Details=WebAuthenticationDetails [RemoteIpAddress=127.0.0.1, SessionId=03BFD87CFF5021FFF72BDAF8D2E5B688], Granted Authorities=[ROLE_TECNICO]]]
2026-06-30 22:18:43.288 [http-nio-8080-exec-9] DEBUG o.s.security.web.FilterChainProxy - Secured GET /tecnico/tickets
2026-06-30 22:18:43.290 [http-nio-8080-exec-9] DEBUG org.hibernate.SQL - 
    select
        u1_0.id,
        u1_0.created_at,
        u1_0.email,
        u1_0.nome,
        u1_0.password_hash,
        u1_0.role,
        u1_0.username 
    from
        utilizador u1_0 
    where
        u1_0.username=?
2026-06-30 22:18:43.293 [http-nio-8080-exec-9] DEBUG org.hibernate.SQL - 
    select
        t1_0.id,
        t1_0.carga_trabalho_atual,
        t1_0.disponibilidade,
        t1_0.utilizador_id 
    from
        tecnico t1_0 
    left join
        utilizador u1_0 
            on u1_0.id=t1_0.utilizador_id 
    where
        u1_0.id=?
2026-06-30 22:18:43.295 [http-nio-8080-exec-9] DEBUG org.hibernate.SQL - 
    select
        c1_0.tecnico_id,
        c1_1.id,
        c1_1.nome 
    from
        tecnico_competencia c1_0 
    join
        competencia c1_1 
            on c1_1.id=c1_0.competencia_id 
    where
        c1_0.tecnico_id=?
2026-06-30 22:18:43.298 [http-nio-8080-exec-9] DEBUG org.hibernate.SQL - 
    select
        t1_0.id,
        t1_0.aberto_por_id,
        t1_0.ativo_id,
        t1_0.data_abertura,
        t1_0.data_fecho,
        t1_0.descricao,
        t1_0.estado,
        t1_0.prioridade,
        t1_0.tecnico_id,
        t1_0.tipo,
        t1_0.titulo 
    from
        ticket t1_0 
    left join
        tecnico t2_0 
            on t2_0.id=t1_0.tecnico_id 
    where
        t2_0.id=?
2026-06-30 22:18:43.340 [http-nio-8080-exec-10] DEBUG o.s.security.web.FilterChainProxy - Securing GET /favicon.ico
2026-06-30 22:18:43.340 [http-nio-8080-exec-10] DEBUG o.s.s.w.c.HttpSessionSecurityContextRepository - Retrieved SecurityContextImpl [Authentication=UsernamePasswordAuthenticationToken [Principal=com.itsm.incidentmanagement.security.service.CustomUserDetails@6dc2c415, Credentials=[PROTECTED], Authenticated=true, Details=WebAuthenticationDetails [RemoteIpAddress=127.0.0.1, SessionId=03BFD87CFF5021FFF72BDAF8D2E5B688], Granted Authorities=[ROLE_TECNICO]]]
2026-06-30 22:18:43.341 [http-nio-8080-exec-10] DEBUG o.s.security.web.FilterChainProxy - Secured GET /favicon.ico
